-- The C compiler identification is AppleClang 17.0.0.17000013
-- The CXX compiler identification is AppleClang 17.0.0.17000013
-- Detecting C compiler ABI info
-- Detecting C compiler ABI info - done
-- Check for working C compiler: /Applications/Xcode_16.4.app/Contents/Developer/Toolchains/XcodeDefault.xctoolchain/usr/bin/clang - skipped
-- Detecting C compile features
-- Detecting C compile features - done
-- Detecting CXX compiler ABI info
-- Detecting CXX compiler ABI info - done
-- Check for working CXX compiler: /Applications/Xcode_16.4.app/Contents/Developer/Toolchains/XcodeDefault.xctoolchain/usr/bin/clang++ - skipped
-- Detecting CXX compile features
-- Detecting CXX compile features - done
-- Configuring juceaide
-- Building juceaide
-- Exporting juceaide
-- Testing juceaide
-- Finished setting up juceaide
-- Signalsmith Linear: using Accelerate
-- Configuring done (51.5s)
-- Generating done (0.1s)
-- Build files have been written to: /Users/runner/work/Pitch-Curve/Pitch-Curve/build
Command line invocation:
    /Applications/Xcode_16.4.app/Contents/Developer/usr/bin/xcodebuild -project Contour.xcodeproj build -configuration Release -parallelizeTargets -jobs 2 -hideShellScriptEnvironment -target ALL_BUILD

Build Preparation
Build task concurrency set to 2 via user default IDEBuildOperationMaxNumberOfConcurrentCompileTasks

ComputePackagePrebuildTargetDependencyGraph

CreateBuildRequest

SendProjectDescription

CreateBuildOperation

ComputeTargetDependencyGraph
note: Building targets in dependency order
note: Target dependency graph (9 targets)
    Target 'ALL_BUILD' in project 'Contour'
        ➜ Explicit dependency on target 'Contour_Standalone' in project 'Contour'
        ➜ Explicit dependency on target 'Contour' in project 'Contour'
        ➜ Explicit dependency on target 'Contour_AU' in project 'Contour'
        ➜ Explicit dependency on target 'Contour_VST3' in project 'Contour'
        ➜ Explicit dependency on target 'Contour_vst3_helper' in project 'Contour'
        ➜ Explicit dependency on target 'ContourTests' in project 'Contour'
        ➜ Explicit dependency on target 'ContourProcessorTests' in project 'Contour'
        ➜ Explicit dependency on target 'ZERO_CHECK' in project 'Contour'
    Target 'ContourProcessorTests' in project 'Contour'
        ➜ Explicit dependency on target 'ZERO_CHECK' in project 'Contour'
    Target 'ContourTests' in project 'Contour'
        ➜ Explicit dependency on target 'ZERO_CHECK' in project 'Contour'
    Target 'Contour_VST3' in project 'Contour'
        ➜ Explicit dependency on target 'Contour' in project 'Contour'
        ➜ Explicit dependency on target 'Contour_vst3_helper' in project 'Contour'
        ➜ Explicit dependency on target 'ZERO_CHECK' in project 'Contour'
    Target 'Contour_vst3_helper' in project 'Contour'
        ➜ Explicit dependency on target 'ZERO_CHECK' in project 'Contour'
    Target 'Contour_AU' in project 'Contour'
        ➜ Explicit dependency on target 'Contour' in project 'Contour'
        ➜ Explicit dependency on target 'ZERO_CHECK' in project 'Contour'
    Target 'Contour_Standalone' in project 'Contour'
        ➜ Explicit dependency on target 'Contour' in project 'Contour'
        ➜ Explicit dependency on target 'ZERO_CHECK' in project 'Contour'
    Target 'Contour' in project 'Contour'
        ➜ Explicit dependency on target 'ZERO_CHECK' in project 'Contour'
    Target 'ZERO_CHECK' in project 'Contour' (no dependencies)

GatherProvisioningInputs

CreateBuildDescription

ExecuteExternalTool /Applications/Xcode_16.4.app/Contents/Developer/Toolchains/XcodeDefault.xctoolchain/usr/bin/clang -v -E -dM -arch arm64 -isysroot /Applications/Xcode_16.4.app/Contents/Developer/Platforms/MacOSX.platform/Developer/SDKs/MacOSX15.5.sdk -x c++ -c /dev/null

ExecuteExternalTool /Applications/Xcode_16.4.app/Contents/Developer/Toolchains/XcodeDefault.xctoolchain/usr/bin/clang -v -E -dM -arch arm64 -isysroot /Applications/Xcode_16.4.app/Contents/Developer/Platforms/MacOSX.platform/Developer/SDKs/MacOSX15.5.sdk -x objective-c++ -c /dev/null

ExecuteExternalTool /Applications/Xcode_16.4.app/Contents/Developer/Toolchains/XcodeDefault.xctoolchain/usr/bin/clang -v -E -dM -isysroot /Applications/Xcode_16.4.app/Contents/Developer/Platforms/MacOSX.platform/Developer/SDKs/MacOSX15.5.sdk -x c -c /dev/null

ExecuteExternalTool /Applications/Xcode_16.4.app/Contents/Developer/Toolchains/XcodeDefault.xctoolchain/usr/bin/ld -version_details

ExecuteExternalTool /Applications/Xcode_16.4.app/Contents/Developer/Toolchains/XcodeDefault.xctoolchain/usr/bin/clang -v -E -dM -arch arm64 -isysroot /Applications/Xcode_16.4.app/Contents/Developer/Platforms/MacOSX.platform/Developer/SDKs/MacOSX15.5.sdk -x c -c /dev/null

ExecuteExternalTool /Applications/Xcode_16.4.app/Contents/Developer/Toolchains/XcodeDefault.xctoolchain/usr/bin/clang -v -E -dM -arch x86_64 -isysroot /Applications/Xcode_16.4.app/Contents/Developer/Platforms/MacOSX.platform/Developer/SDKs/MacOSX15.5.sdk -x c++ -c /dev/null

ExecuteExternalTool /Applications/Xcode_16.4.app/Contents/Developer/Toolchains/XcodeDefault.xctoolchain/usr/bin/clang -v -E -dM -arch x86_64 -isysroot /Applications/Xcode_16.4.app/Contents/Developer/Platforms/MacOSX.platform/Developer/SDKs/MacOSX15.5.sdk -x objective-c++ -c /dev/null

ExecuteExternalTool /Applications/Xcode_16.4.app/Contents/Developer/Toolchains/XcodeDefault.xctoolchain/usr/bin/libtool -V

ExecuteExternalTool /Applications/Xcode_16.4.app/Contents/Developer/Toolchains/XcodeDefault.xctoolchain/usr/bin/clang -v -E -dM -arch x86_64 -isysroot /Applications/Xcode_16.4.app/Contents/Developer/Platforms/MacOSX.platform/Developer/SDKs/MacOSX15.5.sdk -x c -c /dev/null

Build description signature: 2a22237a1acdc8088fdc1a8901e671a0
Build description path: /Users/runner/work/Pitch-Curve/Pitch-Curve/build/build/XCBuildData/2a22237a1acdc8088fdc1a8901e671a0.xcbuilddata
CreateBuildDirectory /Users/runner/work/Pitch-Curve/Pitch-Curve/build/Release
    cd /Users/runner/work/Pitch-Curve/Pitch-Curve/build/Contour.xcodeproj
    builtin-create-build-directory /Users/runner/work/Pitch-Curve/Pitch-Curve/build/Release

CreateBuildDirectory /Users/runner/work/Pitch-Curve/Pitch-Curve/build/build
    cd /Users/runner/work/Pitch-Curve/Pitch-Curve/build/Contour.xcodeproj
    builtin-create-build-directory /Users/runner/work/Pitch-Curve/Pitch-Curve/build/build

CreateBuildDirectory /Users/runner/work/Pitch-Curve/Pitch-Curve/build/Contour_artefacts/Release
    cd /Users/runner/work/Pitch-Curve/Pitch-Curve/build/Contour.xcodeproj
    builtin-create-build-directory /Users/runner/work/Pitch-Curve/Pitch-Curve/build/Contour_artefacts/Release

CreateBuildDirectory /Users/runner/work/Pitch-Curve/Pitch-Curve/build/ContourTests_artefacts/Release
    cd /Users/runner/work/Pitch-Curve/Pitch-Curve/build/Contour.xcodeproj
    builtin-create-build-directory /Users/runner/work/Pitch-Curve/Pitch-Curve/build/ContourTests_artefacts/Release

CreateBuildDirectory /Users/runner/work/Pitch-Curve/Pitch-Curve/build/build/Release
    cd /Users/runner/work/Pitch-Curve/Pitch-Curve/build/Contour.xcodeproj
    builtin-create-build-directory /Users/runner/work/Pitch-Curve/Pitch-Curve/build/build/Release

CreateBuildDirectory /Users/runner/work/Pitch-Curve/Pitch-Curve/build/build/EagerLinkingTBDs/Release
    cd /Users/runner/work/Pitch-Curve/Pitch-Curve/build/Contour.xcodeproj
    builtin-create-build-directory /Users/runner/work/Pitch-Curve/Pitch-Curve/build/build/EagerLinkingTBDs/Release

CreateBuildDirectory /Users/runner/work/Pitch-Curve/Pitch-Curve/build/Contour_artefacts/Release/VST3
    cd /Users/runner/work/Pitch-Curve/Pitch-Curve/build/Contour.xcodeproj
    builtin-create-build-directory /Users/runner/work/Pitch-Curve/Pitch-Curve/build/Contour_artefacts/Release/VST3

CreateBuildDirectory /Users/runner/work/Pitch-Curve/Pitch-Curve/build/Contour_artefacts/Release/Standalone
    cd /Users/runner/work/Pitch-Curve/Pitch-Curve/build/Contour.xcodeproj
    builtin-create-build-directory /Users/runner/work/Pitch-Curve/Pitch-Curve/build/Contour_artefacts/Release/Standalone

CreateBuildDirectory /Users/runner/work/Pitch-Curve/Pitch-Curve/build/Contour_artefacts/Release/AU
    cd /Users/runner/work/Pitch-Curve/Pitch-Curve/build/Contour.xcodeproj
    builtin-create-build-directory /Users/runner/work/Pitch-Curve/Pitch-Curve/build/Contour_artefacts/Release/AU

CreateBuildDirectory /Users/runner/work/Pitch-Curve/Pitch-Curve/build/ContourProcessorTests_artefacts/Release
    cd /Users/runner/work/Pitch-Curve/Pitch-Curve/build/Contour.xcodeproj
    builtin-create-build-directory /Users/runner/work/Pitch-Curve/Pitch-Curve/build/ContourProcessorTests_artefacts/Release

ClangStatCache /Applications/Xcode_16.4.app/Contents/Developer/Toolchains/XcodeDefault.xctoolchain/usr/bin/clang-stat-cache /Applications/Xcode_16.4.app/Contents/Developer/Platforms/MacOSX.platform/Developer/SDKs/MacOSX15.5.sdk /var/folders/nj/vtw8zd2j31d1gdrtntc5y4600000gn/C/com.apple.DeveloperTools/16.4-16F6/Xcode/SDKStatCaches.noindex/macosx15.5-24F74-a403186ba963133a54a0e0cacd566b0b.sdkstatcache
    cd /Users/runner/work/Pitch-Curve/Pitch-Curve/build/Contour.xcodeproj
    /Applications/Xcode_16.4.app/Contents/Developer/Toolchains/XcodeDefault.xctoolchain/usr/bin/clang-stat-cache /Applications/Xcode_16.4.app/Contents/Developer/Platforms/MacOSX.platform/Developer/SDKs/MacOSX15.5.sdk -o /var/folders/nj/vtw8zd2j31d1gdrtntc5y4600000gn/C/com.apple.DeveloperTools/16.4-16F6/Xcode/SDKStatCaches.noindex/macosx15.5-24F74-a403186ba963133a54a0e0cacd566b0b.sdkstatcache

WriteAuxiliaryFile /Users/runner/work/Pitch-Curve/Pitch-Curve/build/build/Contour.build/Release/ZERO_CHECK.build/Script-02EF88EB778F96E635E94ECD.sh (in target 'ZERO_CHECK' from project 'Contour')
    cd /Users/runner/work/Pitch-Curve/Pitch-Curve
    write-file /Users/runner/work/Pitch-Curve/Pitch-Curve/build/build/Contour.build/Release/ZERO_CHECK.build/Script-02EF88EB778F96E635E94ECD.sh

WriteAuxiliaryFile /Users/runner/work/Pitch-Curve/Pitch-Curve/build/build/Contour_vst3_helper.build/Release/Objects-normal/x86_64/af3fcb34312c57c0f52879cdce924b91-common-args.resp (in target 'Contour_vst3_helper' from project 'Contour')
    cd /Users/runner/work/Pitch-Curve/Pitch-Curve
    write-file /Users/runner/work/Pitch-Curve/Pitch-Curve/build/build/Contour_vst3_helper.build/Release/Objects-normal/x86_64/af3fcb34312c57c0f52879cdce924b91-common-args.resp
-target x86_64-apple-macos15.5 -fpascal-strings -O3 '-DCMAKE_INTDIR="Release"' '-DJucePlugin_Build_AU=1' '-DJucePlugin_Build_AUv3=0' '-DJucePlugin_Build_AAX=0' '-DJucePlugin_Build_LV2=0' '-DJucePlugin_Build_Standalone=1' '-DJucePlugin_Build_Unity=0' '-DJucePlugin_Build_VST=0' '-DJucePlugin_Build_VST3=1' '-DJUCE_SHARED_CODE=1' '-DJUCE_STANDALONE_APPLICATION=JucePlugin_Build_Standalone' '-DJucePlugin_IsSynth=0' '-DJucePlugin_ManufacturerCode=0x436e7472' '-DJucePlugin_Manufacturer="Circus Audio"' '-DJucePlugin_ManufacturerWebsite=""' '-DJucePlugin_ManufacturerEmail=""' '-DJucePlugin_PluginCode=0x43743031' '-DJucePlugin_ProducesMidiOutput=0' '-DJucePlugin_IsMidiEffect=0' '-DJucePlugin_WantsMidiInput=0' '-DJucePlugin_EditorRequiresKeyboardFocus=0' '-DJucePlugin_Name="Pitch Curve"' '-DJucePlugin_Desc="Pitch Curve"' '-DJucePlugin_Version=0.8' '-DJucePlugin_VersionString="0.8"' '-DJucePlugin_VersionCode=0x800' '-DJucePlugin_VSTUniqueID=JucePlugin_PluginCode' '-DJucePlugin_VSTCategory=kPlugCategEffect' '-DJucePlugin_Vst3Category="Fx|Pitch Shift"' '-DJucePlugin_AUMainType='\'aufx\' '-DJucePlugin_AUSubType=JucePlugin_PluginCode' '-DJucePlugin_AUExportPrefix=Pitch_CurveAU' '-DJucePlugin_AUExportPrefixQuoted="Pitch_CurveAU"' '-DJucePlugin_AUManufacturerCode=JucePlugin_ManufacturerCode' '-DJucePlugin_CFBundleIdentifier=audio.circus.pitchcurve' '-DJucePlugin_AAXIdentifier=audio.circus.pitchcurve' '-DJucePlugin_AAXManufacturerCode=JucePlugin_ManufacturerCode' '-DJucePlugin_AAXProductId=JucePlugin_PluginCode' '-DJucePlugin_AAXCategory=0' '-DJucePlugin_AAXDisableBypass=0' '-DJucePlugin_AAXDisableMultiMono=0' '-DJucePlugin_VSTNumMidiInputs=16' '-DJucePlugin_VSTNumMidiOutputs=16' '-DJucePlugin_Enable_ARA=0' '-DJucePlugin_ARAFactoryID="audio.circus.pitchcurve.arafactory.0.8"' '-DJucePlugin_ARADocumentArchiveID="audio.circus.pitchcurve.aradocumentarchive.1"' '-DJucePlugin_ARACompatibleArchiveIDs=""' '-DJucePlugin_ARAContentTypes=0' '-DJucePlugin_ARATransformationFlags=0' '-DJUCE_WEB_BROWSER=0' '-DJUCE_USE_CURL=0' '-DJUCE_VST3_CAN_REPLACE_VST2=0' '-DJUCE_DISPLAY_SPLASH_SCREEN=0' '-DJUCE_MODULE_AVAILABLE_juce_audio_plugin_client=1' '-DJUCE_MODULE_AVAILABLE_juce_audio_processors=1' '-DJUCE_MODULE_AVAILABLE_juce_gui_extra=1' '-DJUCE_MODULE_AVAILABLE_juce_gui_basics=1' '-DJUCE_MODULE_AVAILABLE_juce_graphics=1' '-DJUCE_MODULE_AVAILABLE_juce_events=1' '-DJUCE_GLOBAL_MODULE_SETTINGS_INCLUDED=1' '-DNDEBUG=1' '-D_NDEBUG=1' '-DJUCE_MODULE_AVAILABLE_juce_core=1' '-DJUCE_MODULE_AVAILABLE_juce_data_structures=1' '-DJUCE_MODULE_AVAILABLE_juce_audio_basics=1' '-DJUCE_MODULE_AVAILABLE_juce_audio_utils=1' '-DJUCE_MODULE_AVAILABLE_juce_audio_formats=1' '-DJUCE_MODULE_AVAILABLE_juce_audio_devices=1' '-DJUCE_MODULE_AVAILABLE_juce_dsp=1' -DSIGNALSMITH_USE_ACCELERATE -DACCELERATE_NEW_LAPACK '-DOBJC_OLD_DISPATCH_PROTOTYPES=1' -isysroot /Applications/Xcode_16.4.app/Contents/Developer/Platforms/MacOSX.platform/Developer/SDKs/MacOSX15.5.sdk -fasm-blocks -I/Users/runner/work/Pitch-Curve/Pitch-Curve/build/Release/include -I/Users/runner/work/Pitch-Curve/Pitch-Curve/build/_deps/juce-src/modules/juce_audio_processors/format_types/VST3_SDK -I/Users/runner/work/Pitch-Curve/Pitch-Curve/build/_deps/juce-src/modules -I/Users/runner/work/Pitch-Curve/Pitch-Curve/build/Contour_artefacts/JuceLibraryCode -I/Users/runner/work/Pitch-Curve/Pitch-Curve/build/_deps/juce-src/modules/juce_audio_processors/format_types/LV2_SDK -I/Users/runner/work/Pitch-Curve/Pitch-Curve/build/_deps/juce-src/modules/juce_audio_processors/format_types/LV2_SDK/lv2 -I/Users/runner/work/Pitch-Curve/Pitch-Curve/build/_deps/juce-src/modules/juce_audio_processors/format_types/LV2_SDK/serd -I/Users/runner/work/Pitch-Curve/Pitch-Curve/build/_deps/juce-src/modules/juce_audio_processors/format_types/LV2_SDK/sord -I/Users/runner/work/Pitch-Curve/Pitch-Curve/build/_deps/juce-src/modules/juce_audio_processors/format_types/LV2_SDK/sord/src -I/Users/runner/work/Pitch-Curve/Pitch-Curve/build/_deps/juce-src/modules/juce_audio_processors/format_types/LV2_SDK/sratom -I/Users/runner/work/Pitch-Curve/Pitch-Curve/build/_deps/juce-src/modules/juce_audio_processors/format_types/LV2_SDK/lilv -I/Users/runner/work/Pitch-Curve/Pitch-Curve/build/_deps/juce-src/modules/juce_audio_processors/format_types/LV2_SDK/lilv/src -I/Users/runner/work/Pitch-Curve/Pitch-Curve/build/_deps/signalsmith_stretch-src/include -I/Users/runner/work/Pitch-Curve/Pitch-Curve/build/_deps/signalsmith-linear-src/include -I/Users/runner/work/Pitch-Curve/Pitch-Curve/build/build/Contour_vst3_helper.build/Release/DerivedSources-normal/x86_64 -I/Users/runner/work/Pitch-Curve/Pitch-Curve/build/build/Contour_vst3_helper.build/Release/DerivedSources/x86_64 -I/Users/runner/work/Pitch-Curve/Pitch-Curve/build/build/Contour_vst3_helper.build/Release/DerivedSources -F/Users/runner/work/Pitch-Curve/Pitch-Curve/build/Release -F/Applications/Xcode_16.4.app/Contents/Developer/Platforms/MacOSX.platform/Developer/SDKs/MacOSX15.5.sdk/System/Library/Frameworks -DNDEBUG '-std=gnu++17' -fPIE

WriteAuxiliaryFile /Users/runner/work/Pitch-Curve/Pitch-Curve/build/build/Contour_vst3_helper.build/Release/Objects-normal/x86_64/Contour_vst3_helper.LinkFileList (in target 'Contour_vst3_helper' from project 'Contour')
    cd /Users/runner/work/Pitch-Curve/Pitch-Curve
    write-file /Users/runner/work/Pitch-Curve/Pitch-Curve/build/build/Contour_vst3_helper.build/Release/Objects-normal/x86_64/Contour_vst3_helper.LinkFileList

WriteAuxiliaryFile /Users/runner/work/Pitch-Curve/Pitch-Curve/build/build/Contour_vst3_helper.build/Release/Objects-normal/arm64/af3fcb34312c57c0f52879cdce924b91-common-args.resp (in target 'Contour_vst3_helper' from project 'Contour')
    cd /Users/runner/work/Pitch-Curve/Pitch-Curve
    write-file /Users/runner/work/Pitch-Curve/Pitch-Curve/build/build/Contour_vst3_helper.build/Release/Objects-normal/arm64/af3fcb34312c57c0f52879cdce924b91-common-args.resp
-target arm64-apple-macos15.5 -fpascal-strings -O3 '-DCMAKE_INTDIR="Release"' '-DJucePlugin_Build_AU=1' '-DJucePlugin_Build_AUv3=0' '-DJucePlugin_Build_AAX=0' '-DJucePlugin_Build_LV2=0' '-DJucePlugin_Build_Standalone=1' '-DJucePlugin_Build_Unity=0' '-DJucePlugin_Build_VST=0' '-DJucePlugin_Build_VST3=1' '-DJUCE_SHARED_CODE=1' '-DJUCE_STANDALONE_APPLICATION=JucePlugin_Build_Standalone' '-DJucePlugin_IsSynth=0' '-DJucePlugin_ManufacturerCode=0x436e7472' '-DJucePlugin_Manufacturer="Circus Audio"' '-DJucePlugin_ManufacturerWebsite=""' '-DJucePlugin_ManufacturerEmail=""' '-DJucePlugin_PluginCode=0x43743031' '-DJucePlugin_ProducesMidiOutput=0' '-DJucePlugin_IsMidiEffect=0' '-DJucePlugin_WantsMidiInput=0' '-DJucePlugin_EditorRequiresKeyboardFocus=0' '-DJucePlugin_Name="Pitch Curve"' '-DJucePlugin_Desc="Pitch Curve"' '-DJucePlugin_Version=0.8' '-DJucePlugin_VersionString="0.8"' '-DJucePlugin_VersionCode=0x800' '-DJucePlugin_VSTUniqueID=JucePlugin_PluginCode' '-DJucePlugin_VSTCategory=kPlugCategEffect' '-DJucePlugin_Vst3Category="Fx|Pitch Shift"' '-DJucePlugin_AUMainType='\'aufx\' '-DJucePlugin_AUSubType=JucePlugin_PluginCode' '-DJucePlugin_AUExportPrefix=Pitch_CurveAU' '-DJucePlugin_AUExportPrefixQuoted="Pitch_CurveAU"' '-DJucePlugin_AUManufacturerCode=JucePlugin_ManufacturerCode' '-DJucePlugin_CFBundleIdentifier=audio.circus.pitchcurve' '-DJucePlugin_AAXIdentifier=audio.circus.pitchcurve' '-DJucePlugin_AAXManufacturerCode=JucePlugin_ManufacturerCode' '-DJucePlugin_AAXProductId=JucePlugin_PluginCode' '-DJucePlugin_AAXCategory=0' '-DJucePlugin_AAXDisableBypass=0' '-DJucePlugin_AAXDisableMultiMono=0' '-DJucePlugin_VSTNumMidiInputs=16' '-DJucePlugin_VSTNumMidiOutputs=16' '-DJucePlugin_Enable_ARA=0' '-DJucePlugin_ARAFactoryID="audio.circus.pitchcurve.arafactory.0.8"' '-DJucePlugin_ARADocumentArchiveID="audio.circus.pitchcurve.aradocumentarchive.1"' '-DJucePlugin_ARACompatibleArchiveIDs=""' '-DJucePlugin_ARAContentTypes=0' '-DJucePlugin_ARATransformationFlags=0' '-DJUCE_WEB_BROWSER=0' '-DJUCE_USE_CURL=0' '-DJUCE_VST3_CAN_REPLACE_VST2=0' '-DJUCE_DISPLAY_SPLASH_SCREEN=0' '-DJUCE_MODULE_AVAILABLE_juce_audio_plugin_client=1' '-DJUCE_MODULE_AVAILABLE_juce_audio_processors=1' '-DJUCE_MODULE_AVAILABLE_juce_gui_extra=1' '-DJUCE_MODULE_AVAILABLE_juce_gui_basics=1' '-DJUCE_MODULE_AVAILABLE_juce_graphics=1' '-DJUCE_MODULE_AVAILABLE_juce_events=1' '-DJUCE_GLOBAL_MODULE_SETTINGS_INCLUDED=1' '-DNDEBUG=1' '-D_NDEBUG=1' '-DJUCE_MODULE_AVAILABLE_juce_core=1' '-DJUCE_MODULE_AVAILABLE_juce_data_structures=1' '-DJUCE_MODULE_AVAILABLE_juce_audio_basics=1' '-DJUCE_MODULE_AVAILABLE_juce_audio_utils=1' '-DJUCE_MODULE_AVAILABLE_juce_audio_formats=1' '-DJUCE_MODULE_AVAILABLE_juce_audio_devices=1' '-DJUCE_MODULE_AVAILABLE_juce_dsp=1' -DSIGNALSMITH_USE_ACCELERATE -DACCELERATE_NEW_LAPACK '-DOBJC_OLD_DISPATCH_PROTOTYPES=1' -isysroot /Applications/Xcode_16.4.app/Contents/Developer/Platforms/MacOSX.platform/Developer/SDKs/MacOSX15.5.sdk -I/Users/runner/work/Pitch-Curve/Pitch-Curve/build/Release/include -I/Users/runner/work/Pitch-Curve/Pitch-Curve/build/_deps/juce-src/modules/juce_audio_processors/format_types/VST3_SDK -I/Users/runner/work/Pitch-Curve/Pitch-Curve/build/_deps/juce-src/modules -I/Users/runner/work/Pitch-Curve/Pitch-Curve/build/Contour_artefacts/JuceLibraryCode -I/Users/runner/work/Pitch-Curve/Pitch-Curve/build/_deps/juce-src/modules/juce_audio_processors/format_types/LV2_SDK -I/Users/runner/work/Pitch-Curve/Pitch-Curve/build/_deps/juce-src/modules/juce_audio_processors/format_types/LV2_SDK/lv2 -I/Users/runner/work/Pitch-Curve/Pitch-Curve/build/_deps/juce-src/modules/juce_audio_processors/format_types/LV2_SDK/serd -I/Users/runner/work/Pitch-Curve/Pitch-Curve/build/_deps/juce-src/modules/juce_audio_processors/format_types/LV2_SDK/sord -I/Users/runner/work/Pitch-Curve/Pitch-Curve/build/_deps/juce-src/modules/juce_audio_processors/format_types/LV2_SDK/sord/src -I/Users/runner/work/Pitch-Curve/Pitch-Curve/build/_deps/juce-src/modules/juce_audio_processors/format_types/LV2_SDK/sratom -I/Users/runner/work/Pitch-Curve/Pitch-Curve/build/_deps/juce-src/modules/juce_audio_processors/format_types/LV2_SDK/lilv -I/Users/runner/work/Pitch-Curve/Pitch-Curve/build/_deps/juce-src/modules/juce_audio_processors/format_types/LV2_SDK/lilv/src -I/Users/runner/work/Pitch-Curve/Pitch-Curve/build/_deps/signalsmith_stretch-src/include -I/Users/runner/work/Pitch-Curve/Pitch-Curve/build/_deps/signalsmith-linear-src/include -I/Users/runner/work/Pitch-Curve/Pitch-Curve/build/build/Contour_vst3_helper.build/Release/DerivedSources-normal/arm64 -I/Users/runner/work/Pitch-Curve/Pitch-Curve/build/build/Contour_vst3_helper.build/Release/DerivedSources/arm64 -I/Users/runner/work/Pitch-Curve/Pitch-Curve/build/build/Contour_vst3_helper.build/Release/DerivedSources -F/Users/runner/work/Pitch-Curve/Pitch-Curve/build/Release -F/Applications/Xcode_16.4.app/Contents/Developer/Platforms/MacOSX.platform/Developer/SDKs/MacOSX15.5.sdk/System/Library/Frameworks -DNDEBUG '-std=gnu++17' -fPIE

WriteAuxiliaryFile /Users/runner/work/Pitch-Curve/Pitch-Curve/build/build/Contour_vst3_helper.build/Release/Objects-normal/arm64/Contour_vst3_helper.LinkFileList (in target 'Contour_vst3_helper' from project 'Contour')
    cd /Users/runner/work/Pitch-Curve/Pitch-Curve
    write-file /Users/runner/work/Pitch-Curve/Pitch-Curve/build/build/Contour_vst3_helper.build/Release/Objects-normal/arm64/Contour_vst3_helper.LinkFileList

WriteAuxiliaryFile /Users/runner/work/Pitch-Curve/Pitch-Curve/build/build/Contour_vst3_helper.build/Release/DerivedSources/Entitlements.plist (in target 'Contour_vst3_helper' from project 'Contour')
    cd /Users/runner/work/Pitch-Curve/Pitch-Curve
    write-file /Users/runner/work/Pitch-Curve/Pitch-Curve/build/build/Contour_vst3_helper.build/Release/DerivedSources/Entitlements.plist

WriteAuxiliaryFile /Users/runner/work/Pitch-Curve/Pitch-Curve/build/build/Contour_vst3_helper.build/Release/Contour_vst3_helper.DependencyStaticMetadataFileList (in target 'Contour_vst3_helper' from project 'Contour')
    cd /Users/runner/work/Pitch-Curve/Pitch-Curve
    write-file /Users/runner/work/Pitch-Curve/Pitch-Curve/build/build/Contour_vst3_helper.build/Release/Contour_vst3_helper.DependencyStaticMetadataFileList

WriteAuxiliaryFile /Users/runner/work/Pitch-Curve/Pitch-Curve/build/build/Contour_vst3_helper.build/Release/Contour_vst3_helper.DependencyMetadataFileList (in target 'Contour_vst3_helper' from project 'Contour')
    cd /Users/runner/work/Pitch-Curve/Pitch-Curve
    write-file /Users/runner/work/Pitch-Curve/Pitch-Curve/build/build/Contour_vst3_helper.build/Release/Contour_vst3_helper.DependencyMetadataFileList

WriteAuxiliaryFile /Users/runner/work/Pitch-Curve/Pitch-Curve/build/build/Contour_VST3.build/Release/Script-E2FBC8EC51214A037F643F8A.sh (in target 'Contour_VST3' from project 'Contour')
    cd /Users/runner/work/Pitch-Curve/Pitch-Curve
    write-file /Users/runner/work/Pitch-Curve/Pitch-Curve/build/build/Contour_VST3.build/Release/Script-E2FBC8EC51214A037F643F8A.sh

WriteAuxiliaryFile /Users/runner/work/Pitch-Curve/Pitch-Curve/build/build/Contour_VST3.build/Release/Script-B547BBFF62BD98A91839D817.sh (in target 'Contour_VST3' from project 'Contour')
    cd /Users/runner/work/Pitch-Curve/Pitch-Curve
    write-file /Users/runner/work/Pitch-Curve/Pitch-Curve/build/build/Contour_VST3.build/Release/Script-B547BBFF62BD98A91839D817.sh

WriteAuxiliaryFile /Users/runner/work/Pitch-Curve/Pitch-Curve/build/build/Contour_VST3.build/Release/Pitch\ Curve.DependencyStaticMetadataFileList (in target 'Contour_VST3' from project 'Contour')
    cd /Users/runner/work/Pitch-Curve/Pitch-Curve
    write-file /Users/runner/work/Pitch-Curve/Pitch-Curve/build/build/Contour_VST3.build/Release/Pitch\ Curve.DependencyStaticMetadataFileList

WriteAuxiliaryFile /Users/runner/work/Pitch-Curve/Pitch-Curve/build/build/Contour_VST3.build/Release/Pitch\ Curve.DependencyMetadataFileList (in target 'Contour_VST3' from project 'Contour')
    cd /Users/runner/work/Pitch-Curve/Pitch-Curve
    write-file /Users/runner/work/Pitch-Curve/Pitch-Curve/build/build/Contour_VST3.build/Release/Pitch\ Curve.DependencyMetadataFileList

WriteAuxiliaryFile /Users/runner/work/Pitch-Curve/Pitch-Curve/build/build/Contour_VST3.build/Release/Objects-normal/x86_64/af3fcb34312c57c0f52879cdce924b91-common-args.resp (in target 'Contour_VST3' from project 'Contour')
    cd /Users/runner/work/Pitch-Curve/Pitch-Curve
    write-file /Users/runner/work/Pitch-Curve/Pitch-Curve/build/build/Contour_VST3.build/Release/Objects-normal/x86_64/af3fcb34312c57c0f52879cdce924b91-common-args.resp
-target x86_64-apple-macos15.5 -fpascal-strings -O3 '-DCMAKE_INTDIR="Release"' -DContour_VST3_EXPORTS '-DJUCE_GLOBAL_MODULE_SETTINGS_INCLUDED=1' '-DNDEBUG=1' '-D_NDEBUG=1' '-DJucePlugin_IsSynth=0' '-DJucePlugin_ManufacturerCode=0x436e7472' '-DJucePlugin_Manufacturer="Circus Audio"' '-DJucePlugin_ManufacturerWebsite=""' '-DJucePlugin_ManufacturerEmail=""' '-DJucePlugin_PluginCode=0x43743031' '-DJucePlugin_ProducesMidiOutput=0' '-DJucePlugin_IsMidiEffect=0' '-DJucePlugin_WantsMidiInput=0' '-DJucePlugin_EditorRequiresKeyboardFocus=0' '-DJucePlugin_Name="Pitch Curve"' '-DJucePlugin_Desc="Pitch Curve"' '-DJucePlugin_Version=0.8' '-DJucePlugin_VersionString="0.8"' '-DJucePlugin_VersionCode=0x800' '-DJucePlugin_VSTUniqueID=JucePlugin_PluginCode' '-DJucePlugin_VSTCategory=kPlugCategEffect' '-DJucePlugin_Vst3Category="Fx|Pitch Shift"' '-DJucePlugin_AUMainType='\'aufx\' '-DJucePlugin_AUSubType=JucePlugin_PluginCode' '-DJucePlugin_AUExportPrefix=Pitch_CurveAU' '-DJucePlugin_AUExportPrefixQuoted="Pitch_CurveAU"' '-DJucePlugin_AUManufacturerCode=JucePlugin_ManufacturerCode' '-DJucePlugin_CFBundleIdentifier=audio.circus.pitchcurve' '-DJucePlugin_AAXIdentifier=audio.circus.pitchcurve' '-DJucePlugin_AAXManufacturerCode=JucePlugin_ManufacturerCode' '-DJucePlugin_AAXProductId=JucePlugin_PluginCode' '-DJucePlugin_AAXCategory=0' '-DJucePlugin_AAXDisableBypass=0' '-DJucePlugin_AAXDisableMultiMono=0' '-DJucePlugin_VSTNumMidiInputs=16' '-DJucePlugin_VSTNumMidiOutputs=16' '-DJucePlugin_Enable_ARA=0' '-DJucePlugin_ARAFactoryID="audio.circus.pitchcurve.arafactory.0.8"' '-DJucePlugin_ARADocumentArchiveID="audio.circus.pitchcurve.aradocumentarchive.1"' '-DJucePlugin_ARACompatibleArchiveIDs=""' '-DJucePlugin_ARAContentTypes=0' '-DJucePlugin_ARATransformationFlags=0' '-DJUCE_WEB_BROWSER=0' '-DJUCE_USE_CURL=0' '-DJUCE_VST3_CAN_REPLACE_VST2=0' '-DJUCE_DISPLAY_SPLASH_SCREEN=0' '-DJUCE_MODULE_AVAILABLE_juce_audio_plugin_client=1' '-DJUCE_MODULE_AVAILABLE_juce_audio_processors=1' '-DJUCE_MODULE_AVAILABLE_juce_gui_extra=1' '-DJUCE_MODULE_AVAILABLE_juce_gui_basics=1' '-DJUCE_MODULE_AVAILABLE_juce_graphics=1' '-DJUCE_MODULE_AVAILABLE_juce_events=1' '-DJUCE_MODULE_AVAILABLE_juce_core=1' '-DJUCE_MODULE_AVAILABLE_juce_data_structures=1' '-DJUCE_MODULE_AVAILABLE_juce_audio_basics=1' '-DJUCE_MODULE_AVAILABLE_juce_audio_utils=1' '-DJUCE_MODULE_AVAILABLE_juce_audio_formats=1' '-DJUCE_MODULE_AVAILABLE_juce_audio_devices=1' '-DJUCE_MODULE_AVAILABLE_juce_dsp=1' -DSIGNALSMITH_USE_ACCELERATE -DACCELERATE_NEW_LAPACK '-DJUCE_STANDALONE_APPLICATION=JucePlugin_Build_Standalone' '-DJucePlugin_Build_AU=0' '-DJucePlugin_Build_AUv3=0' '-DJucePlugin_Build_AAX=0' '-DJucePlugin_Build_LV2=0' '-DJucePlugin_Build_Standalone=0' '-DJucePlugin_Build_Unity=0' '-DJucePlugin_Build_VST=0' '-DJucePlugin_Build_VST3=1' '-DOBJC_OLD_DISPATCH_PROTOTYPES=1' -isysroot /Applications/Xcode_16.4.app/Contents/Developer/Platforms/MacOSX.platform/Developer/SDKs/MacOSX15.5.sdk -fasm-blocks -I/Users/runner/work/Pitch-Curve/Pitch-Curve/build/Contour_artefacts/Release/VST3/include -I/Users/runner/work/Pitch-Curve/Pitch-Curve/build/Contour_artefacts/JuceLibraryCode -I/Users/runner/work/Pitch-Curve/Pitch-Curve/build/_deps/juce-src/modules -I/Users/runner/work/Pitch-Curve/Pitch-Curve/build/_deps/juce-src/modules/juce_audio_processors/format_types/VST3_SDK -I/Users/runner/work/Pitch-Curve/Pitch-Curve/build/_deps/juce-src/modules/juce_audio_processors/format_types/LV2_SDK -I/Users/runner/work/Pitch-Curve/Pitch-Curve/build/_deps/juce-src/modules/juce_audio_processors/format_types/LV2_SDK/lv2 -I/Users/runner/work/Pitch-Curve/Pitch-Curve/build/_deps/juce-src/modules/juce_audio_processors/format_types/LV2_SDK/serd -I/Users/runner/work/Pitch-Curve/Pitch-Curve/build/_deps/juce-src/modules/juce_audio_processors/format_types/LV2_SDK/sord -I/Users/runner/work/Pitch-Curve/Pitch-Curve/build/_deps/juce-src/modules/juce_audio_processors/format_types/LV2_SDK/sord/src -I/Users/runner/work/Pitch-Curve/Pitch-Curve/build/_deps/juce-src/modules/juce_audio_processors/format_types/LV2_SDK/sratom -I/Users/runner/work/Pitch-Curve/Pitch-Curve/build/_deps/juce-src/modules/juce_audio_processors/format_types/LV2_SDK/lilv -I/Users/runner/work/Pitch-Curve/Pitch-Curve/build/_deps/juce-src/modules/juce_audio_processors/format_types/LV2_SDK/lilv/src -I/Users/runner/work/Pitch-Curve/Pitch-Curve/build/_deps/signalsmith_stretch-src/include -I/Users/runner/work/Pitch-Curve/Pitch-Curve/build/_deps/signalsmith-linear-src/include -I/Users/runner/work/Pitch-Curve/Pitch-Curve/build/build/Contour_VST3.build/Release/DerivedSources-normal/x86_64 -I/Users/runner/work/Pitch-Curve/Pitch-Curve/build/build/Contour_VST3.build/Release/DerivedSources/x86_64 -I/Users/runner/work/Pitch-Curve/Pitch-Curve/build/build/Contour_VST3.build/Release/DerivedSources -F/Users/runner/work/Pitch-Curve/Pitch-Curve/build/Contour_artefacts/Release/VST3 -DNDEBUG '-std=gnu++17' -fPIC '-fvisibility=hidden' -fvisibility-inlines-hidden

WriteAuxiliaryFile /Users/runner/work/Pitch-Curve/Pitch-Curve/build/build/Contour_VST3.build/Release/Objects-normal/x86_64/Pitch\ Curve.LinkFileList (in target 'Contour_VST3' from project 'Contour')
    cd /Users/runner/work/Pitch-Curve/Pitch-Curve
    write-file /Users/runner/work/Pitch-Curve/Pitch-Curve/build/build/Contour_VST3.build/Release/Objects-normal/x86_64/Pitch\ Curve.LinkFileList

WriteAuxiliaryFile /Users/runner/work/Pitch-Curve/Pitch-Curve/build/build/Contour_VST3.build/Release/Objects-normal/x86_64/82b82416624d2658e5098eb0a28c15c5-common-args.resp (in target 'Contour_VST3' from project 'Contour')
    cd /Users/runner/work/Pitch-Curve/Pitch-Curve
    write-file /Users/runner/work/Pitch-Curve/Pitch-Curve/build/build/Contour_VST3.build/Release/Objects-normal/x86_64/82b82416624d2658e5098eb0a28c15c5-common-args.resp
-target x86_64-apple-macos15.5 -fpascal-strings -O3 '-DCMAKE_INTDIR="Release"' -DContour_VST3_EXPORTS '-DJUCE_GLOBAL_MODULE_SETTINGS_INCLUDED=1' '-DNDEBUG=1' '-D_NDEBUG=1' '-DJucePlugin_IsSynth=0' '-DJucePlugin_ManufacturerCode=0x436e7472' '-DJucePlugin_Manufacturer="Circus Audio"' '-DJucePlugin_ManufacturerWebsite=""' '-DJucePlugin_ManufacturerEmail=""' '-DJucePlugin_PluginCode=0x43743031' '-DJucePlugin_ProducesMidiOutput=0' '-DJucePlugin_IsMidiEffect=0' '-DJucePlugin_WantsMidiInput=0' '-DJucePlugin_EditorRequiresKeyboardFocus=0' '-DJucePlugin_Name="Pitch Curve"' '-DJucePlugin_Desc="Pitch Curve"' '-DJucePlugin_Version=0.8' '-DJucePlugin_VersionString="0.8"' '-DJucePlugin_VersionCode=0x800' '-DJucePlugin_VSTUniqueID=JucePlugin_PluginCode' '-DJucePlugin_VSTCategory=kPlugCategEffect' '-DJucePlugin_Vst3Category="Fx|Pitch Shift"' '-DJucePlugin_AUMainType='\'aufx\' '-DJucePlugin_AUSubType=JucePlugin_PluginCode' '-DJucePlugin_AUExportPrefix=Pitch_CurveAU' '-DJucePlugin_AUExportPrefixQuoted="Pitch_CurveAU"' '-DJucePlugin_AUManufacturerCode=JucePlugin_ManufacturerCode' '-DJucePlugin_CFBundleIdentifier=audio.circus.pitchcurve' '-DJucePlugin_AAXIdentifier=audio.circus.pitchcurve' '-DJucePlugin_AAXManufacturerCode=JucePlugin_ManufacturerCode' '-DJucePlugin_AAXProductId=JucePlugin_PluginCode' '-DJucePlugin_AAXCategory=0' '-DJucePlugin_AAXDisableBypass=0' '-DJucePlugin_AAXDisableMultiMono=0' '-DJucePlugin_VSTNumMidiInputs=16' '-DJucePlugin_VSTNumMidiOutputs=16' '-DJucePlugin_Enable_ARA=0' '-DJucePlugin_ARAFactoryID="audio.circus.pitchcurve.arafactory.0.8"' '-DJucePlugin_ARADocumentArchiveID="audio.circus.pitchcurve.aradocumentarchive.1"' '-DJucePlugin_ARACompatibleArchiveIDs=""' '-DJucePlugin_ARAContentTypes=0' '-DJucePlugin_ARATransformationFlags=0' '-DJUCE_WEB_BROWSER=0' '-DJUCE_USE_CURL=0' '-DJUCE_VST3_CAN_REPLACE_VST2=0' '-DJUCE_DISPLAY_SPLASH_SCREEN=0' '-DJUCE_MODULE_AVAILABLE_juce_audio_plugin_client=1' '-DJUCE_MODULE_AVAILABLE_juce_audio_processors=1' '-DJUCE_MODULE_AVAILABLE_juce_gui_extra=1' '-DJUCE_MODULE_AVAILABLE_juce_gui_basics=1' '-DJUCE_MODULE_AVAILABLE_juce_graphics=1' '-DJUCE_MODULE_AVAILABLE_juce_events=1' '-DJUCE_MODULE_AVAILABLE_juce_core=1' '-DJUCE_MODULE_AVAILABLE_juce_data_structures=1' '-DJUCE_MODULE_AVAILABLE_juce_audio_basics=1' '-DJUCE_MODULE_AVAILABLE_juce_audio_utils=1' '-DJUCE_MODULE_AVAILABLE_juce_audio_formats=1' '-DJUCE_MODULE_AVAILABLE_juce_audio_devices=1' '-DJUCE_MODULE_AVAILABLE_juce_dsp=1' -DSIGNALSMITH_USE_ACCELERATE -DACCELERATE_NEW_LAPACK '-DJUCE_STANDALONE_APPLICATION=JucePlugin_Build_Standalone' '-DJucePlugin_Build_AU=0' '-DJucePlugin_Build_AUv3=0' '-DJucePlugin_Build_AAX=0' '-DJucePlugin_Build_LV2=0' '-DJucePlugin_Build_Standalone=0' '-DJucePlugin_Build_Unity=0' '-DJucePlugin_Build_VST=0' '-DJucePlugin_Build_VST3=1' -isysroot /Applications/Xcode_16.4.app/Contents/Developer/Platforms/MacOSX.platform/Developer/SDKs/MacOSX15.5.sdk -fasm-blocks -I/Users/runner/work/Pitch-Curve/Pitch-Curve/build/Contour_artefacts/Release/VST3/include -I/Users/runner/work/Pitch-Curve/Pitch-Curve/build/Contour_artefacts/JuceLibraryCode -I/Users/runner/work/Pitch-Curve/Pitch-Curve/build/_deps/juce-src/modules -I/Users/runner/work/Pitch-Curve/Pitch-Curve/build/_deps/juce-src/modules/juce_audio_processors/format_types/VST3_SDK -I/Users/runner/work/Pitch-Curve/Pitch-Curve/build/_deps/juce-src/modules/juce_audio_processors/format_types/LV2_SDK -I/Users/runner/work/Pitch-Curve/Pitch-Curve/build/_deps/juce-src/modules/juce_audio_processors/format_types/LV2_SDK/lv2 -I/Users/runner/work/Pitch-Curve/Pitch-Curve/build/_deps/juce-src/modules/juce_audio_processors/format_types/LV2_SDK/serd -I/Users/runner/work/Pitch-Curve/Pitch-Curve/build/_deps/juce-src/modules/juce_audio_processors/format_types/LV2_SDK/sord -I/Users/runner/work/Pitch-Curve/Pitch-Curve/build/_deps/juce-src/modules/juce_audio_processors/format_types/LV2_SDK/sord/src -I/Users/runner/work/Pitch-Curve/Pitch-Curve/build/_deps/juce-src/modules/juce_audio_processors/format_types/LV2_SDK/sratom -I/Users/runner/work/Pitch-Curve/Pitch-Curve/build/_deps/juce-src/modules/juce_audio_processors/format_types/LV2_SDK/lilv -I/Users/runner/work/Pitch-Curve/Pitch-Curve/build/_deps/juce-src/modules/juce_audio_processors/format_types/LV2_SDK/lilv/src -I/Users/runner/work/Pitch-Curve/Pitch-Curve/build/_deps/signalsmith_stretch-src/include -I/Users/runner/work/Pitch-Curve/Pitch-Curve/build/_deps/signalsmith-linear-src/include -I/Users/runner/work/Pitch-Curve/Pitch-Curve/build/build/Contour_VST3.build/Release/DerivedSources-normal/x86_64 -I/Users/runner/work/Pitch-Curve/Pitch-Curve/build/build/Contour_VST3.build/Release/DerivedSources/x86_64 -I/Users/runner/work/Pitch-Curve/Pitch-Curve/build/build/Contour_VST3.build/Release/DerivedSources -F/Users/runner/work/Pitch-Curve/Pitch-Curve/build/Contour_artefacts/Release/VST3 -DNDEBUG '-std=gnu++17' -fPIC '-fvisibility=hidden' -fvisibility-inlines-hidden

WriteAuxiliaryFile /Users/runner/work/Pitch-Curve/Pitch-Curve/build/build/Contour_VST3.build/Release/Objects-normal/arm64/af3fcb34312c57c0f52879cdce924b91-common-args.resp (in target 'Contour_VST3' from project 'Contour')
    cd /Users/runner/work/Pitch-Curve/Pitch-Curve
    write-file /Users/runner/work/Pitch-Curve/Pitch-Curve/build/build/Contour_VST3.build/Release/Objects-normal/arm64/af3fcb34312c57c0f52879cdce924b91-common-args.resp
-target arm64-apple-macos15.5 -fpascal-strings -O3 '-DCMAKE_INTDIR="Release"' -DContour_VST3_EXPORTS '-DJUCE_GLOBAL_MODULE_SETTINGS_INCLUDED=1' '-DNDEBUG=1' '-D_NDEBUG=1' '-DJucePlugin_IsSynth=0' '-DJucePlugin_ManufacturerCode=0x436e7472' '-DJucePlugin_Manufacturer="Circus Audio"' '-DJucePlugin_ManufacturerWebsite=""' '-DJucePlugin_ManufacturerEmail=""' '-DJucePlugin_PluginCode=0x43743031' '-DJucePlugin_ProducesMidiOutput=0' '-DJucePlugin_IsMidiEffect=0' '-DJucePlugin_WantsMidiInput=0' '-DJucePlugin_EditorRequiresKeyboardFocus=0' '-DJucePlugin_Name="Pitch Curve"' '-DJucePlugin_Desc="Pitch Curve"' '-DJucePlugin_Version=0.8' '-DJucePlugin_VersionString="0.8"' '-DJucePlugin_VersionCode=0x800' '-DJucePlugin_VSTUniqueID=JucePlugin_PluginCode' '-DJucePlugin_VSTCategory=kPlugCategEffect' '-DJucePlugin_Vst3Category="Fx|Pitch Shift"' '-DJucePlugin_AUMainType='\'aufx\' '-DJucePlugin_AUSubType=JucePlugin_PluginCode' '-DJucePlugin_AUExportPrefix=Pitch_CurveAU' '-DJucePlugin_AUExportPrefixQuoted="Pitch_CurveAU"' '-DJucePlugin_AUManufacturerCode=JucePlugin_ManufacturerCode' '-DJucePlugin_CFBundleIdentifier=audio.circus.pitchcurve' '-DJucePlugin_AAXIdentifier=audio.circus.pitchcurve' '-DJucePlugin_AAXManufacturerCode=JucePlugin_ManufacturerCode' '-DJucePlugin_AAXProductId=JucePlugin_PluginCode' '-DJucePlugin_AAXCategory=0' '-DJucePlugin_AAXDisableBypass=0' '-DJucePlugin_AAXDisableMultiMono=0' '-DJucePlugin_VSTNumMidiInputs=16' '-DJucePlugin_VSTNumMidiOutputs=16' '-DJucePlugin_Enable_ARA=0' '-DJucePlugin_ARAFactoryID="audio.circus.pitchcurve.arafactory.0.8"' '-DJucePlugin_ARADocumentArchiveID="audio.circus.pitchcurve.aradocumentarchive.1"' '-DJucePlugin_ARACompatibleArchiveIDs=""' '-DJucePlugin_ARAContentTypes=0' '-DJucePlugin_ARATransformationFlags=0' '-DJUCE_WEB_BROWSER=0' '-DJUCE_USE_CURL=0' '-DJUCE_VST3_CAN_REPLACE_VST2=0' '-DJUCE_DISPLAY_SPLASH_SCREEN=0' '-DJUCE_MODULE_AVAILABLE_juce_audio_plugin_client=1' '-DJUCE_MODULE_AVAILABLE_juce_audio_processors=1' '-DJUCE_MODULE_AVAILABLE_juce_gui_extra=1' '-DJUCE_MODULE_AVAILABLE_juce_gui_basics=1' '-DJUCE_MODULE_AVAILABLE_juce_graphics=1' '-DJUCE_MODULE_AVAILABLE_juce_events=1' '-DJUCE_MODULE_AVAILABLE_juce_core=1' '-DJUCE_MODULE_AVAILABLE_juce_data_structures=1' '-DJUCE_MODULE_AVAILABLE_juce_audio_basics=1' '-DJUCE_MODULE_AVAILABLE_juce_audio_utils=1' '-DJUCE_MODULE_AVAILABLE_juce_audio_formats=1' '-DJUCE_MODULE_AVAILABLE_juce_audio_devices=1' '-DJUCE_MODULE_AVAILABLE_juce_dsp=1' -DSIGNALSMITH_USE_ACCELERATE -DACCELERATE_NEW_LAPACK '-DJUCE_STANDALONE_APPLICATION=JucePlugin_Build_Standalone' '-DJucePlugin_Build_AU=0' '-DJucePlugin_Build_AUv3=0' '-DJucePlugin_Build_AAX=0' '-DJucePlugin_Build_LV2=0' '-DJucePlugin_Build_Standalone=0' '-DJucePlugin_Build_Unity=0' '-DJucePlugin_Build_VST=0' '-DJucePlugin_Build_VST3=1' '-DOBJC_OLD_DISPATCH_PROTOTYPES=1' -isysroot /Applications/Xcode_16.4.app/Contents/Developer/Platforms/MacOSX.platform/Developer/SDKs/MacOSX15.5.sdk -I/Users/runner/work/Pitch-Curve/Pitch-Curve/build/Contour_artefacts/Release/VST3/include -I/Users/runner/work/Pitch-Curve/Pitch-Curve/build/Contour_artefacts/JuceLibraryCode -I/Users/runner/work/Pitch-Curve/Pitch-Curve/build/_deps/juce-src/modules -I/Users/runner/work/Pitch-Curve/Pitch-Curve/build/_deps/juce-src/modules/juce_audio_processors/format_types/VST3_SDK -I/Users/runner/work/Pitch-Curve/Pitch-Curve/build/_deps/juce-src/modules/juce_audio_processors/format_types/LV2_SDK -I/Users/runner/work/Pitch-Curve/Pitch-Curve/build/_deps/juce-src/modules/juce_audio_processors/format_types/LV2_SDK/lv2 -I/Users/runner/work/Pitch-Curve/Pitch-Curve/build/_deps/juce-src/modules/juce_audio_processors/format_types/LV2_SDK/serd -I/Users/runner/work/Pitch-Curve/Pitch-Curve/build/_deps/juce-src/modules/juce_audio_processors/format_types/LV2_SDK/sord -I/Users/runner/work/Pitch-Curve/Pitch-Curve/build/_deps/juce-src/modules/juce_audio_processors/format_types/LV2_SDK/sord/src -I/Users/runner/work/Pitch-Curve/Pitch-Curve/build/_deps/juce-src/modules/juce_audio_processors/format_types/LV2_SDK/sratom -I/Users/runner/work/Pitch-Curve/Pitch-Curve/build/_deps/juce-src/modules/juce_audio_processors/format_types/LV2_SDK/lilv -I/Users/runner/work/Pitch-Curve/Pitch-Curve/build/_deps/juce-src/modules/juce_audio_processors/format_types/LV2_SDK/lilv/src -I/Users/runner/work/Pitch-Curve/Pitch-Curve/build/_deps/signalsmith_stretch-src/include -I/Users/runner/work/Pitch-Curve/Pitch-Curve/build/_deps/signalsmith-linear-src/include -I/Users/runner/work/Pitch-Curve/Pitch-Curve/build/build/Contour_VST3.build/Release/DerivedSources-normal/arm64 -I/Users/runner/work/Pitch-Curve/Pitch-Curve/build/build/Contour_VST3.build/Release/DerivedSources/arm64 -I/Users/runner/work/Pitch-Curve/Pitch-Curve/build/build/Contour_VST3.build/Release/DerivedSources -F/Users/runner/work/Pitch-Curve/Pitch-Curve/build/Contour_artefacts/Release/VST3 -DNDEBUG '-std=gnu++17' -fPIC '-fvisibility=hidden' -fvisibility-inlines-hidden

WriteAuxiliaryFile /Users/runner/work/Pitch-Curve/Pitch-Curve/build/build/Contour_VST3.build/Release/Objects-normal/arm64/Pitch\ Curve.LinkFileList (in target 'Contour_VST3' from project 'Contour')
    cd /Users/runner/work/Pitch-Curve/Pitch-Curve
    write-file /Users/runner/work/Pitch-Curve/Pitch-Curve/build/build/Contour_VST3.build/Release/Objects-normal/arm64/Pitch\ Curve.LinkFileList

WriteAuxiliaryFile /Users/runner/work/Pitch-Curve/Pitch-Curve/build/build/Contour_VST3.build/Release/Objects-normal/arm64/82b82416624d2658e5098eb0a28c15c5-common-args.resp (in target 'Contour_VST3' from project 'Contour')
    cd /Users/runner/work/Pitch-Curve/Pitch-Curve
    write-file /Users/runner/work/Pitch-Curve/Pitch-Curve/build/build/Contour_VST3.build/Release/Objects-normal/arm64/82b82416624d2658e5098eb0a28c15c5-common-args.resp
-target arm64-apple-macos15.5 -fpascal-strings -O3 '-DCMAKE_INTDIR="Release"' -DContour_VST3_EXPORTS '-DJUCE_GLOBAL_MODULE_SETTINGS_INCLUDED=1' '-DNDEBUG=1' '-D_NDEBUG=1' '-DJucePlugin_IsSynth=0' '-DJucePlugin_ManufacturerCode=0x436e7472' '-DJucePlugin_Manufacturer="Circus Audio"' '-DJucePlugin_ManufacturerWebsite=""' '-DJucePlugin_ManufacturerEmail=""' '-DJucePlugin_PluginCode=0x43743031' '-DJucePlugin_ProducesMidiOutput=0' '-DJucePlugin_IsMidiEffect=0' '-DJucePlugin_WantsMidiInput=0' '-DJucePlugin_EditorRequiresKeyboardFocus=0' '-DJucePlugin_Name="Pitch Curve"' '-DJucePlugin_Desc="Pitch Curve"' '-DJucePlugin_Version=0.8' '-DJucePlugin_VersionString="0.8"' '-DJucePlugin_VersionCode=0x800' '-DJucePlugin_VSTUniqueID=JucePlugin_PluginCode' '-DJucePlugin_VSTCategory=kPlugCategEffect' '-DJucePlugin_Vst3Category="Fx|Pitch Shift"' '-DJucePlugin_AUMainType='\'aufx\' '-DJucePlugin_AUSubType=JucePlugin_PluginCode' '-DJucePlugin_AUExportPrefix=Pitch_CurveAU' '-DJucePlugin_AUExportPrefixQuoted="Pitch_CurveAU"' '-DJucePlugin_AUManufacturerCode=JucePlugin_ManufacturerCode' '-DJucePlugin_CFBundleIdentifier=audio.circus.pitchcurve' '-DJucePlugin_AAXIdentifier=audio.circus.pitchcurve' '-DJucePlugin_AAXManufacturerCode=JucePlugin_ManufacturerCode' '-DJucePlugin_AAXProductId=JucePlugin_PluginCode' '-DJucePlugin_AAXCategory=0' '-DJucePlugin_AAXDisableBypass=0' '-DJucePlugin_AAXDisableMultiMono=0' '-DJucePlugin_VSTNumMidiInputs=16' '-DJucePlugin_VSTNumMidiOutputs=16' '-DJucePlugin_Enable_ARA=0' '-DJucePlugin_ARAFactoryID="audio.circus.pitchcurve.arafactory.0.8"' '-DJucePlugin_ARADocumentArchiveID="audio.circus.pitchcurve.aradocumentarchive.1"' '-DJucePlugin_ARACompatibleArchiveIDs=""' '-DJucePlugin_ARAContentTypes=0' '-DJucePlugin_ARATransformationFlags=0' '-DJUCE_WEB_BROWSER=0' '-DJUCE_USE_CURL=0' '-DJUCE_VST3_CAN_REPLACE_VST2=0' '-DJUCE_DISPLAY_SPLASH_SCREEN=0' '-DJUCE_MODULE_AVAILABLE_juce_audio_plugin_client=1' '-DJUCE_MODULE_AVAILABLE_juce_audio_processors=1' '-DJUCE_MODULE_AVAILABLE_juce_gui_extra=1' '-DJUCE_MODULE_AVAILABLE_juce_gui_basics=1' '-DJUCE_MODULE_AVAILABLE_juce_graphics=1' '-DJUCE_MODULE_AVAILABLE_juce_events=1' '-DJUCE_MODULE_AVAILABLE_juce_core=1' '-DJUCE_MODULE_AVAILABLE_juce_data_structures=1' '-DJUCE_MODULE_AVAILABLE_juce_audio_basics=1' '-DJUCE_MODULE_AVAILABLE_juce_audio_utils=1' '-DJUCE_MODULE_AVAILABLE_juce_audio_formats=1' '-DJUCE_MODULE_AVAILABLE_juce_audio_devices=1' '-DJUCE_MODULE_AVAILABLE_juce_dsp=1' -DSIGNALSMITH_USE_ACCELERATE -DACCELERATE_NEW_LAPACK '-DJUCE_STANDALONE_APPLICATION=JucePlugin_Build_Standalone' '-DJucePlugin_Build_AU=0' '-DJucePlugin_Build_AUv3=0' '-DJucePlugin_Build_AAX=0' '-DJucePlugin_Build_LV2=0' '-DJucePlugin_Build_Standalone=0' '-DJucePlugin_Build_Unity=0' '-DJucePlugin_Build_VST=0' '-DJucePlugin_Build_VST3=1' -isysroot /Applications/Xcode_16.4.app/Contents/Developer/Platforms/MacOSX.platform/Developer/SDKs/MacOSX15.5.sdk -I/Users/runner/work/Pitch-Curve/Pitch-Curve/build/Contour_artefacts/Release/VST3/include -I/Users/runner/work/Pitch-Curve/Pitch-Curve/build/Contour_artefacts/JuceLibraryCode -I/Users/runner/work/Pitch-Curve/Pitch-Curve/build/_deps/juce-src/modules -I/Users/runner/work/Pitch-Curve/Pitch-Curve/build/_deps/juce-src/modules/juce_audio_processors/format_types/VST3_SDK -I/Users/runner/work/Pitch-Curve/Pitch-Curve/build/_deps/juce-src/modules/juce_audio_processors/format_types/LV2_SDK -I/Users/runner/work/Pitch-Curve/Pitch-Curve/build/_deps/juce-src/modules/juce_audio_processors/format_types/LV2_SDK/lv2 -I/Users/runner/work/Pitch-Curve/Pitch-Curve/build/_deps/juce-src/modules/juce_audio_processors/format_types/LV2_SDK/serd -I/Users/runner/work/Pitch-Curve/Pitch-Curve/build/_deps/juce-src/modules/juce_audio_processors/format_types/LV2_SDK/sord -I/Users/runner/work/Pitch-Curve/Pitch-Curve/build/_deps/juce-src/modules/juce_audio_processors/format_types/LV2_SDK/sord/src -I/Users/runner/work/Pitch-Curve/Pitch-Curve/build/_deps/juce-src/modules/juce_audio_processors/format_types/LV2_SDK/sratom -I/Users/runner/work/Pitch-Curve/Pitch-Curve/build/_deps/juce-src/modules/juce_audio_processors/format_types/LV2_SDK/lilv -I/Users/runner/work/Pitch-Curve/Pitch-Curve/build/_deps/juce-src/modules/juce_audio_processors/format_types/LV2_SDK/lilv/src -I/Users/runner/work/Pitch-Curve/Pitch-Curve/build/_deps/signalsmith_stretch-src/include -I/Users/runner/work/Pitch-Curve/Pitch-Curve/build/_deps/signalsmith-linear-src/include -I/Users/runner/work/Pitch-Curve/Pitch-Curve/build/build/Contour_VST3.build/Release/DerivedSources-normal/arm64 -I/Users/runner/work/Pitch-Curve/Pitch-Curve/build/build/Contour_VST3.build/Release/DerivedSources/arm64 -I/Users/runner/work/Pitch-Curve/Pitch-Curve/build/build/Contour_VST3.build/Release/DerivedSources -F/Users/runner/work/Pitch-Curve/Pitch-Curve/build/Contour_artefacts/Release/VST3 -DNDEBUG '-std=gnu++17' -fPIC '-fvisibility=hidden' -fvisibility-inlines-hidden

WriteAuxiliaryFile /Users/runner/work/Pitch-Curve/Pitch-Curve/build/build/Contour_Standalone.build/Release/Script-FFF535FC3EE53F593EBEBEFA.sh (in target 'Contour_Standalone' from project 'Contour')
    cd /Users/runner/work/Pitch-Curve/Pitch-Curve
    write-file /Users/runner/work/Pitch-Curve/Pitch-Curve/build/build/Contour_Standalone.build/Release/Script-FFF535FC3EE53F593EBEBEFA.sh

WriteAuxiliaryFile /Users/runner/work/Pitch-Curve/Pitch-Curve/build/build/Contour_Standalone.build/Release/Script-321E34E84D7EA9FA73421DD6.sh (in target 'Contour_Standalone' from project 'Contour')
    cd /Users/runner/work/Pitch-Curve/Pitch-Curve
    write-file /Users/runner/work/Pitch-Curve/Pitch-Curve/build/build/Contour_Standalone.build/Release/Script-321E34E84D7EA9FA73421DD6.sh

WriteAuxiliaryFile /Users/runner/work/Pitch-Curve/Pitch-Curve/build/build/Contour_Standalone.build/Release/Pitch\ Curve.DependencyStaticMetadataFileList (in target 'Contour_Standalone' from project 'Contour')
    cd /Users/runner/work/Pitch-Curve/Pitch-Curve
    write-file /Users/runner/work/Pitch-Curve/Pitch-Curve/build/build/Contour_Standalone.build/Release/Pitch\ Curve.DependencyStaticMetadataFileList

WriteAuxiliaryFile /Users/runner/work/Pitch-Curve/Pitch-Curve/build/build/Contour_Standalone.build/Release/Pitch\ Curve.DependencyMetadataFileList (in target 'Contour_Standalone' from project 'Contour')
    cd /Users/runner/work/Pitch-Curve/Pitch-Curve
    write-file /Users/runner/work/Pitch-Curve/Pitch-Curve/build/build/Contour_Standalone.build/Release/Pitch\ Curve.DependencyMetadataFileList

WriteAuxiliaryFile /Users/runner/work/Pitch-Curve/Pitch-Curve/build/build/Contour_Standalone.build/Release/Objects-normal/x86_64/af3fcb34312c57c0f52879cdce924b91-common-args.resp (in target 'Contour_Standalone' from project 'Contour')
    cd /Users/runner/work/Pitch-Curve/Pitch-Curve
    write-file /Users/runner/work/Pitch-Curve/Pitch-Curve/build/build/Contour_Standalone.build/Release/Objects-normal/x86_64/af3fcb34312c57c0f52879cdce924b91-common-args.resp
-target x86_64-apple-macos15.5 -fpascal-strings -O3 '-DCMAKE_INTDIR="Release"' '-DJUCE_GLOBAL_MODULE_SETTINGS_INCLUDED=1' '-DNDEBUG=1' '-D_NDEBUG=1' '-DJucePlugin_IsSynth=0' '-DJucePlugin_ManufacturerCode=0x436e7472' '-DJucePlugin_Manufacturer="Circus Audio"' '-DJucePlugin_ManufacturerWebsite=""' '-DJucePlugin_ManufacturerEmail=""' '-DJucePlugin_PluginCode=0x43743031' '-DJucePlugin_ProducesMidiOutput=0' '-DJucePlugin_IsMidiEffect=0' '-DJucePlugin_WantsMidiInput=0' '-DJucePlugin_EditorRequiresKeyboardFocus=0' '-DJucePlugin_Name="Pitch Curve"' '-DJucePlugin_Desc="Pitch Curve"' '-DJucePlugin_Version=0.8' '-DJucePlugin_VersionString="0.8"' '-DJucePlugin_VersionCode=0x800' '-DJucePlugin_VSTUniqueID=JucePlugin_PluginCode' '-DJucePlugin_VSTCategory=kPlugCategEffect' '-DJucePlugin_Vst3Category="Fx|Pitch Shift"' '-DJucePlugin_AUMainType='\'aufx\' '-DJucePlugin_AUSubType=JucePlugin_PluginCode' '-DJucePlugin_AUExportPrefix=Pitch_CurveAU' '-DJucePlugin_AUExportPrefixQuoted="Pitch_CurveAU"' '-DJucePlugin_AUManufacturerCode=JucePlugin_ManufacturerCode' '-DJucePlugin_CFBundleIdentifier=audio.circus.pitchcurve' '-DJucePlugin_AAXIdentifier=audio.circus.pitchcurve' '-DJucePlugin_AAXManufacturerCode=JucePlugin_ManufacturerCode' '-DJucePlugin_AAXProductId=JucePlugin_PluginCode' '-DJucePlugin_AAXCategory=0' '-DJucePlugin_AAXDisableBypass=0' '-DJucePlugin_AAXDisableMultiMono=0' '-DJucePlugin_VSTNumMidiInputs=16' '-DJucePlugin_VSTNumMidiOutputs=16' '-DJucePlugin_Enable_ARA=0' '-DJucePlugin_ARAFactoryID="audio.circus.pitchcurve.arafactory.0.8"' '-DJucePlugin_ARADocumentArchiveID="audio.circus.pitchcurve.aradocumentarchive.1"' '-DJucePlugin_ARACompatibleArchiveIDs=""' '-DJucePlugin_ARAContentTypes=0' '-DJucePlugin_ARATransformationFlags=0' '-DJUCE_WEB_BROWSER=0' '-DJUCE_USE_CURL=0' '-DJUCE_VST3_CAN_REPLACE_VST2=0' '-DJUCE_DISPLAY_SPLASH_SCREEN=0' '-DJUCE_MODULE_AVAILABLE_juce_audio_plugin_client=1' '-DJUCE_MODULE_AVAILABLE_juce_audio_processors=1' '-DJUCE_MODULE_AVAILABLE_juce_gui_extra=1' '-DJUCE_MODULE_AVAILABLE_juce_gui_basics=1' '-DJUCE_MODULE_AVAILABLE_juce_graphics=1' '-DJUCE_MODULE_AVAILABLE_juce_events=1' '-DJUCE_MODULE_AVAILABLE_juce_core=1' '-DJUCE_MODULE_AVAILABLE_juce_data_structures=1' '-DJUCE_MODULE_AVAILABLE_juce_audio_basics=1' '-DJUCE_MODULE_AVAILABLE_juce_audio_utils=1' '-DJUCE_MODULE_AVAILABLE_juce_audio_formats=1' '-DJUCE_MODULE_AVAILABLE_juce_audio_devices=1' '-DJUCE_MODULE_AVAILABLE_juce_dsp=1' -DSIGNALSMITH_USE_ACCELERATE -DACCELERATE_NEW_LAPACK '-DJUCE_STANDALONE_APPLICATION=JucePlugin_Build_Standalone' '-DJucePlugin_Build_AU=0' '-DJucePlugin_Build_AUv3=0' '-DJucePlugin_Build_AAX=0' '-DJucePlugin_Build_LV2=0' '-DJucePlugin_Build_Standalone=1' '-DJucePlugin_Build_Unity=0' '-DJucePlugin_Build_VST=0' '-DJucePlugin_Build_VST3=0' '-DOBJC_OLD_DISPATCH_PROTOTYPES=1' -isysroot /Applications/Xcode_16.4.app/Contents/Developer/Platforms/MacOSX.platform/Developer/SDKs/MacOSX15.5.sdk -fasm-blocks -I/Users/runner/work/Pitch-Curve/Pitch-Curve/build/Contour_artefacts/Release/Standalone/include -I/Users/runner/work/Pitch-Curve/Pitch-Curve/build/Contour_artefacts/JuceLibraryCode -I/Users/runner/work/Pitch-Curve/Pitch-Curve/build/_deps/juce-src/modules -I/Users/runner/work/Pitch-Curve/Pitch-Curve/build/_deps/juce-src/modules/juce_audio_processors/format_types/VST3_SDK -I/Users/runner/work/Pitch-Curve/Pitch-Curve/build/_deps/juce-src/modules/juce_audio_processors/format_types/LV2_SDK -I/Users/runner/work/Pitch-Curve/Pitch-Curve/build/_deps/juce-src/modules/juce_audio_processors/format_types/LV2_SDK/lv2 -I/Users/runner/work/Pitch-Curve/Pitch-Curve/build/_deps/juce-src/modules/juce_audio_processors/format_types/LV2_SDK/serd -I/Users/runner/work/Pitch-Curve/Pitch-Curve/build/_deps/juce-src/modules/juce_audio_processors/format_types/LV2_SDK/sord -I/Users/runner/work/Pitch-Curve/Pitch-Curve/build/_deps/juce-src/modules/juce_audio_processors/format_types/LV2_SDK/sord/src -I/Users/runner/work/Pitch-Curve/Pitch-Curve/build/_deps/juce-src/modules/juce_audio_processors/format_types/LV2_SDK/sratom -I/Users/runner/work/Pitch-Curve/Pitch-Curve/build/_deps/juce-src/modules/juce_audio_processors/format_types/LV2_SDK/lilv -I/Users/runner/work/Pitch-Curve/Pitch-Curve/build/_deps/juce-src/modules/juce_audio_processors/format_types/LV2_SDK/lilv/src -I/Users/runner/work/Pitch-Curve/Pitch-Curve/build/_deps/signalsmith_stretch-src/include -I/Users/runner/work/Pitch-Curve/Pitch-Curve/build/_deps/signalsmith-linear-src/include -I/Users/runner/work/Pitch-Curve/Pitch-Curve/build/build/Contour_Standalone.build/Release/DerivedSources-normal/x86_64 -I/Users/runner/work/Pitch-Curve/Pitch-Curve/build/build/Contour_Standalone.build/Release/DerivedSources/x86_64 -I/Users/runner/work/Pitch-Curve/Pitch-Curve/build/build/Contour_Standalone.build/Release/DerivedSources -F/Users/runner/work/Pitch-Curve/Pitch-Curve/build/Contour_artefacts/Release/Standalone -DNDEBUG '-std=gnu++17' -fPIE '-fvisibility=hidden' -fvisibility-inlines-hidden

WriteAuxiliaryFile /Users/runner/work/Pitch-Curve/Pitch-Curve/build/build/Contour_Standalone.build/Release/Objects-normal/x86_64/Pitch\ Curve.LinkFileList (in target 'Contour_Standalone' from project 'Contour')
    cd /Users/runner/work/Pitch-Curve/Pitch-Curve
    write-file /Users/runner/work/Pitch-Curve/Pitch-Curve/build/build/Contour_Standalone.build/Release/Objects-normal/x86_64/Pitch\ Curve.LinkFileList

WriteAuxiliaryFile /Users/runner/work/Pitch-Curve/Pitch-Curve/build/build/Contour_Standalone.build/Release/Objects-normal/x86_64/82b82416624d2658e5098eb0a28c15c5-common-args.resp (in target 'Contour_Standalone' from project 'Contour')
    cd /Users/runner/work/Pitch-Curve/Pitch-Curve
    write-file /Users/runner/work/Pitch-Curve/Pitch-Curve/build/build/Contour_Standalone.build/Release/Objects-normal/x86_64/82b82416624d2658e5098eb0a28c15c5-common-args.resp
-target x86_64-apple-macos15.5 -fpascal-strings -O3 '-DCMAKE_INTDIR="Release"' '-DJUCE_GLOBAL_MODULE_SETTINGS_INCLUDED=1' '-DNDEBUG=1' '-D_NDEBUG=1' '-DJucePlugin_IsSynth=0' '-DJucePlugin_ManufacturerCode=0x436e7472' '-DJucePlugin_Manufacturer="Circus Audio"' '-DJucePlugin_ManufacturerWebsite=""' '-DJucePlugin_ManufacturerEmail=""' '-DJucePlugin_PluginCode=0x43743031' '-DJucePlugin_ProducesMidiOutput=0' '-DJucePlugin_IsMidiEffect=0' '-DJucePlugin_WantsMidiInput=0' '-DJucePlugin_EditorRequiresKeyboardFocus=0' '-DJucePlugin_Name="Pitch Curve"' '-DJucePlugin_Desc="Pitch Curve"' '-DJucePlugin_Version=0.8' '-DJucePlugin_VersionString="0.8"' '-DJucePlugin_VersionCode=0x800' '-DJucePlugin_VSTUniqueID=JucePlugin_PluginCode' '-DJucePlugin_VSTCategory=kPlugCategEffect' '-DJucePlugin_Vst3Category="Fx|Pitch Shift"' '-DJucePlugin_AUMainType='\'aufx\' '-DJucePlugin_AUSubType=JucePlugin_PluginCode' '-DJucePlugin_AUExportPrefix=Pitch_CurveAU' '-DJucePlugin_AUExportPrefixQuoted="Pitch_CurveAU"' '-DJucePlugin_AUManufacturerCode=JucePlugin_ManufacturerCode' '-DJucePlugin_CFBundleIdentifier=audio.circus.pitchcurve' '-DJucePlugin_AAXIdentifier=audio.circus.pitchcurve' '-DJucePlugin_AAXManufacturerCode=JucePlugin_ManufacturerCode' '-DJucePlugin_AAXProductId=JucePlugin_PluginCode' '-DJucePlugin_AAXCategory=0' '-DJucePlugin_AAXDisableBypass=0' '-DJucePlugin_AAXDisableMultiMono=0' '-DJucePlugin_VSTNumMidiInputs=16' '-DJucePlugin_VSTNumMidiOutputs=16' '-DJucePlugin_Enable_ARA=0' '-DJucePlugin_ARAFactoryID="audio.circus.pitchcurve.arafactory.0.8"' '-DJucePlugin_ARADocumentArchiveID="audio.circus.pitchcurve.aradocumentarchive.1"' '-DJucePlugin_ARACompatibleArchiveIDs=""' '-DJucePlugin_ARAContentTypes=0' '-DJucePlugin_ARATransformationFlags=0' '-DJUCE_WEB_BROWSER=0' '-DJUCE_USE_CURL=0' '-DJUCE_VST3_CAN_REPLACE_VST2=0' '-DJUCE_DISPLAY_SPLASH_SCREEN=0' '-DJUCE_MODULE_AVAILABLE_juce_audio_plugin_client=1' '-DJUCE_MODULE_AVAILABLE_juce_audio_processors=1' '-DJUCE_MODULE_AVAILABLE_juce_gui_extra=1' '-DJUCE_MODULE_AVAILABLE_juce_gui_basics=1' '-DJUCE_MODULE_AVAILABLE_juce_graphics=1' '-DJUCE_MODULE_AVAILABLE_juce_events=1' '-DJUCE_MODULE_AVAILABLE_juce_core=1' '-DJUCE_MODULE_AVAILABLE_juce_data_structures=1' '-DJUCE_MODULE_AVAILABLE_juce_audio_basics=1' '-DJUCE_MODULE_AVAILABLE_juce_audio_utils=1' '-DJUCE_MODULE_AVAILABLE_juce_audio_formats=1' '-DJUCE_MODULE_AVAILABLE_juce_audio_devices=1' '-DJUCE_MODULE_AVAILABLE_juce_dsp=1' -DSIGNALSMITH_USE_ACCELERATE -DACCELERATE_NEW_LAPACK '-DJUCE_STANDALONE_APPLICATION=JucePlugin_Build_Standalone' '-DJucePlugin_Build_AU=0' '-DJucePlugin_Build_AUv3=0' '-DJucePlugin_Build_AAX=0' '-DJucePlugin_Build_LV2=0' '-DJucePlugin_Build_Standalone=1' '-DJucePlugin_Build_Unity=0' '-DJucePlugin_Build_VST=0' '-DJucePlugin_Build_VST3=0' -isysroot /Applications/Xcode_16.4.app/Contents/Developer/Platforms/MacOSX.platform/Developer/SDKs/MacOSX15.5.sdk -fasm-blocks -I/Users/runner/work/Pitch-Curve/Pitch-Curve/build/Contour_artefacts/Release/Standalone/include -I/Users/runner/work/Pitch-Curve/Pitch-Curve/build/Contour_artefacts/JuceLibraryCode -I/Users/runner/work/Pitch-Curve/Pitch-Curve/build/_deps/juce-src/modules -I/Users/runner/work/Pitch-Curve/Pitch-Curve/build/_deps/juce-src/modules/juce_audio_processors/format_types/VST3_SDK -I/Users/runner/work/Pitch-Curve/Pitch-Curve/build/_deps/juce-src/modules/juce_audio_processors/format_types/LV2_SDK -I/Users/runner/work/Pitch-Curve/Pitch-Curve/build/_deps/juce-src/modules/juce_audio_processors/format_types/LV2_SDK/lv2 -I/Users/runner/work/Pitch-Curve/Pitch-Curve/build/_deps/juce-src/modules/juce_audio_processors/format_types/LV2_SDK/serd -I/Users/runner/work/Pitch-Curve/Pitch-Curve/build/_deps/juce-src/modules/juce_audio_processors/format_types/LV2_SDK/sord -I/Users/runner/work/Pitch-Curve/Pitch-Curve/build/_deps/juce-src/modules/juce_audio_processors/format_types/LV2_SDK/sord/src -I/Users/runner/work/Pitch-Curve/Pitch-Curve/build/_deps/juce-src/modules/juce_audio_processors/format_types/LV2_SDK/sratom -I/Users/runner/work/Pitch-Curve/Pitch-Curve/build/_deps/juce-src/modules/juce_audio_processors/format_types/LV2_SDK/lilv -I/Users/runner/work/Pitch-Curve/Pitch-Curve/build/_deps/juce-src/modules/juce_audio_processors/format_types/LV2_SDK/lilv/src -I/Users/runner/work/Pitch-Curve/Pitch-Curve/build/_deps/signalsmith_stretch-src/include -I/Users/runner/work/Pitch-Curve/Pitch-Curve/build/_deps/signalsmith-linear-src/include -I/Users/runner/work/Pitch-Curve/Pitch-Curve/build/build/Contour_Standalone.build/Release/DerivedSources-normal/x86_64 -I/Users/runner/work/Pitch-Curve/Pitch-Curve/build/build/Contour_Standalone.build/Release/DerivedSources/x86_64 -I/Users/runner/work/Pitch-Curve/Pitch-Curve/build/build/Contour_Standalone.build/Release/DerivedSources -F/Users/runner/work/Pitch-Curve/Pitch-Curve/build/Contour_artefacts/Release/Standalone -DNDEBUG '-std=gnu++17' -fPIE '-fvisibility=hidden' -fvisibility-inlines-hidden

WriteAuxiliaryFile /Users/runner/work/Pitch-Curve/Pitch-Curve/build/build/Contour_Standalone.build/Release/Objects-normal/arm64/af3fcb34312c57c0f52879cdce924b91-common-args.resp (in target 'Contour_Standalone' from project 'Contour')
    cd /Users/runner/work/Pitch-Curve/Pitch-Curve
    write-file /Users/runner/work/Pitch-Curve/Pitch-Curve/build/build/Contour_Standalone.build/Release/Objects-normal/arm64/af3fcb34312c57c0f52879cdce924b91-common-args.resp
-target arm64-apple-macos15.5 -fpascal-strings -O3 '-DCMAKE_INTDIR="Release"' '-DJUCE_GLOBAL_MODULE_SETTINGS_INCLUDED=1' '-DNDEBUG=1' '-D_NDEBUG=1' '-DJucePlugin_IsSynth=0' '-DJucePlugin_ManufacturerCode=0x436e7472' '-DJucePlugin_Manufacturer="Circus Audio"' '-DJucePlugin_ManufacturerWebsite=""' '-DJucePlugin_ManufacturerEmail=""' '-DJucePlugin_PluginCode=0x43743031' '-DJucePlugin_ProducesMidiOutput=0' '-DJucePlugin_IsMidiEffect=0' '-DJucePlugin_WantsMidiInput=0' '-DJucePlugin_EditorRequiresKeyboardFocus=0' '-DJucePlugin_Name="Pitch Curve"' '-DJucePlugin_Desc="Pitch Curve"' '-DJucePlugin_Version=0.8' '-DJucePlugin_VersionString="0.8"' '-DJucePlugin_VersionCode=0x800' '-DJucePlugin_VSTUniqueID=JucePlugin_PluginCode' '-DJucePlugin_VSTCategory=kPlugCategEffect' '-DJucePlugin_Vst3Category="Fx|Pitch Shift"' '-DJucePlugin_AUMainType='\'aufx\' '-DJucePlugin_AUSubType=JucePlugin_PluginCode' '-DJucePlugin_AUExportPrefix=Pitch_CurveAU' '-DJucePlugin_AUExportPrefixQuoted="Pitch_CurveAU"' '-DJucePlugin_AUManufacturerCode=JucePlugin_ManufacturerCode' '-DJucePlugin_CFBundleIdentifier=audio.circus.pitchcurve' '-DJucePlugin_AAXIdentifier=audio.circus.pitchcurve' '-DJucePlugin_AAXManufacturerCode=JucePlugin_ManufacturerCode' '-DJucePlugin_AAXProductId=JucePlugin_PluginCode' '-DJucePlugin_AAXCategory=0' '-DJucePlugin_AAXDisableBypass=0' '-DJucePlugin_AAXDisableMultiMono=0' '-DJucePlugin_VSTNumMidiInputs=16' '-DJucePlugin_VSTNumMidiOutputs=16' '-DJucePlugin_Enable_ARA=0' '-DJucePlugin_ARAFactoryID="audio.circus.pitchcurve.arafactory.0.8"' '-DJucePlugin_ARADocumentArchiveID="audio.circus.pitchcurve.aradocumentarchive.1"' '-DJucePlugin_ARACompatibleArchiveIDs=""' '-DJucePlugin_ARAContentTypes=0' '-DJucePlugin_ARATransformationFlags=0' '-DJUCE_WEB_BROWSER=0' '-DJUCE_USE_CURL=0' '-DJUCE_VST3_CAN_REPLACE_VST2=0' '-DJUCE_DISPLAY_SPLASH_SCREEN=0' '-DJUCE_MODULE_AVAILABLE_juce_audio_plugin_client=1' '-DJUCE_MODULE_AVAILABLE_juce_audio_processors=1' '-DJUCE_MODULE_AVAILABLE_juce_gui_extra=1' '-DJUCE_MODULE_AVAILABLE_juce_gui_basics=1' '-DJUCE_MODULE_AVAILABLE_juce_graphics=1' '-DJUCE_MODULE_AVAILABLE_juce_events=1' '-DJUCE_MODULE_AVAILABLE_juce_core=1' '-DJUCE_MODULE_AVAILABLE_juce_data_structures=1' '-DJUCE_MODULE_AVAILABLE_juce_audio_basics=1' '-DJUCE_MODULE_AVAILABLE_juce_audio_utils=1' '-DJUCE_MODULE_AVAILABLE_juce_audio_formats=1' '-DJUCE_MODULE_AVAILABLE_juce_audio_devices=1' '-DJUCE_MODULE_AVAILABLE_juce_dsp=1' -DSIGNALSMITH_USE_ACCELERATE -DACCELERATE_NEW_LAPACK '-DJUCE_STANDALONE_APPLICATION=JucePlugin_Build_Standalone' '-DJucePlugin_Build_AU=0' '-DJucePlugin_Build_AUv3=0' '-DJucePlugin_Build_AAX=0' '-DJucePlugin_Build_LV2=0' '-DJucePlugin_Build_Standalone=1' '-DJucePlugin_Build_Unity=0' '-DJucePlugin_Build_VST=0' '-DJucePlugin_Build_VST3=0' '-DOBJC_OLD_DISPATCH_PROTOTYPES=1' -isysroot /Applications/Xcode_16.4.app/Contents/Developer/Platforms/MacOSX.platform/Developer/SDKs/MacOSX15.5.sdk -I/Users/runner/work/Pitch-Curve/Pitch-Curve/build/Contour_artefacts/Release/Standalone/include -I/Users/runner/work/Pitch-Curve/Pitch-Curve/build/Contour_artefacts/JuceLibraryCode -I/Users/runner/work/Pitch-Curve/Pitch-Curve/build/_deps/juce-src/modules -I/Users/runner/work/Pitch-Curve/Pitch-Curve/build/_deps/juce-src/modules/juce_audio_processors/format_types/VST3_SDK -I/Users/runner/work/Pitch-Curve/Pitch-Curve/build/_deps/juce-src/modules/juce_audio_processors/format_types/LV2_SDK -I/Users/runner/work/Pitch-Curve/Pitch-Curve/build/_deps/juce-src/modules/juce_audio_processors/format_types/LV2_SDK/lv2 -I/Users/runner/work/Pitch-Curve/Pitch-Curve/build/_deps/juce-src/modules/juce_audio_processors/format_types/LV2_SDK/serd -I/Users/runner/work/Pitch-Curve/Pitch-Curve/build/_deps/juce-src/modules/juce_audio_processors/format_types/LV2_SDK/sord -I/Users/runner/work/Pitch-Curve/Pitch-Curve/build/_deps/juce-src/modules/juce_audio_processors/format_types/LV2_SDK/sord/src -I/Users/runner/work/Pitch-Curve/Pitch-Curve/build/_deps/juce-src/modules/juce_audio_processors/format_types/LV2_SDK/sratom -I/Users/runner/work/Pitch-Curve/Pitch-Curve/build/_deps/juce-src/modules/juce_audio_processors/format_types/LV2_SDK/lilv -I/Users/runner/work/Pitch-Curve/Pitch-Curve/build/_deps/juce-src/modules/juce_audio_processors/format_types/LV2_SDK/lilv/src -I/Users/runner/work/Pitch-Curve/Pitch-Curve/build/_deps/signalsmith_stretch-src/include -I/Users/runner/work/Pitch-Curve/Pitch-Curve/build/_deps/signalsmith-linear-src/include -I/Users/runner/work/Pitch-Curve/Pitch-Curve/build/build/Contour_Standalone.build/Release/DerivedSources-normal/arm64 -I/Users/runner/work/Pitch-Curve/Pitch-Curve/build/build/Contour_Standalone.build/Release/DerivedSources/arm64 -I/Users/runner/work/Pitch-Curve/Pitch-Curve/build/build/Contour_Standalone.build/Release/DerivedSources -F/Users/runner/work/Pitch-Curve/Pitch-Curve/build/Contour_artefacts/Release/Standalone -DNDEBUG '-std=gnu++17' -fPIE '-fvisibility=hidden' -fvisibility-inlines-hidden

WriteAuxiliaryFile /Users/runner/work/Pitch-Curve/Pitch-Curve/build/build/Contour_Standalone.build/Release/Objects-normal/arm64/Pitch\ Curve.LinkFileList (in target 'Contour_Standalone' from project 'Contour')
    cd /Users/runner/work/Pitch-Curve/Pitch-Curve
    write-file /Users/runner/work/Pitch-Curve/Pitch-Curve/build/build/Contour_Standalone.build/Release/Objects-normal/arm64/Pitch\ Curve.LinkFileList

WriteAuxiliaryFile /Users/runner/work/Pitch-Curve/Pitch-Curve/build/build/Contour_Standalone.build/Release/Objects-normal/arm64/82b82416624d2658e5098eb0a28c15c5-common-args.resp (in target 'Contour_Standalone' from project 'Contour')
    cd /Users/runner/work/Pitch-Curve/Pitch-Curve
    write-file /Users/runner/work/Pitch-Curve/Pitch-Curve/build/build/Contour_Standalone.build/Release/Objects-normal/arm64/82b82416624d2658e5098eb0a28c15c5-common-args.resp
-target arm64-apple-macos15.5 -fpascal-strings -O3 '-DCMAKE_INTDIR="Release"' '-DJUCE_GLOBAL_MODULE_SETTINGS_INCLUDED=1' '-DNDEBUG=1' '-D_NDEBUG=1' '-DJucePlugin_IsSynth=0' '-DJucePlugin_ManufacturerCode=0x436e7472' '-DJucePlugin_Manufacturer="Circus Audio"' '-DJucePlugin_ManufacturerWebsite=""' '-DJucePlugin_ManufacturerEmail=""' '-DJucePlugin_PluginCode=0x43743031' '-DJucePlugin_ProducesMidiOutput=0' '-DJucePlugin_IsMidiEffect=0' '-DJucePlugin_WantsMidiInput=0' '-DJucePlugin_EditorRequiresKeyboardFocus=0' '-DJucePlugin_Name="Pitch Curve"' '-DJucePlugin_Desc="Pitch Curve"' '-DJucePlugin_Version=0.8' '-DJucePlugin_VersionString="0.8"' '-DJucePlugin_VersionCode=0x800' '-DJucePlugin_VSTUniqueID=JucePlugin_PluginCode' '-DJucePlugin_VSTCategory=kPlugCategEffect' '-DJucePlugin_Vst3Category="Fx|Pitch Shift"' '-DJucePlugin_AUMainType='\'aufx\' '-DJucePlugin_AUSubType=JucePlugin_PluginCode' '-DJucePlugin_AUExportPrefix=Pitch_CurveAU' '-DJucePlugin_AUExportPrefixQuoted="Pitch_CurveAU"' '-DJucePlugin_AUManufacturerCode=JucePlugin_ManufacturerCode' '-DJucePlugin_CFBundleIdentifier=audio.circus.pitchcurve' '-DJucePlugin_AAXIdentifier=audio.circus.pitchcurve' '-DJucePlugin_AAXManufacturerCode=JucePlugin_ManufacturerCode' '-DJucePlugin_AAXProductId=JucePlugin_PluginCode' '-DJucePlugin_AAXCategory=0' '-DJucePlugin_AAXDisableBypass=0' '-DJucePlugin_AAXDisableMultiMono=0' '-DJucePlugin_VSTNumMidiInputs=16' '-DJucePlugin_VSTNumMidiOutputs=16' '-DJucePlugin_Enable_ARA=0' '-DJucePlugin_ARAFactoryID="audio.circus.pitchcurve.arafactory.0.8"' '-DJucePlugin_ARADocumentArchiveID="audio.circus.pitchcurve.aradocumentarchive.1"' '-DJucePlugin_ARACompatibleArchiveIDs=""' '-DJucePlugin_ARAContentTypes=0' '-DJucePlugin_ARATransformationFlags=0' '-DJUCE_WEB_BROWSER=0' '-DJUCE_USE_CURL=0' '-DJUCE_VST3_CAN_REPLACE_VST2=0' '-DJUCE_DISPLAY_SPLASH_SCREEN=0' '-DJUCE_MODULE_AVAILABLE_juce_audio_plugin_client=1' '-DJUCE_MODULE_AVAILABLE_juce_audio_processors=1' '-DJUCE_MODULE_AVAILABLE_juce_gui_extra=1' '-DJUCE_MODULE_AVAILABLE_juce_gui_basics=1' '-DJUCE_MODULE_AVAILABLE_juce_graphics=1' '-DJUCE_MODULE_AVAILABLE_juce_events=1' '-DJUCE_MODULE_AVAILABLE_juce_core=1' '-DJUCE_MODULE_AVAILABLE_juce_data_structures=1' '-DJUCE_MODULE_AVAILABLE_juce_audio_basics=1' '-DJUCE_MODULE_AVAILABLE_juce_audio_utils=1' '-DJUCE_MODULE_AVAILABLE_juce_audio_formats=1' '-DJUCE_MODULE_AVAILABLE_juce_audio_devices=1' '-DJUCE_MODULE_AVAILABLE_juce_dsp=1' -DSIGNALSMITH_USE_ACCELERATE -DACCELERATE_NEW_LAPACK '-DJUCE_STANDALONE_APPLICATION=JucePlugin_Build_Standalone' '-DJucePlugin_Build_AU=0' '-DJucePlugin_Build_AUv3=0' '-DJucePlugin_Build_AAX=0' '-DJucePlugin_Build_LV2=0' '-DJucePlugin_Build_Standalone=1' '-DJucePlugin_Build_Unity=0' '-DJucePlugin_Build_VST=0' '-DJucePlugin_Build_VST3=0' -isysroot /Applications/Xcode_16.4.app/Contents/Developer/Platforms/MacOSX.platform/Developer/SDKs/MacOSX15.5.sdk -I/Users/runner/work/Pitch-Curve/Pitch-Curve/build/Contour_artefacts/Release/Standalone/include -I/Users/runner/work/Pitch-Curve/Pitch-Curve/build/Contour_artefacts/JuceLibraryCode -I/Users/runner/work/Pitch-Curve/Pitch-Curve/build/_deps/juce-src/modules -I/Users/runner/work/Pitch-Curve/Pitch-Curve/build/_deps/juce-src/modules/juce_audio_processors/format_types/VST3_SDK -I/Users/runner/work/Pitch-Curve/Pitch-Curve/build/_deps/juce-src/modules/juce_audio_processors/format_types/LV2_SDK -I/Users/runner/work/Pitch-Curve/Pitch-Curve/build/_deps/juce-src/modules/juce_audio_processors/format_types/LV2_SDK/lv2 -I/Users/runner/work/Pitch-Curve/Pitch-Curve/build/_deps/juce-src/modules/juce_audio_processors/format_types/LV2_SDK/serd -I/Users/runner/work/Pitch-Curve/Pitch-Curve/build/_deps/juce-src/modules/juce_audio_processors/format_types/LV2_SDK/sord -I/Users/runner/work/Pitch-Curve/Pitch-Curve/build/_deps/juce-src/modules/juce_audio_processors/format_types/LV2_SDK/sord/src -I/Users/runner/work/Pitch-Curve/Pitch-Curve/build/_deps/juce-src/modules/juce_audio_processors/format_types/LV2_SDK/sratom -I/Users/runner/work/Pitch-Curve/Pitch-Curve/build/_deps/juce-src/modules/juce_audio_processors/format_types/LV2_SDK/lilv -I/Users/runner/work/Pitch-Curve/Pitch-Curve/build/_deps/juce-src/modules/juce_audio_processors/format_types/LV2_SDK/lilv/src -I/Users/runner/work/Pitch-Curve/Pitch-Curve/build/_deps/signalsmith_stretch-src/include -I/Users/runner/work/Pitch-Curve/Pitch-Curve/build/_deps/signalsmith-linear-src/include -I/Users/runner/work/Pitch-Curve/Pitch-Curve/build/build/Contour_Standalone.build/Release/DerivedSources-normal/arm64 -I/Users/runner/work/Pitch-Curve/Pitch-Curve/build/build/Contour_Standalone.build/Release/DerivedSources/arm64 -I/Users/runner/work/Pitch-Curve/Pitch-Curve/build/build/Contour_Standalone.build/Release/DerivedSources -F/Users/runner/work/Pitch-Curve/Pitch-Curve/build/Contour_artefacts/Release/Standalone -DNDEBUG '-std=gnu++17' -fPIE '-fvisibility=hidden' -fvisibility-inlines-hidden

WriteAuxiliaryFile /Users/runner/work/Pitch-Curve/Pitch-Curve/build/build/Contour_Standalone.build/Release/DerivedSources/Entitlements.plist (in target 'Contour_Standalone' from project 'Contour')
    cd /Users/runner/work/Pitch-Curve/Pitch-Curve
    write-file /Users/runner/work/Pitch-Curve/Pitch-Curve/build/build/Contour_Standalone.build/Release/DerivedSources/Entitlements.plist

WriteAuxiliaryFile /Users/runner/work/Pitch-Curve/Pitch-Curve/build/build/Contour_AU.build/Release/Script-F6CE9E3B3EB846898078A59A.sh (in target 'Contour_AU' from project 'Contour')
    cd /Users/runner/work/Pitch-Curve/Pitch-Curve
    write-file /Users/runner/work/Pitch-Curve/Pitch-Curve/build/build/Contour_AU.build/Release/Script-F6CE9E3B3EB846898078A59A.sh

WriteAuxiliaryFile /Users/runner/work/Pitch-Curve/Pitch-Curve/build/build/Contour_AU.build/Release/Script-D44313BDFAD8F6E30342331F.sh (in target 'Contour_AU' from project 'Contour')
    cd /Users/runner/work/Pitch-Curve/Pitch-Curve
    write-file /Users/runner/work/Pitch-Curve/Pitch-Curve/build/build/Contour_AU.build/Release/Script-D44313BDFAD8F6E30342331F.sh

WriteAuxiliaryFile /Users/runner/work/Pitch-Curve/Pitch-Curve/build/build/Contour_AU.build/Release/Pitch\ Curve.DependencyStaticMetadataFileList (in target 'Contour_AU' from project 'Contour')
    cd /Users/runner/work/Pitch-Curve/Pitch-Curve
    write-file /Users/runner/work/Pitch-Curve/Pitch-Curve/build/build/Contour_AU.build/Release/Pitch\ Curve.DependencyStaticMetadataFileList

WriteAuxiliaryFile /Users/runner/work/Pitch-Curve/Pitch-Curve/build/build/Contour_AU.build/Release/Pitch\ Curve.DependencyMetadataFileList (in target 'Contour_AU' from project 'Contour')
    cd /Users/runner/work/Pitch-Curve/Pitch-Curve
    write-file /Users/runner/work/Pitch-Curve/Pitch-Curve/build/build/Contour_AU.build/Release/Pitch\ Curve.DependencyMetadataFileList

WriteAuxiliaryFile /Users/runner/work/Pitch-Curve/Pitch-Curve/build/build/Contour_AU.build/Release/Objects-normal/x86_64/af3fcb34312c57c0f52879cdce924b91-common-args.resp (in target 'Contour_AU' from project 'Contour')
    cd /Users/runner/work/Pitch-Curve/Pitch-Curve
    write-file /Users/runner/work/Pitch-Curve/Pitch-Curve/build/build/Contour_AU.build/Release/Objects-normal/x86_64/af3fcb34312c57c0f52879cdce924b91-common-args.resp
-target x86_64-apple-macos15.5 -fpascal-strings -O3 '-DCMAKE_INTDIR="Release"' -DContour_AU_EXPORTS '-DJUCE_GLOBAL_MODULE_SETTINGS_INCLUDED=1' '-DNDEBUG=1' '-D_NDEBUG=1' '-DJucePlugin_IsSynth=0' '-DJucePlugin_ManufacturerCode=0x436e7472' '-DJucePlugin_Manufacturer="Circus Audio"' '-DJucePlugin_ManufacturerWebsite=""' '-DJucePlugin_ManufacturerEmail=""' '-DJucePlugin_PluginCode=0x43743031' '-DJucePlugin_ProducesMidiOutput=0' '-DJucePlugin_IsMidiEffect=0' '-DJucePlugin_WantsMidiInput=0' '-DJucePlugin_EditorRequiresKeyboardFocus=0' '-DJucePlugin_Name="Pitch Curve"' '-DJucePlugin_Desc="Pitch Curve"' '-DJucePlugin_Version=0.8' '-DJucePlugin_VersionString="0.8"' '-DJucePlugin_VersionCode=0x800' '-DJucePlugin_VSTUniqueID=JucePlugin_PluginCode' '-DJucePlugin_VSTCategory=kPlugCategEffect' '-DJucePlugin_Vst3Category="Fx|Pitch Shift"' '-DJucePlugin_AUMainType='\'aufx\' '-DJucePlugin_AUSubType=JucePlugin_PluginCode' '-DJucePlugin_AUExportPrefix=Pitch_CurveAU' '-DJucePlugin_AUExportPrefixQuoted="Pitch_CurveAU"' '-DJucePlugin_AUManufacturerCode=JucePlugin_ManufacturerCode' '-DJucePlugin_CFBundleIdentifier=audio.circus.pitchcurve' '-DJucePlugin_AAXIdentifier=audio.circus.pitchcurve' '-DJucePlugin_AAXManufacturerCode=JucePlugin_ManufacturerCode' '-DJucePlugin_AAXProductId=JucePlugin_PluginCode' '-DJucePlugin_AAXCategory=0' '-DJucePlugin_AAXDisableBypass=0' '-DJucePlugin_AAXDisableMultiMono=0' '-DJucePlugin_VSTNumMidiInputs=16' '-DJucePlugin_VSTNumMidiOutputs=16' '-DJucePlugin_Enable_ARA=0' '-DJucePlugin_ARAFactoryID="audio.circus.pitchcurve.arafactory.0.8"' '-DJucePlugin_ARADocumentArchiveID="audio.circus.pitchcurve.aradocumentarchive.1"' '-DJucePlugin_ARACompatibleArchiveIDs=""' '-DJucePlugin_ARAContentTypes=0' '-DJucePlugin_ARATransformationFlags=0' '-DJUCE_WEB_BROWSER=0' '-DJUCE_USE_CURL=0' '-DJUCE_VST3_CAN_REPLACE_VST2=0' '-DJUCE_DISPLAY_SPLASH_SCREEN=0' '-DJUCE_MODULE_AVAILABLE_juce_audio_plugin_client=1' '-DJUCE_MODULE_AVAILABLE_juce_audio_processors=1' '-DJUCE_MODULE_AVAILABLE_juce_gui_extra=1' '-DJUCE_MODULE_AVAILABLE_juce_gui_basics=1' '-DJUCE_MODULE_AVAILABLE_juce_graphics=1' '-DJUCE_MODULE_AVAILABLE_juce_events=1' '-DJUCE_MODULE_AVAILABLE_juce_core=1' '-DJUCE_MODULE_AVAILABLE_juce_data_structures=1' '-DJUCE_MODULE_AVAILABLE_juce_audio_basics=1' '-DJUCE_MODULE_AVAILABLE_juce_audio_utils=1' '-DJUCE_MODULE_AVAILABLE_juce_audio_formats=1' '-DJUCE_MODULE_AVAILABLE_juce_audio_devices=1' '-DJUCE_MODULE_AVAILABLE_juce_dsp=1' -DSIGNALSMITH_USE_ACCELERATE -DACCELERATE_NEW_LAPACK '-DJUCE_STANDALONE_APPLICATION=JucePlugin_Build_Standalone' '-DJucePlugin_Build_AU=1' '-DJucePlugin_Build_AUv3=0' '-DJucePlugin_Build_AAX=0' '-DJucePlugin_Build_LV2=0' '-DJucePlugin_Build_Standalone=0' '-DJucePlugin_Build_Unity=0' '-DJucePlugin_Build_VST=0' '-DJucePlugin_Build_VST3=0' '-DOBJC_OLD_DISPATCH_PROTOTYPES=1' -isysroot /Applications/Xcode_16.4.app/Contents/Developer/Platforms/MacOSX.platform/Developer/SDKs/MacOSX15.5.sdk -fasm-blocks -I/Users/runner/work/Pitch-Curve/Pitch-Curve/build/Contour_artefacts/Release/AU/include -I/Users/runner/work/Pitch-Curve/Pitch-Curve/build/Contour_artefacts/JuceLibraryCode -I/Users/runner/work/Pitch-Curve/Pitch-Curve/build/_deps/juce-src/modules -I/Users/runner/work/Pitch-Curve/Pitch-Curve/build/_deps/juce-src/modules/juce_audio_processors/format_types/VST3_SDK -I/Users/runner/work/Pitch-Curve/Pitch-Curve/build/_deps/juce-src/modules/juce_audio_processors/format_types/LV2_SDK -I/Users/runner/work/Pitch-Curve/Pitch-Curve/build/_deps/juce-src/modules/juce_audio_processors/format_types/LV2_SDK/lv2 -I/Users/runner/work/Pitch-Curve/Pitch-Curve/build/_deps/juce-src/modules/juce_audio_processors/format_types/LV2_SDK/serd -I/Users/runner/work/Pitch-Curve/Pitch-Curve/build/_deps/juce-src/modules/juce_audio_processors/format_types/LV2_SDK/sord -I/Users/runner/work/Pitch-Curve/Pitch-Curve/build/_deps/juce-src/modules/juce_audio_processors/format_types/LV2_SDK/sord/src -I/Users/runner/work/Pitch-Curve/Pitch-Curve/build/_deps/juce-src/modules/juce_audio_processors/format_types/LV2_SDK/sratom -I/Users/runner/work/Pitch-Curve/Pitch-Curve/build/_deps/juce-src/modules/juce_audio_processors/format_types/LV2_SDK/lilv -I/Users/runner/work/Pitch-Curve/Pitch-Curve/build/_deps/juce-src/modules/juce_audio_processors/format_types/LV2_SDK/lilv/src -I/Users/runner/work/Pitch-Curve/Pitch-Curve/build/_deps/signalsmith_stretch-src/include -I/Users/runner/work/Pitch-Curve/Pitch-Curve/build/_deps/signalsmith-linear-src/include -I/Users/runner/work/Pitch-Curve/Pitch-Curve/build/_deps/juce-src/modules/juce_audio_plugin_client/AU -I/Users/runner/work/Pitch-Curve/Pitch-Curve/build/build/Contour_AU.build/Release/DerivedSources-normal/x86_64 -I/Users/runner/work/Pitch-Curve/Pitch-Curve/build/build/Contour_AU.build/Release/DerivedSources/x86_64 -I/Users/runner/work/Pitch-Curve/Pitch-Curve/build/build/Contour_AU.build/Release/DerivedSources -F/Users/runner/work/Pitch-Curve/Pitch-Curve/build/Contour_artefacts/Release/AU -DNDEBUG '-std=gnu++17' -fPIC '-fvisibility=hidden' -fvisibility-inlines-hidden

WriteAuxiliaryFile /Users/runner/work/Pitch-Curve/Pitch-Curve/build/build/Contour_AU.build/Release/Objects-normal/x86_64/Pitch\ Curve.LinkFileList (in target 'Contour_AU' from project 'Contour')
    cd /Users/runner/work/Pitch-Curve/Pitch-Curve
    write-file /Users/runner/work/Pitch-Curve/Pitch-Curve/build/build/Contour_AU.build/Release/Objects-normal/x86_64/Pitch\ Curve.LinkFileList

WriteAuxiliaryFile /Users/runner/work/Pitch-Curve/Pitch-Curve/build/build/Contour_AU.build/Release/Objects-normal/x86_64/82b82416624d2658e5098eb0a28c15c5-common-args.resp (in target 'Contour_AU' from project 'Contour')
    cd /Users/runner/work/Pitch-Curve/Pitch-Curve
    write-file /Users/runner/work/Pitch-Curve/Pitch-Curve/build/build/Contour_AU.build/Release/Objects-normal/x86_64/82b82416624d2658e5098eb0a28c15c5-common-args.resp
-target x86_64-apple-macos15.5 -fpascal-strings -O3 '-DCMAKE_INTDIR="Release"' -DContour_AU_EXPORTS '-DJUCE_GLOBAL_MODULE_SETTINGS_INCLUDED=1' '-DNDEBUG=1' '-D_NDEBUG=1' '-DJucePlugin_IsSynth=0' '-DJucePlugin_ManufacturerCode=0x436e7472' '-DJucePlugin_Manufacturer="Circus Audio"' '-DJucePlugin_ManufacturerWebsite=""' '-DJucePlugin_ManufacturerEmail=""' '-DJucePlugin_PluginCode=0x43743031' '-DJucePlugin_ProducesMidiOutput=0' '-DJucePlugin_IsMidiEffect=0' '-DJucePlugin_WantsMidiInput=0' '-DJucePlugin_EditorRequiresKeyboardFocus=0' '-DJucePlugin_Name="Pitch Curve"' '-DJucePlugin_Desc="Pitch Curve"' '-DJucePlugin_Version=0.8' '-DJucePlugin_VersionString="0.8"' '-DJucePlugin_VersionCode=0x800' '-DJucePlugin_VSTUniqueID=JucePlugin_PluginCode' '-DJucePlugin_VSTCategory=kPlugCategEffect' '-DJucePlugin_Vst3Category="Fx|Pitch Shift"' '-DJucePlugin_AUMainType='\'aufx\' '-DJucePlugin_AUSubType=JucePlugin_PluginCode' '-DJucePlugin_AUExportPrefix=Pitch_CurveAU' '-DJucePlugin_AUExportPrefixQuoted="Pitch_CurveAU"' '-DJucePlugin_AUManufacturerCode=JucePlugin_ManufacturerCode' '-DJucePlugin_CFBundleIdentifier=audio.circus.pitchcurve' '-DJucePlugin_AAXIdentifier=audio.circus.pitchcurve' '-DJucePlugin_AAXManufacturerCode=JucePlugin_ManufacturerCode' '-DJucePlugin_AAXProductId=JucePlugin_PluginCode' '-DJucePlugin_AAXCategory=0' '-DJucePlugin_AAXDisableBypass=0' '-DJucePlugin_AAXDisableMultiMono=0' '-DJucePlugin_VSTNumMidiInputs=16' '-DJucePlugin_VSTNumMidiOutputs=16' '-DJucePlugin_Enable_ARA=0' '-DJucePlugin_ARAFactoryID="audio.circus.pitchcurve.arafactory.0.8"' '-DJucePlugin_ARADocumentArchiveID="audio.circus.pitchcurve.aradocumentarchive.1"' '-DJucePlugin_ARACompatibleArchiveIDs=""' '-DJucePlugin_ARAContentTypes=0' '-DJucePlugin_ARATransformationFlags=0' '-DJUCE_WEB_BROWSER=0' '-DJUCE_USE_CURL=0' '-DJUCE_VST3_CAN_REPLACE_VST2=0' '-DJUCE_DISPLAY_SPLASH_SCREEN=0' '-DJUCE_MODULE_AVAILABLE_juce_audio_plugin_client=1' '-DJUCE_MODULE_AVAILABLE_juce_audio_processors=1' '-DJUCE_MODULE_AVAILABLE_juce_gui_extra=1' '-DJUCE_MODULE_AVAILABLE_juce_gui_basics=1' '-DJUCE_MODULE_AVAILABLE_juce_graphics=1' '-DJUCE_MODULE_AVAILABLE_juce_events=1' '-DJUCE_MODULE_AVAILABLE_juce_core=1' '-DJUCE_MODULE_AVAILABLE_juce_data_structures=1' '-DJUCE_MODULE_AVAILABLE_juce_audio_basics=1' '-DJUCE_MODULE_AVAILABLE_juce_audio_utils=1' '-DJUCE_MODULE_AVAILABLE_juce_audio_formats=1' '-DJUCE_MODULE_AVAILABLE_juce_audio_devices=1' '-DJUCE_MODULE_AVAILABLE_juce_dsp=1' -DSIGNALSMITH_USE_ACCELERATE -DACCELERATE_NEW_LAPACK '-DJUCE_STANDALONE_APPLICATION=JucePlugin_Build_Standalone' '-DJucePlugin_Build_AU=1' '-DJucePlugin_Build_AUv3=0' '-DJucePlugin_Build_AAX=0' '-DJucePlugin_Build_LV2=0' '-DJucePlugin_Build_Standalone=0' '-DJucePlugin_Build_Unity=0' '-DJucePlugin_Build_VST=0' '-DJucePlugin_Build_VST3=0' -isysroot /Applications/Xcode_16.4.app/Contents/Developer/Platforms/MacOSX.platform/Developer/SDKs/MacOSX15.5.sdk -fasm-blocks -I/Users/runner/work/Pitch-Curve/Pitch-Curve/build/Contour_artefacts/Release/AU/include -I/Users/runner/work/Pitch-Curve/Pitch-Curve/build/Contour_artefacts/JuceLibraryCode -I/Users/runner/work/Pitch-Curve/Pitch-Curve/build/_deps/juce-src/modules -I/Users/runner/work/Pitch-Curve/Pitch-Curve/build/_deps/juce-src/modules/juce_audio_processors/format_types/VST3_SDK -I/Users/runner/work/Pitch-Curve/Pitch-Curve/build/_deps/juce-src/modules/juce_audio_processors/format_types/LV2_SDK -I/Users/runner/work/Pitch-Curve/Pitch-Curve/build/_deps/juce-src/modules/juce_audio_processors/format_types/LV2_SDK/lv2 -I/Users/runner/work/Pitch-Curve/Pitch-Curve/build/_deps/juce-src/modules/juce_audio_processors/format_types/LV2_SDK/serd -I/Users/runner/work/Pitch-Curve/Pitch-Curve/build/_deps/juce-src/modules/juce_audio_processors/format_types/LV2_SDK/sord -I/Users/runner/work/Pitch-Curve/Pitch-Curve/build/_deps/juce-src/modules/juce_audio_processors/format_types/LV2_SDK/sord/src -I/Users/runner/work/Pitch-Curve/Pitch-Curve/build/_deps/juce-src/modules/juce_audio_processors/format_types/LV2_SDK/sratom -I/Users/runner/work/Pitch-Curve/Pitch-Curve/build/_deps/juce-src/modules/juce_audio_processors/format_types/LV2_SDK/lilv -I/Users/runner/work/Pitch-Curve/Pitch-Curve/build/_deps/juce-src/modules/juce_audio_processors/format_types/LV2_SDK/lilv/src -I/Users/runner/work/Pitch-Curve/Pitch-Curve/build/_deps/signalsmith_stretch-src/include -I/Users/runner/work/Pitch-Curve/Pitch-Curve/build/_deps/signalsmith-linear-src/include -I/Users/runner/work/Pitch-Curve/Pitch-Curve/build/_deps/juce-src/modules/juce_audio_plugin_client/AU -I/Users/runner/work/Pitch-Curve/Pitch-Curve/build/build/Contour_AU.build/Release/DerivedSources-normal/x86_64 -I/Users/runner/work/Pitch-Curve/Pitch-Curve/build/build/Contour_AU.build/Release/DerivedSources/x86_64 -I/Users/runner/work/Pitch-Curve/Pitch-Curve/build/build/Contour_AU.build/Release/DerivedSources -F/Users/runner/work/Pitch-Curve/Pitch-Curve/build/Contour_artefacts/Release/AU -DNDEBUG '-std=gnu++17' -fPIC '-fvisibility=hidden' -fvisibility-inlines-hidden

WriteAuxiliaryFile /Users/runner/work/Pitch-Curve/Pitch-Curve/build/build/Contour_AU.build/Release/Objects-normal/arm64/af3fcb34312c57c0f52879cdce924b91-common-args.resp (in target 'Contour_AU' from project 'Contour')
    cd /Users/runner/work/Pitch-Curve/Pitch-Curve
    write-file /Users/runner/work/Pitch-Curve/Pitch-Curve/build/build/Contour_AU.build/Release/Objects-normal/arm64/af3fcb34312c57c0f52879cdce924b91-common-args.resp
-target arm64-apple-macos15.5 -fpascal-strings -O3 '-DCMAKE_INTDIR="Release"' -DContour_AU_EXPORTS '-DJUCE_GLOBAL_MODULE_SETTINGS_INCLUDED=1' '-DNDEBUG=1' '-D_NDEBUG=1' '-DJucePlugin_IsSynth=0' '-DJucePlugin_ManufacturerCode=0x436e7472' '-DJucePlugin_Manufacturer="Circus Audio"' '-DJucePlugin_ManufacturerWebsite=""' '-DJucePlugin_ManufacturerEmail=""' '-DJucePlugin_PluginCode=0x43743031' '-DJucePlugin_ProducesMidiOutput=0' '-DJucePlugin_IsMidiEffect=0' '-DJucePlugin_WantsMidiInput=0' '-DJucePlugin_EditorRequiresKeyboardFocus=0' '-DJucePlugin_Name="Pitch Curve"' '-DJucePlugin_Desc="Pitch Curve"' '-DJucePlugin_Version=0.8' '-DJucePlugin_VersionString="0.8"' '-DJucePlugin_VersionCode=0x800' '-DJucePlugin_VSTUniqueID=JucePlugin_PluginCode' '-DJucePlugin_VSTCategory=kPlugCategEffect' '-DJucePlugin_Vst3Category="Fx|Pitch Shift"' '-DJucePlugin_AUMainType='\'aufx\' '-DJucePlugin_AUSubType=JucePlugin_PluginCode' '-DJucePlugin_AUExportPrefix=Pitch_CurveAU' '-DJucePlugin_AUExportPrefixQuoted="Pitch_CurveAU"' '-DJucePlugin_AUManufacturerCode=JucePlugin_ManufacturerCode' '-DJucePlugin_CFBundleIdentifier=audio.circus.pitchcurve' '-DJucePlugin_AAXIdentifier=audio.circus.pitchcurve' '-DJucePlugin_AAXManufacturerCode=JucePlugin_ManufacturerCode' '-DJucePlugin_AAXProductId=JucePlugin_PluginCode' '-DJucePlugin_AAXCategory=0' '-DJucePlugin_AAXDisableBypass=0' '-DJucePlugin_AAXDisableMultiMono=0' '-DJucePlugin_VSTNumMidiInputs=16' '-DJucePlugin_VSTNumMidiOutputs=16' '-DJucePlugin_Enable_ARA=0' '-DJucePlugin_ARAFactoryID="audio.circus.pitchcurve.arafactory.0.8"' '-DJucePlugin_ARADocumentArchiveID="audio.circus.pitchcurve.aradocumentarchive.1"' '-DJucePlugin_ARACompatibleArchiveIDs=""' '-DJucePlugin_ARAContentTypes=0' '-DJucePlugin_ARATransformationFlags=0' '-DJUCE_WEB_BROWSER=0' '-DJUCE_USE_CURL=0' '-DJUCE_VST3_CAN_REPLACE_VST2=0' '-DJUCE_DISPLAY_SPLASH_SCREEN=0' '-DJUCE_MODULE_AVAILABLE_juce_audio_plugin_client=1' '-DJUCE_MODULE_AVAILABLE_juce_audio_processors=1' '-DJUCE_MODULE_AVAILABLE_juce_gui_extra=1' '-DJUCE_MODULE_AVAILABLE_juce_gui_basics=1' '-DJUCE_MODULE_AVAILABLE_juce_graphics=1' '-DJUCE_MODULE_AVAILABLE_juce_events=1' '-DJUCE_MODULE_AVAILABLE_juce_core=1' '-DJUCE_MODULE_AVAILABLE_juce_data_structures=1' '-DJUCE_MODULE_AVAILABLE_juce_audio_basics=1' '-DJUCE_MODULE_AVAILABLE_juce_audio_utils=1' '-DJUCE_MODULE_AVAILABLE_juce_audio_formats=1' '-DJUCE_MODULE_AVAILABLE_juce_audio_devices=1' '-DJUCE_MODULE_AVAILABLE_juce_dsp=1' -DSIGNALSMITH_USE_ACCELERATE -DACCELERATE_NEW_LAPACK '-DJUCE_STANDALONE_APPLICATION=JucePlugin_Build_Standalone' '-DJucePlugin_Build_AU=1' '-DJucePlugin_Build_AUv3=0' '-DJucePlugin_Build_AAX=0' '-DJucePlugin_Build_LV2=0' '-DJucePlugin_Build_Standalone=0' '-DJucePlugin_Build_Unity=0' '-DJucePlugin_Build_VST=0' '-DJucePlugin_Build_VST3=0' '-DOBJC_OLD_DISPATCH_PROTOTYPES=1' -isysroot /Applications/Xcode_16.4.app/Contents/Developer/Platforms/MacOSX.platform/Developer/SDKs/MacOSX15.5.sdk -I/Users/runner/work/Pitch-Curve/Pitch-Curve/build/Contour_artefacts/Release/AU/include -I/Users/runner/work/Pitch-Curve/Pitch-Curve/build/Contour_artefacts/JuceLibraryCode -I/Users/runner/work/Pitch-Curve/Pitch-Curve/build/_deps/juce-src/modules -I/Users/runner/work/Pitch-Curve/Pitch-Curve/build/_deps/juce-src/modules/juce_audio_processors/format_types/VST3_SDK -I/Users/runner/work/Pitch-Curve/Pitch-Curve/build/_deps/juce-src/modules/juce_audio_processors/format_types/LV2_SDK -I/Users/runner/work/Pitch-Curve/Pitch-Curve/build/_deps/juce-src/modules/juce_audio_processors/format_types/LV2_SDK/lv2 -I/Users/runner/work/Pitch-Curve/Pitch-Curve/build/_deps/juce-src/modules/juce_audio_processors/format_types/LV2_SDK/serd -I/Users/runner/work/Pitch-Curve/Pitch-Curve/build/_deps/juce-src/modules/juce_audio_processors/format_types/LV2_SDK/sord -I/Users/runner/work/Pitch-Curve/Pitch-Curve/build/_deps/juce-src/modules/juce_audio_processors/format_types/LV2_SDK/sord/src -I/Users/runner/work/Pitch-Curve/Pitch-Curve/build/_deps/juce-src/modules/juce_audio_processors/format_types/LV2_SDK/sratom -I/Users/runner/work/Pitch-Curve/Pitch-Curve/build/_deps/juce-src/modules/juce_audio_processors/format_types/LV2_SDK/lilv -I/Users/runner/work/Pitch-Curve/Pitch-Curve/build/_deps/juce-src/modules/juce_audio_processors/format_types/LV2_SDK/lilv/src -I/Users/runner/work/Pitch-Curve/Pitch-Curve/build/_deps/signalsmith_stretch-src/include -I/Users/runner/work/Pitch-Curve/Pitch-Curve/build/_deps/signalsmith-linear-src/include -I/Users/runner/work/Pitch-Curve/Pitch-Curve/build/_deps/juce-src/modules/juce_audio_plugin_client/AU -I/Users/runner/work/Pitch-Curve/Pitch-Curve/build/build/Contour_AU.build/Release/DerivedSources-normal/arm64 -I/Users/runner/work/Pitch-Curve/Pitch-Curve/build/build/Contour_AU.build/Release/DerivedSources/arm64 -I/Users/runner/work/Pitch-Curve/Pitch-Curve/build/build/Contour_AU.build/Release/DerivedSources -F/Users/runner/work/Pitch-Curve/Pitch-Curve/build/Contour_artefacts/Release/AU -DNDEBUG '-std=gnu++17' -fPIC '-fvisibility=hidden' -fvisibility-inlines-hidden

WriteAuxiliaryFile /Users/runner/work/Pitch-Curve/Pitch-Curve/build/build/Contour_AU.build/Release/Objects-normal/arm64/Pitch\ Curve.LinkFileList (in target 'Contour_AU' from project 'Contour')
    cd /Users/runner/work/Pitch-Curve/Pitch-Curve
    write-file /Users/runner/work/Pitch-Curve/Pitch-Curve/build/build/Contour_AU.build/Release/Objects-normal/arm64/Pitch\ Curve.LinkFileList

WriteAuxiliaryFile /Users/runner/work/Pitch-Curve/Pitch-Curve/build/build/Contour_AU.build/Release/Objects-normal/arm64/82b82416624d2658e5098eb0a28c15c5-common-args.resp (in target 'Contour_AU' from project 'Contour')
    cd /Users/runner/work/Pitch-Curve/Pitch-Curve
    write-file /Users/runner/work/Pitch-Curve/Pitch-Curve/build/build/Contour_AU.build/Release/Objects-normal/arm64/82b82416624d2658e5098eb0a28c15c5-common-args.resp
-target arm64-apple-macos15.5 -fpascal-strings -O3 '-DCMAKE_INTDIR="Release"' -DContour_AU_EXPORTS '-DJUCE_GLOBAL_MODULE_SETTINGS_INCLUDED=1' '-DNDEBUG=1' '-D_NDEBUG=1' '-DJucePlugin_IsSynth=0' '-DJucePlugin_ManufacturerCode=0x436e7472' '-DJucePlugin_Manufacturer="Circus Audio"' '-DJucePlugin_ManufacturerWebsite=""' '-DJucePlugin_ManufacturerEmail=""' '-DJucePlugin_PluginCode=0x43743031' '-DJucePlugin_ProducesMidiOutput=0' '-DJucePlugin_IsMidiEffect=0' '-DJucePlugin_WantsMidiInput=0' '-DJucePlugin_EditorRequiresKeyboardFocus=0' '-DJucePlugin_Name="Pitch Curve"' '-DJucePlugin_Desc="Pitch Curve"' '-DJucePlugin_Version=0.8' '-DJucePlugin_VersionString="0.8"' '-DJucePlugin_VersionCode=0x800' '-DJucePlugin_VSTUniqueID=JucePlugin_PluginCode' '-DJucePlugin_VSTCategory=kPlugCategEffect' '-DJucePlugin_Vst3Category="Fx|Pitch Shift"' '-DJucePlugin_AUMainType='\'aufx\' '-DJucePlugin_AUSubType=JucePlugin_PluginCode' '-DJucePlugin_AUExportPrefix=Pitch_CurveAU' '-DJucePlugin_AUExportPrefixQuoted="Pitch_CurveAU"' '-DJucePlugin_AUManufacturerCode=JucePlugin_ManufacturerCode' '-DJucePlugin_CFBundleIdentifier=audio.circus.pitchcurve' '-DJucePlugin_AAXIdentifier=audio.circus.pitchcurve' '-DJucePlugin_AAXManufacturerCode=JucePlugin_ManufacturerCode' '-DJucePlugin_AAXProductId=JucePlugin_PluginCode' '-DJucePlugin_AAXCategory=0' '-DJucePlugin_AAXDisableBypass=0' '-DJucePlugin_AAXDisableMultiMono=0' '-DJucePlugin_VSTNumMidiInputs=16' '-DJucePlugin_VSTNumMidiOutputs=16' '-DJucePlugin_Enable_ARA=0' '-DJucePlugin_ARAFactoryID="audio.circus.pitchcurve.arafactory.0.8"' '-DJucePlugin_ARADocumentArchiveID="audio.circus.pitchcurve.aradocumentarchive.1"' '-DJucePlugin_ARACompatibleArchiveIDs=""' '-DJucePlugin_ARAContentTypes=0' '-DJucePlugin_ARATransformationFlags=0' '-DJUCE_WEB_BROWSER=0' '-DJUCE_USE_CURL=0' '-DJUCE_VST3_CAN_REPLACE_VST2=0' '-DJUCE_DISPLAY_SPLASH_SCREEN=0' '-DJUCE_MODULE_AVAILABLE_juce_audio_plugin_client=1' '-DJUCE_MODULE_AVAILABLE_juce_audio_processors=1' '-DJUCE_MODULE_AVAILABLE_juce_gui_extra=1' '-DJUCE_MODULE_AVAILABLE_juce_gui_basics=1' '-DJUCE_MODULE_AVAILABLE_juce_graphics=1' '-DJUCE_MODULE_AVAILABLE_juce_events=1' '-DJUCE_MODULE_AVAILABLE_juce_core=1' '-DJUCE_MODULE_AVAILABLE_juce_data_structures=1' '-DJUCE_MODULE_AVAILABLE_juce_audio_basics=1' '-DJUCE_MODULE_AVAILABLE_juce_audio_utils=1' '-DJUCE_MODULE_AVAILABLE_juce_audio_formats=1' '-DJUCE_MODULE_AVAILABLE_juce_audio_devices=1' '-DJUCE_MODULE_AVAILABLE_juce_dsp=1' -DSIGNALSMITH_USE_ACCELERATE -DACCELERATE_NEW_LAPACK '-DJUCE_STANDALONE_APPLICATION=JucePlugin_Build_Standalone' '-DJucePlugin_Build_AU=1' '-DJucePlugin_Build_AUv3=0' '-DJucePlugin_Build_AAX=0' '-DJucePlugin_Build_LV2=0' '-DJucePlugin_Build_Standalone=0' '-DJucePlugin_Build_Unity=0' '-DJucePlugin_Build_VST=0' '-DJucePlugin_Build_VST3=0' -isysroot /Applications/Xcode_16.4.app/Contents/Developer/Platforms/MacOSX.platform/Developer/SDKs/MacOSX15.5.sdk -I/Users/runner/work/Pitch-Curve/Pitch-Curve/build/Contour_artefacts/Release/AU/include -I/Users/runner/work/Pitch-Curve/Pitch-Curve/build/Contour_artefacts/JuceLibraryCode -I/Users/runner/work/Pitch-Curve/Pitch-Curve/build/_deps/juce-src/modules -I/Users/runner/work/Pitch-Curve/Pitch-Curve/build/_deps/juce-src/modules/juce_audio_processors/format_types/VST3_SDK -I/Users/runner/work/Pitch-Curve/Pitch-Curve/build/_deps/juce-src/modules/juce_audio_processors/format_types/LV2_SDK -I/Users/runner/work/Pitch-Curve/Pitch-Curve/build/_deps/juce-src/modules/juce_audio_processors/format_types/LV2_SDK/lv2 -I/Users/runner/work/Pitch-Curve/Pitch-Curve/build/_deps/juce-src/modules/juce_audio_processors/format_types/LV2_SDK/serd -I/Users/runner/work/Pitch-Curve/Pitch-Curve/build/_deps/juce-src/modules/juce_audio_processors/format_types/LV2_SDK/sord -I/Users/runner/work/Pitch-Curve/Pitch-Curve/build/_deps/juce-src/modules/juce_audio_processors/format_types/LV2_SDK/sord/src -I/Users/runner/work/Pitch-Curve/Pitch-Curve/build/_deps/juce-src/modules/juce_audio_processors/format_types/LV2_SDK/sratom -I/Users/runner/work/Pitch-Curve/Pitch-Curve/build/_deps/juce-src/modules/juce_audio_processors/format_types/LV2_SDK/lilv -I/Users/runner/work/Pitch-Curve/Pitch-Curve/build/_deps/juce-src/modules/juce_audio_processors/format_types/LV2_SDK/lilv/src -I/Users/runner/work/Pitch-Curve/Pitch-Curve/build/_deps/signalsmith_stretch-src/include -I/Users/runner/work/Pitch-Curve/Pitch-Curve/build/_deps/signalsmith-linear-src/include -I/Users/runner/work/Pitch-Curve/Pitch-Curve/build/_deps/juce-src/modules/juce_audio_plugin_client/AU -I/Users/runner/work/Pitch-Curve/Pitch-Curve/build/build/Contour_AU.build/Release/DerivedSources-normal/arm64 -I/Users/runner/work/Pitch-Curve/Pitch-Curve/build/build/Contour_AU.build/Release/DerivedSources/arm64 -I/Users/runner/work/Pitch-Curve/Pitch-Curve/build/build/Contour_AU.build/Release/DerivedSources -F/Users/runner/work/Pitch-Curve/Pitch-Curve/build/Contour_artefacts/Release/AU -DNDEBUG '-std=gnu++17' -fPIC '-fvisibility=hidden' -fvisibility-inlines-hidden

WriteAuxiliaryFile /Users/runner/work/Pitch-Curve/Pitch-Curve/build/build/ContourTests.build/Release/Script-7B276751C4C9BD936C4A1B97.sh (in target 'ContourTests' from project 'Contour')
    cd /Users/runner/work/Pitch-Curve/Pitch-Curve
    write-file /Users/runner/work/Pitch-Curve/Pitch-Curve/build/build/ContourTests.build/Release/Script-7B276751C4C9BD936C4A1B97.sh

WriteAuxiliaryFile /Users/runner/work/Pitch-Curve/Pitch-Curve/build/build/ContourTests.build/Release/Objects-normal/x86_64/af3fcb34312c57c0f52879cdce924b91-common-args.resp (in target 'ContourTests' from project 'Contour')
    cd /Users/runner/work/Pitch-Curve/Pitch-Curve
    write-file /Users/runner/work/Pitch-Curve/Pitch-Curve/build/build/ContourTests.build/Release/Objects-normal/x86_64/af3fcb34312c57c0f52879cdce924b91-common-args.resp
-target x86_64-apple-macos15.5 -fpascal-strings -O3 '-DCMAKE_INTDIR="Release"' '-DJUCE_STANDALONE_APPLICATION=1' '-DJUCE_USE_CURL=0' '-DJUCE_WEB_BROWSER=0' '-DJUCE_MODULE_AVAILABLE_juce_audio_basics=1' '-DJUCE_GLOBAL_MODULE_SETTINGS_INCLUDED=1' '-DNDEBUG=1' '-D_NDEBUG=1' '-DJUCE_MODULE_AVAILABLE_juce_core=1' '-DOBJC_OLD_DISPATCH_PROTOTYPES=1' -isysroot /Applications/Xcode_16.4.app/Contents/Developer/Platforms/MacOSX.platform/Developer/SDKs/MacOSX15.5.sdk -fasm-blocks -I/Users/runner/work/Pitch-Curve/Pitch-Curve/build/ContourTests_artefacts/Release/include -I/Users/runner/work/Pitch-Curve/Pitch-Curve/build/ContourTests_artefacts/JuceLibraryCode -I/Users/runner/work/Pitch-Curve/Pitch-Curve/Source -I/Users/runner/work/Pitch-Curve/Pitch-Curve/build/_deps/juce-src/modules -I/Users/runner/work/Pitch-Curve/Pitch-Curve/build/build/ContourTests.build/Release/DerivedSources-normal/x86_64 -I/Users/runner/work/Pitch-Curve/Pitch-Curve/build/build/ContourTests.build/Release/DerivedSources/x86_64 -I/Users/runner/work/Pitch-Curve/Pitch-Curve/build/build/ContourTests.build/Release/DerivedSources -F/Users/runner/work/Pitch-Curve/Pitch-Curve/build/ContourTests_artefacts/Release -DNDEBUG '-std=gnu++17' -fPIE

WriteAuxiliaryFile /Users/runner/work/Pitch-Curve/Pitch-Curve/build/build/ContourTests.build/Release/Objects-normal/x86_64/ContourTests.LinkFileList (in target 'ContourTests' from project 'Contour')
    cd /Users/runner/work/Pitch-Curve/Pitch-Curve
    write-file /Users/runner/work/Pitch-Curve/Pitch-Curve/build/build/ContourTests.build/Release/Objects-normal/x86_64/ContourTests.LinkFileList

WriteAuxiliaryFile /Users/runner/work/Pitch-Curve/Pitch-Curve/build/build/ContourTests.build/Release/Objects-normal/x86_64/82b82416624d2658e5098eb0a28c15c5-common-args.resp (in target 'ContourTests' from project 'Contour')
    cd /Users/runner/work/Pitch-Curve/Pitch-Curve
    write-file /Users/runner/work/Pitch-Curve/Pitch-Curve/build/build/ContourTests.build/Release/Objects-normal/x86_64/82b82416624d2658e5098eb0a28c15c5-common-args.resp
-target x86_64-apple-macos15.5 -fpascal-strings -O3 '-DCMAKE_INTDIR="Release"' '-DJUCE_STANDALONE_APPLICATION=1' '-DJUCE_USE_CURL=0' '-DJUCE_WEB_BROWSER=0' '-DJUCE_MODULE_AVAILABLE_juce_audio_basics=1' '-DJUCE_GLOBAL_MODULE_SETTINGS_INCLUDED=1' '-DNDEBUG=1' '-D_NDEBUG=1' '-DJUCE_MODULE_AVAILABLE_juce_core=1' -isysroot /Applications/Xcode_16.4.app/Contents/Developer/Platforms/MacOSX.platform/Developer/SDKs/MacOSX15.5.sdk -fasm-blocks -I/Users/runner/work/Pitch-Curve/Pitch-Curve/build/ContourTests_artefacts/Release/include -I/Users/runner/work/Pitch-Curve/Pitch-Curve/build/ContourTests_artefacts/JuceLibraryCode -I/Users/runner/work/Pitch-Curve/Pitch-Curve/Source -I/Users/runner/work/Pitch-Curve/Pitch-Curve/build/_deps/juce-src/modules -I/Users/runner/work/Pitch-Curve/Pitch-Curve/build/build/ContourTests.build/Release/DerivedSources-normal/x86_64 -I/Users/runner/work/Pitch-Curve/Pitch-Curve/build/build/ContourTests.build/Release/DerivedSources/x86_64 -I/Users/runner/work/Pitch-Curve/Pitch-Curve/build/build/ContourTests.build/Release/DerivedSources -F/Users/runner/work/Pitch-Curve/Pitch-Curve/build/ContourTests_artefacts/Release -DNDEBUG '-std=gnu++17' -fPIE

WriteAuxiliaryFile /Users/runner/work/Pitch-Curve/Pitch-Curve/build/build/ContourTests.build/Release/Objects-normal/arm64/af3fcb34312c57c0f52879cdce924b91-common-args.resp (in target 'ContourTests' from project 'Contour')
    cd /Users/runner/work/Pitch-Curve/Pitch-Curve
    write-file /Users/runner/work/Pitch-Curve/Pitch-Curve/build/build/ContourTests.build/Release/Objects-normal/arm64/af3fcb34312c57c0f52879cdce924b91-common-args.resp
-target arm64-apple-macos15.5 -fpascal-strings -O3 '-DCMAKE_INTDIR="Release"' '-DJUCE_STANDALONE_APPLICATION=1' '-DJUCE_USE_CURL=0' '-DJUCE_WEB_BROWSER=0' '-DJUCE_MODULE_AVAILABLE_juce_audio_basics=1' '-DJUCE_GLOBAL_MODULE_SETTINGS_INCLUDED=1' '-DNDEBUG=1' '-D_NDEBUG=1' '-DJUCE_MODULE_AVAILABLE_juce_core=1' '-DOBJC_OLD_DISPATCH_PROTOTYPES=1' -isysroot /Applications/Xcode_16.4.app/Contents/Developer/Platforms/MacOSX.platform/Developer/SDKs/MacOSX15.5.sdk -I/Users/runner/work/Pitch-Curve/Pitch-Curve/build/ContourTests_artefacts/Release/include -I/Users/runner/work/Pitch-Curve/Pitch-Curve/build/ContourTests_artefacts/JuceLibraryCode -I/Users/runner/work/Pitch-Curve/Pitch-Curve/Source -I/Users/runner/work/Pitch-Curve/Pitch-Curve/build/_deps/juce-src/modules -I/Users/runner/work/Pitch-Curve/Pitch-Curve/build/build/ContourTests.build/Release/DerivedSources-normal/arm64 -I/Users/runner/work/Pitch-Curve/Pitch-Curve/build/build/ContourTests.build/Release/DerivedSources/arm64 -I/Users/runner/work/Pitch-Curve/Pitch-Curve/build/build/ContourTests.build/Release/DerivedSources -F/Users/runner/work/Pitch-Curve/Pitch-Curve/build/ContourTests_artefacts/Release -DNDEBUG '-std=gnu++17' -fPIE

WriteAuxiliaryFile /Users/runner/work/Pitch-Curve/Pitch-Curve/build/build/ContourTests.build/Release/Objects-normal/arm64/ContourTests.LinkFileList (in target 'ContourTests' from project 'Contour')
    cd /Users/runner/work/Pitch-Curve/Pitch-Curve
    write-file /Users/runner/work/Pitch-Curve/Pitch-Curve/build/build/ContourTests.build/Release/Objects-normal/arm64/ContourTests.LinkFileList

WriteAuxiliaryFile /Users/runner/work/Pitch-Curve/Pitch-Curve/build/build/ContourTests.build/Release/Objects-normal/arm64/82b82416624d2658e5098eb0a28c15c5-common-args.resp (in target 'ContourTests' from project 'Contour')
    cd /Users/runner/work/Pitch-Curve/Pitch-Curve
    write-file /Users/runner/work/Pitch-Curve/Pitch-Curve/build/build/ContourTests.build/Release/Objects-normal/arm64/82b82416624d2658e5098eb0a28c15c5-common-args.resp
-target arm64-apple-macos15.5 -fpascal-strings -O3 '-DCMAKE_INTDIR="Release"' '-DJUCE_STANDALONE_APPLICATION=1' '-DJUCE_USE_CURL=0' '-DJUCE_WEB_BROWSER=0' '-DJUCE_MODULE_AVAILABLE_juce_audio_basics=1' '-DJUCE_GLOBAL_MODULE_SETTINGS_INCLUDED=1' '-DNDEBUG=1' '-D_NDEBUG=1' '-DJUCE_MODULE_AVAILABLE_juce_core=1' -isysroot /Applications/Xcode_16.4.app/Contents/Developer/Platforms/MacOSX.platform/Developer/SDKs/MacOSX15.5.sdk -I/Users/runner/work/Pitch-Curve/Pitch-Curve/build/ContourTests_artefacts/Release/include -I/Users/runner/work/Pitch-Curve/Pitch-Curve/build/ContourTests_artefacts/JuceLibraryCode -I/Users/runner/work/Pitch-Curve/Pitch-Curve/Source -I/Users/runner/work/Pitch-Curve/Pitch-Curve/build/_deps/juce-src/modules -I/Users/runner/work/Pitch-Curve/Pitch-Curve/build/build/ContourTests.build/Release/DerivedSources-normal/arm64 -I/Users/runner/work/Pitch-Curve/Pitch-Curve/build/build/ContourTests.build/Release/DerivedSources/arm64 -I/Users/runner/work/Pitch-Curve/Pitch-Curve/build/build/ContourTests.build/Release/DerivedSources -F/Users/runner/work/Pitch-Curve/Pitch-Curve/build/ContourTests_artefacts/Release -DNDEBUG '-std=gnu++17' -fPIE

WriteAuxiliaryFile /Users/runner/work/Pitch-Curve/Pitch-Curve/build/build/ContourTests.build/Release/DerivedSources/Entitlements.plist (in target 'ContourTests' from project 'Contour')
    cd /Users/runner/work/Pitch-Curve/Pitch-Curve
    write-file /Users/runner/work/Pitch-Curve/Pitch-Curve/build/build/ContourTests.build/Release/DerivedSources/Entitlements.plist

WriteAuxiliaryFile /Users/runner/work/Pitch-Curve/Pitch-Curve/build/build/ContourTests.build/Release/ContourTests.DependencyStaticMetadataFileList (in target 'ContourTests' from project 'Contour')
    cd /Users/runner/work/Pitch-Curve/Pitch-Curve
    write-file /Users/runner/work/Pitch-Curve/Pitch-Curve/build/build/ContourTests.build/Release/ContourTests.DependencyStaticMetadataFileList

WriteAuxiliaryFile /Users/runner/work/Pitch-Curve/Pitch-Curve/build/build/ContourTests.build/Release/ContourTests.DependencyMetadataFileList (in target 'ContourTests' from project 'Contour')
    cd /Users/runner/work/Pitch-Curve/Pitch-Curve
    write-file /Users/runner/work/Pitch-Curve/Pitch-Curve/build/build/ContourTests.build/Release/ContourTests.DependencyMetadataFileList

WriteAuxiliaryFile /Users/runner/work/Pitch-Curve/Pitch-Curve/build/build/ContourProcessorTests.build/Release/Script-5273D83B1217DE2F0F130209.sh (in target 'ContourProcessorTests' from project 'Contour')
    cd /Users/runner/work/Pitch-Curve/Pitch-Curve
    write-file /Users/runner/work/Pitch-Curve/Pitch-Curve/build/build/ContourProcessorTests.build/Release/Script-5273D83B1217DE2F0F130209.sh

WriteAuxiliaryFile /Users/runner/work/Pitch-Curve/Pitch-Curve/build/build/ContourProcessorTests.build/Release/Objects-normal/x86_64/af3fcb34312c57c0f52879cdce924b91-common-args.resp (in target 'ContourProcessorTests' from project 'Contour')
    cd /Users/runner/work/Pitch-Curve/Pitch-Curve
    write-file /Users/runner/work/Pitch-Curve/Pitch-Curve/build/build/ContourProcessorTests.build/Release/Objects-normal/x86_64/af3fcb34312c57c0f52879cdce924b91-common-args.resp
-target x86_64-apple-macos15.5 -fpascal-strings -O3 '-DCMAKE_INTDIR="Release"' '-DJUCE_STANDALONE_APPLICATION=1' '-DJUCE_USE_CURL=0' '-DJUCE_WEB_BROWSER=0' '-DJUCE_VST3_CAN_REPLACE_VST2=0' '-DJUCE_DISPLAY_SPLASH_SCREEN=0' '-DJucePlugin_Name="Pitch Curve"' '-DJUCE_MODULE_AVAILABLE_juce_audio_utils=1' '-DJUCE_MODULE_AVAILABLE_juce_audio_processors=1' '-DJUCE_MODULE_AVAILABLE_juce_gui_extra=1' '-DJUCE_MODULE_AVAILABLE_juce_gui_basics=1' '-DJUCE_MODULE_AVAILABLE_juce_graphics=1' '-DJUCE_MODULE_AVAILABLE_juce_events=1' '-DJUCE_GLOBAL_MODULE_SETTINGS_INCLUDED=1' '-DNDEBUG=1' '-D_NDEBUG=1' '-DJUCE_MODULE_AVAILABLE_juce_core=1' '-DJUCE_MODULE_AVAILABLE_juce_data_structures=1' '-DJUCE_MODULE_AVAILABLE_juce_audio_basics=1' '-DJUCE_MODULE_AVAILABLE_juce_audio_formats=1' '-DJUCE_MODULE_AVAILABLE_juce_audio_devices=1' '-DJUCE_MODULE_AVAILABLE_juce_dsp=1' -DSIGNALSMITH_USE_ACCELERATE -DACCELERATE_NEW_LAPACK '-DOBJC_OLD_DISPATCH_PROTOTYPES=1' -isysroot /Applications/Xcode_16.4.app/Contents/Developer/Platforms/MacOSX.platform/Developer/SDKs/MacOSX15.5.sdk -fasm-blocks -I/Users/runner/work/Pitch-Curve/Pitch-Curve/build/ContourProcessorTests_artefacts/Release/include -I/Users/runner/work/Pitch-Curve/Pitch-Curve/build/ContourProcessorTests_artefacts/JuceLibraryCode -I/Users/runner/work/Pitch-Curve/Pitch-Curve/Source -I/Users/runner/work/Pitch-Curve/Pitch-Curve/build/_deps/juce-src/modules -I/Users/runner/work/Pitch-Curve/Pitch-Curve/build/_deps/juce-src/modules/juce_audio_processors/format_types/VST3_SDK -I/Users/runner/work/Pitch-Curve/Pitch-Curve/build/_deps/juce-src/modules/juce_audio_processors/format_types/LV2_SDK -I/Users/runner/work/Pitch-Curve/Pitch-Curve/build/_deps/juce-src/modules/juce_audio_processors/format_types/LV2_SDK/lv2 -I/Users/runner/work/Pitch-Curve/Pitch-Curve/build/_deps/juce-src/modules/juce_audio_processors/format_types/LV2_SDK/serd -I/Users/runner/work/Pitch-Curve/Pitch-Curve/build/_deps/juce-src/modules/juce_audio_processors/format_types/LV2_SDK/sord -I/Users/runner/work/Pitch-Curve/Pitch-Curve/build/_deps/juce-src/modules/juce_audio_processors/format_types/LV2_SDK/sord/src -I/Users/runner/work/Pitch-Curve/Pitch-Curve/build/_deps/juce-src/modules/juce_audio_processors/format_types/LV2_SDK/sratom -I/Users/runner/work/Pitch-Curve/Pitch-Curve/build/_deps/juce-src/modules/juce_audio_processors/format_types/LV2_SDK/lilv -I/Users/runner/work/Pitch-Curve/Pitch-Curve/build/_deps/juce-src/modules/juce_audio_processors/format_types/LV2_SDK/lilv/src -I/Users/runner/work/Pitch-Curve/Pitch-Curve/build/_deps/signalsmith_stretch-src/include -I/Users/runner/work/Pitch-Curve/Pitch-Curve/build/_deps/signalsmith-linear-src/include -I/Users/runner/work/Pitch-Curve/Pitch-Curve/build/build/ContourProcessorTests.build/Release/DerivedSources-normal/x86_64 -I/Users/runner/work/Pitch-Curve/Pitch-Curve/build/build/ContourProcessorTests.build/Release/DerivedSources/x86_64 -I/Users/runner/work/Pitch-Curve/Pitch-Curve/build/build/ContourProcessorTests.build/Release/DerivedSources -F/Users/runner/work/Pitch-Curve/Pitch-Curve/build/ContourProcessorTests_artefacts/Release -DNDEBUG '-std=gnu++17' -fPIE

WriteAuxiliaryFile /Users/runner/work/Pitch-Curve/Pitch-Curve/build/build/ContourProcessorTests.build/Release/Objects-normal/x86_64/ContourProcessorTests.LinkFileList (in target 'ContourProcessorTests' from project 'Contour')
    cd /Users/runner/work/Pitch-Curve/Pitch-Curve
    write-file /Users/runner/work/Pitch-Curve/Pitch-Curve/build/build/ContourProcessorTests.build/Release/Objects-normal/x86_64/ContourProcessorTests.LinkFileList

WriteAuxiliaryFile /Users/runner/work/Pitch-Curve/Pitch-Curve/build/build/ContourProcessorTests.build/Release/Objects-normal/x86_64/82b82416624d2658e5098eb0a28c15c5-common-args.resp (in target 'ContourProcessorTests' from project 'Contour')
    cd /Users/runner/work/Pitch-Curve/Pitch-Curve
    write-file /Users/runner/work/Pitch-Curve/Pitch-Curve/build/build/ContourProcessorTests.build/Release/Objects-normal/x86_64/82b82416624d2658e5098eb0a28c15c5-common-args.resp
-target x86_64-apple-macos15.5 -fpascal-strings -O3 '-DCMAKE_INTDIR="Release"' '-DJUCE_STANDALONE_APPLICATION=1' '-DJUCE_USE_CURL=0' '-DJUCE_WEB_BROWSER=0' '-DJUCE_VST3_CAN_REPLACE_VST2=0' '-DJUCE_DISPLAY_SPLASH_SCREEN=0' '-DJucePlugin_Name="Pitch Curve"' '-DJUCE_MODULE_AVAILABLE_juce_audio_utils=1' '-DJUCE_MODULE_AVAILABLE_juce_audio_processors=1' '-DJUCE_MODULE_AVAILABLE_juce_gui_extra=1' '-DJUCE_MODULE_AVAILABLE_juce_gui_basics=1' '-DJUCE_MODULE_AVAILABLE_juce_graphics=1' '-DJUCE_MODULE_AVAILABLE_juce_events=1' '-DJUCE_GLOBAL_MODULE_SETTINGS_INCLUDED=1' '-DNDEBUG=1' '-D_NDEBUG=1' '-DJUCE_MODULE_AVAILABLE_juce_core=1' '-DJUCE_MODULE_AVAILABLE_juce_data_structures=1' '-DJUCE_MODULE_AVAILABLE_juce_audio_basics=1' '-DJUCE_MODULE_AVAILABLE_juce_audio_formats=1' '-DJUCE_MODULE_AVAILABLE_juce_audio_devices=1' '-DJUCE_MODULE_AVAILABLE_juce_dsp=1' -DSIGNALSMITH_USE_ACCELERATE -DACCELERATE_NEW_LAPACK -isysroot /Applications/Xcode_16.4.app/Contents/Developer/Platforms/MacOSX.platform/Developer/SDKs/MacOSX15.5.sdk -fasm-blocks -I/Users/runner/work/Pitch-Curve/Pitch-Curve/build/ContourProcessorTests_artefacts/Release/include -I/Users/runner/work/Pitch-Curve/Pitch-Curve/build/ContourProcessorTests_artefacts/JuceLibraryCode -I/Users/runner/work/Pitch-Curve/Pitch-Curve/Source -I/Users/runner/work/Pitch-Curve/Pitch-Curve/build/_deps/juce-src/modules -I/Users/runner/work/Pitch-Curve/Pitch-Curve/build/_deps/juce-src/modules/juce_audio_processors/format_types/VST3_SDK -I/Users/runner/work/Pitch-Curve/Pitch-Curve/build/_deps/juce-src/modules/juce_audio_processors/format_types/LV2_SDK -I/Users/runner/work/Pitch-Curve/Pitch-Curve/build/_deps/juce-src/modules/juce_audio_processors/format_types/LV2_SDK/lv2 -I/Users/runner/work/Pitch-Curve/Pitch-Curve/build/_deps/juce-src/modules/juce_audio_processors/format_types/LV2_SDK/serd -I/Users/runner/work/Pitch-Curve/Pitch-Curve/build/_deps/juce-src/modules/juce_audio_processors/format_types/LV2_SDK/sord -I/Users/runner/work/Pitch-Curve/Pitch-Curve/build/_deps/juce-src/modules/juce_audio_processors/format_types/LV2_SDK/sord/src -I/Users/runner/work/Pitch-Curve/Pitch-Curve/build/_deps/juce-src/modules/juce_audio_processors/format_types/LV2_SDK/sratom -I/Users/runner/work/Pitch-Curve/Pitch-Curve/build/_deps/juce-src/modules/juce_audio_processors/format_types/LV2_SDK/lilv -I/Users/runner/work/Pitch-Curve/Pitch-Curve/build/_deps/juce-src/modules/juce_audio_processors/format_types/LV2_SDK/lilv/src -I/Users/runner/work/Pitch-Curve/Pitch-Curve/build/_deps/signalsmith_stretch-src/include -I/Users/runner/work/Pitch-Curve/Pitch-Curve/build/_deps/signalsmith-linear-src/include -I/Users/runner/work/Pitch-Curve/Pitch-Curve/build/build/ContourProcessorTests.build/Release/DerivedSources-normal/x86_64 -I/Users/runner/work/Pitch-Curve/Pitch-Curve/build/build/ContourProcessorTests.build/Release/DerivedSources/x86_64 -I/Users/runner/work/Pitch-Curve/Pitch-Curve/build/build/ContourProcessorTests.build/Release/DerivedSources -F/Users/runner/work/Pitch-Curve/Pitch-Curve/build/ContourProcessorTests_artefacts/Release -DNDEBUG '-std=gnu++17' -fPIE

WriteAuxiliaryFile /Users/runner/work/Pitch-Curve/Pitch-Curve/build/build/ContourProcessorTests.build/Release/Objects-normal/x86_64/7187679823f38a2a940e0043cdf9d637-common-args.resp (in target 'ContourProcessorTests' from project 'Contour')
    cd /Users/runner/work/Pitch-Curve/Pitch-Curve
    write-file /Users/runner/work/Pitch-Curve/Pitch-Curve/build/build/ContourProcessorTests.build/Release/Objects-normal/x86_64/7187679823f38a2a940e0043cdf9d637-common-args.resp
-target x86_64-apple-macos15.5 -fpascal-strings -O3 '-DCMAKE_INTDIR="Release"' '-DJUCE_STANDALONE_APPLICATION=1' '-DJUCE_USE_CURL=0' '-DJUCE_WEB_BROWSER=0' '-DJUCE_VST3_CAN_REPLACE_VST2=0' '-DJUCE_DISPLAY_SPLASH_SCREEN=0' '-DJucePlugin_Name="Pitch Curve"' '-DJUCE_MODULE_AVAILABLE_juce_audio_utils=1' '-DJUCE_MODULE_AVAILABLE_juce_audio_processors=1' '-DJUCE_MODULE_AVAILABLE_juce_gui_extra=1' '-DJUCE_MODULE_AVAILABLE_juce_gui_basics=1' '-DJUCE_MODULE_AVAILABLE_juce_graphics=1' '-DJUCE_MODULE_AVAILABLE_juce_events=1' '-DJUCE_GLOBAL_MODULE_SETTINGS_INCLUDED=1' '-DNDEBUG=1' '-D_NDEBUG=1' '-DJUCE_MODULE_AVAILABLE_juce_core=1' '-DJUCE_MODULE_AVAILABLE_juce_data_structures=1' '-DJUCE_MODULE_AVAILABLE_juce_audio_basics=1' '-DJUCE_MODULE_AVAILABLE_juce_audio_formats=1' '-DJUCE_MODULE_AVAILABLE_juce_audio_devices=1' '-DJUCE_MODULE_AVAILABLE_juce_dsp=1' -DSIGNALSMITH_USE_ACCELERATE -DACCELERATE_NEW_LAPACK -isysroot /Applications/Xcode_16.4.app/Contents/Developer/Platforms/MacOSX.platform/Developer/SDKs/MacOSX15.5.sdk -fasm-blocks -I/Users/runner/work/Pitch-Curve/Pitch-Curve/build/ContourProcessorTests_artefacts/Release/include -I/Users/runner/work/Pitch-Curve/Pitch-Curve/build/ContourProcessorTests_artefacts/JuceLibraryCode -I/Users/runner/work/Pitch-Curve/Pitch-Curve/Source -I/Users/runner/work/Pitch-Curve/Pitch-Curve/build/_deps/juce-src/modules -I/Users/runner/work/Pitch-Curve/Pitch-Curve/build/_deps/juce-src/modules/juce_audio_processors/format_types/VST3_SDK -I/Users/runner/work/Pitch-Curve/Pitch-Curve/build/_deps/juce-src/modules/juce_audio_processors/format_types/LV2_SDK -I/Users/runner/work/Pitch-Curve/Pitch-Curve/build/_deps/juce-src/modules/juce_audio_processors/format_types/LV2_SDK/lv2 -I/Users/runner/work/Pitch-Curve/Pitch-Curve/build/_deps/juce-src/modules/juce_audio_processors/format_types/LV2_SDK/serd -I/Users/runner/work/Pitch-Curve/Pitch-Curve/build/_deps/juce-src/modules/juce_audio_processors/format_types/LV2_SDK/sord -I/Users/runner/work/Pitch-Curve/Pitch-Curve/build/_deps/juce-src/modules/juce_audio_processors/format_types/LV2_SDK/sord/src -I/Users/runner/work/Pitch-Curve/Pitch-Curve/build/_deps/juce-src/modules/juce_audio_processors/format_types/LV2_SDK/sratom -I/Users/runner/work/Pitch-Curve/Pitch-Curve/build/_deps/juce-src/modules/juce_audio_processors/format_types/LV2_SDK/lilv -I/Users/runner/work/Pitch-Curve/Pitch-Curve/build/_deps/juce-src/modules/juce_audio_processors/format_types/LV2_SDK/lilv/src -I/Users/runner/work/Pitch-Curve/Pitch-Curve/build/_deps/signalsmith_stretch-src/include -I/Users/runner/work/Pitch-Curve/Pitch-Curve/build/_deps/signalsmith-linear-src/include -I/Users/runner/work/Pitch-Curve/Pitch-Curve/build/build/ContourProcessorTests.build/Release/DerivedSources-normal/x86_64 -I/Users/runner/work/Pitch-Curve/Pitch-Curve/build/build/ContourProcessorTests.build/Release/DerivedSources/x86_64 -I/Users/runner/work/Pitch-Curve/Pitch-Curve/build/build/ContourProcessorTests.build/Release/DerivedSources -F/Users/runner/work/Pitch-Curve/Pitch-Curve/build/ContourProcessorTests_artefacts/Release -DNDEBUG -fPIE

WriteAuxiliaryFile /Users/runner/work/Pitch-Curve/Pitch-Curve/build/build/ContourProcessorTests.build/Release/Objects-normal/arm64/af3fcb34312c57c0f52879cdce924b91-common-args.resp (in target 'ContourProcessorTests' from project 'Contour')
    cd /Users/runner/work/Pitch-Curve/Pitch-Curve
    write-file /Users/runner/work/Pitch-Curve/Pitch-Curve/build/build/ContourProcessorTests.build/Release/Objects-normal/arm64/af3fcb34312c57c0f52879cdce924b91-common-args.resp
-target arm64-apple-macos15.5 -fpascal-strings -O3 '-DCMAKE_INTDIR="Release"' '-DJUCE_STANDALONE_APPLICATION=1' '-DJUCE_USE_CURL=0' '-DJUCE_WEB_BROWSER=0' '-DJUCE_VST3_CAN_REPLACE_VST2=0' '-DJUCE_DISPLAY_SPLASH_SCREEN=0' '-DJucePlugin_Name="Pitch Curve"' '-DJUCE_MODULE_AVAILABLE_juce_audio_utils=1' '-DJUCE_MODULE_AVAILABLE_juce_audio_processors=1' '-DJUCE_MODULE_AVAILABLE_juce_gui_extra=1' '-DJUCE_MODULE_AVAILABLE_juce_gui_basics=1' '-DJUCE_MODULE_AVAILABLE_juce_graphics=1' '-DJUCE_MODULE_AVAILABLE_juce_events=1' '-DJUCE_GLOBAL_MODULE_SETTINGS_INCLUDED=1' '-DNDEBUG=1' '-D_NDEBUG=1' '-DJUCE_MODULE_AVAILABLE_juce_core=1' '-DJUCE_MODULE_AVAILABLE_juce_data_structures=1' '-DJUCE_MODULE_AVAILABLE_juce_audio_basics=1' '-DJUCE_MODULE_AVAILABLE_juce_audio_formats=1' '-DJUCE_MODULE_AVAILABLE_juce_audio_devices=1' '-DJUCE_MODULE_AVAILABLE_juce_dsp=1' -DSIGNALSMITH_USE_ACCELERATE -DACCELERATE_NEW_LAPACK '-DOBJC_OLD_DISPATCH_PROTOTYPES=1' -isysroot /Applications/Xcode_16.4.app/Contents/Developer/Platforms/MacOSX.platform/Developer/SDKs/MacOSX15.5.sdk -I/Users/runner/work/Pitch-Curve/Pitch-Curve/build/ContourProcessorTests_artefacts/Release/include -I/Users/runner/work/Pitch-Curve/Pitch-Curve/build/ContourProcessorTests_artefacts/JuceLibraryCode -I/Users/runner/work/Pitch-Curve/Pitch-Curve/Source -I/Users/runner/work/Pitch-Curve/Pitch-Curve/build/_deps/juce-src/modules -I/Users/runner/work/Pitch-Curve/Pitch-Curve/build/_deps/juce-src/modules/juce_audio_processors/format_types/VST3_SDK -I/Users/runner/work/Pitch-Curve/Pitch-Curve/build/_deps/juce-src/modules/juce_audio_processors/format_types/LV2_SDK -I/Users/runner/work/Pitch-Curve/Pitch-Curve/build/_deps/juce-src/modules/juce_audio_processors/format_types/LV2_SDK/lv2 -I/Users/runner/work/Pitch-Curve/Pitch-Curve/build/_deps/juce-src/modules/juce_audio_processors/format_types/LV2_SDK/serd -I/Users/runner/work/Pitch-Curve/Pitch-Curve/build/_deps/juce-src/modules/juce_audio_processors/format_types/LV2_SDK/sord -I/Users/runner/work/Pitch-Curve/Pitch-Curve/build/_deps/juce-src/modules/juce_audio_processors/format_types/LV2_SDK/sord/src -I/Users/runner/work/Pitch-Curve/Pitch-Curve/build/_deps/juce-src/modules/juce_audio_processors/format_types/LV2_SDK/sratom -I/Users/runner/work/Pitch-Curve/Pitch-Curve/build/_deps/juce-src/modules/juce_audio_processors/format_types/LV2_SDK/lilv -I/Users/runner/work/Pitch-Curve/Pitch-Curve/build/_deps/juce-src/modules/juce_audio_processors/format_types/LV2_SDK/lilv/src -I/Users/runner/work/Pitch-Curve/Pitch-Curve/build/_deps/signalsmith_stretch-src/include -I/Users/runner/work/Pitch-Curve/Pitch-Curve/build/_deps/signalsmith-linear-src/include -I/Users/runner/work/Pitch-Curve/Pitch-Curve/build/build/ContourProcessorTests.build/Release/DerivedSources-normal/arm64 -I/Users/runner/work/Pitch-Curve/Pitch-Curve/build/build/ContourProcessorTests.build/Release/DerivedSources/arm64 -I/Users/runner/work/Pitch-Curve/Pitch-Curve/build/build/ContourProcessorTests.build/Release/DerivedSources -F/Users/runner/work/Pitch-Curve/Pitch-Curve/build/ContourProcessorTests_artefacts/Release -DNDEBUG '-std=gnu++17' -fPIE

WriteAuxiliaryFile /Users/runner/work/Pitch-Curve/Pitch-Curve/build/build/ContourProcessorTests.build/Release/Objects-normal/arm64/ContourProcessorTests.LinkFileList (in target 'ContourProcessorTests' from project 'Contour')
    cd /Users/runner/work/Pitch-Curve/Pitch-Curve
    write-file /Users/runner/work/Pitch-Curve/Pitch-Curve/build/build/ContourProcessorTests.build/Release/Objects-normal/arm64/ContourProcessorTests.LinkFileList

WriteAuxiliaryFile /Users/runner/work/Pitch-Curve/Pitch-Curve/build/build/ContourProcessorTests.build/Release/Objects-normal/arm64/82b82416624d2658e5098eb0a28c15c5-common-args.resp (in target 'ContourProcessorTests' from project 'Contour')
    cd /Users/runner/work/Pitch-Curve/Pitch-Curve
    write-file /Users/runner/work/Pitch-Curve/Pitch-Curve/build/build/ContourProcessorTests.build/Release/Objects-normal/arm64/82b82416624d2658e5098eb0a28c15c5-common-args.resp
-target arm64-apple-macos15.5 -fpascal-strings -O3 '-DCMAKE_INTDIR="Release"' '-DJUCE_STANDALONE_APPLICATION=1' '-DJUCE_USE_CURL=0' '-DJUCE_WEB_BROWSER=0' '-DJUCE_VST3_CAN_REPLACE_VST2=0' '-DJUCE_DISPLAY_SPLASH_SCREEN=0' '-DJucePlugin_Name="Pitch Curve"' '-DJUCE_MODULE_AVAILABLE_juce_audio_utils=1' '-DJUCE_MODULE_AVAILABLE_juce_audio_processors=1' '-DJUCE_MODULE_AVAILABLE_juce_gui_extra=1' '-DJUCE_MODULE_AVAILABLE_juce_gui_basics=1' '-DJUCE_MODULE_AVAILABLE_juce_graphics=1' '-DJUCE_MODULE_AVAILABLE_juce_events=1' '-DJUCE_GLOBAL_MODULE_SETTINGS_INCLUDED=1' '-DNDEBUG=1' '-D_NDEBUG=1' '-DJUCE_MODULE_AVAILABLE_juce_core=1' '-DJUCE_MODULE_AVAILABLE_juce_data_structures=1' '-DJUCE_MODULE_AVAILABLE_juce_audio_basics=1' '-DJUCE_MODULE_AVAILABLE_juce_audio_formats=1' '-DJUCE_MODULE_AVAILABLE_juce_audio_devices=1' '-DJUCE_MODULE_AVAILABLE_juce_dsp=1' -DSIGNALSMITH_USE_ACCELERATE -DACCELERATE_NEW_LAPACK -isysroot /Applications/Xcode_16.4.app/Contents/Developer/Platforms/MacOSX.platform/Developer/SDKs/MacOSX15.5.sdk -I/Users/runner/work/Pitch-Curve/Pitch-Curve/build/ContourProcessorTests_artefacts/Release/include -I/Users/runner/work/Pitch-Curve/Pitch-Curve/build/ContourProcessorTests_artefacts/JuceLibraryCode -I/Users/runner/work/Pitch-Curve/Pitch-Curve/Source -I/Users/runner/work/Pitch-Curve/Pitch-Curve/build/_deps/juce-src/modules -I/Users/runner/work/Pitch-Curve/Pitch-Curve/build/_deps/juce-src/modules/juce_audio_processors/format_types/VST3_SDK -I/Users/runner/work/Pitch-Curve/Pitch-Curve/build/_deps/juce-src/modules/juce_audio_processors/format_types/LV2_SDK -I/Users/runner/work/Pitch-Curve/Pitch-Curve/build/_deps/juce-src/modules/juce_audio_processors/format_types/LV2_SDK/lv2 -I/Users/runner/work/Pitch-Curve/Pitch-Curve/build/_deps/juce-src/modules/juce_audio_processors/format_types/LV2_SDK/serd -I/Users/runner/work/Pitch-Curve/Pitch-Curve/build/_deps/juce-src/modules/juce_audio_processors/format_types/LV2_SDK/sord -I/Users/runner/work/Pitch-Curve/Pitch-Curve/build/_deps/juce-src/modules/juce_audio_processors/format_types/LV2_SDK/sord/src -I/Users/runner/work/Pitch-Curve/Pitch-Curve/build/_deps/juce-src/modules/juce_audio_processors/format_types/LV2_SDK/sratom -I/Users/runner/work/Pitch-Curve/Pitch-Curve/build/_deps/juce-src/modules/juce_audio_processors/format_types/LV2_SDK/lilv -I/Users/runner/work/Pitch-Curve/Pitch-Curve/build/_deps/juce-src/modules/juce_audio_processors/format_types/LV2_SDK/lilv/src -I/Users/runner/work/Pitch-Curve/Pitch-Curve/build/_deps/signalsmith_stretch-src/include -I/Users/runner/work/Pitch-Curve/Pitch-Curve/build/_deps/signalsmith-linear-src/include -I/Users/runner/work/Pitch-Curve/Pitch-Curve/build/build/ContourProcessorTests.build/Release/DerivedSources-normal/arm64 -I/Users/runner/work/Pitch-Curve/Pitch-Curve/build/build/ContourProcessorTests.build/Release/DerivedSources/arm64 -I/Users/runner/work/Pitch-Curve/Pitch-Curve/build/build/ContourProcessorTests.build/Release/DerivedSources -F/Users/runner/work/Pitch-Curve/Pitch-Curve/build/ContourProcessorTests_artefacts/Release -DNDEBUG '-std=gnu++17' -fPIE

WriteAuxiliaryFile /Users/runner/work/Pitch-Curve/Pitch-Curve/build/build/ContourProcessorTests.build/Release/Objects-normal/arm64/7187679823f38a2a940e0043cdf9d637-common-args.resp (in target 'ContourProcessorTests' from project 'Contour')
    cd /Users/runner/work/Pitch-Curve/Pitch-Curve
    write-file /Users/runner/work/Pitch-Curve/Pitch-Curve/build/build/ContourProcessorTests.build/Release/Objects-normal/arm64/7187679823f38a2a940e0043cdf9d637-common-args.resp
-target arm64-apple-macos15.5 -fpascal-strings -O3 '-DCMAKE_INTDIR="Release"' '-DJUCE_STANDALONE_APPLICATION=1' '-DJUCE_USE_CURL=0' '-DJUCE_WEB_BROWSER=0' '-DJUCE_VST3_CAN_REPLACE_VST2=0' '-DJUCE_DISPLAY_SPLASH_SCREEN=0' '-DJucePlugin_Name="Pitch Curve"' '-DJUCE_MODULE_AVAILABLE_juce_audio_utils=1' '-DJUCE_MODULE_AVAILABLE_juce_audio_processors=1' '-DJUCE_MODULE_AVAILABLE_juce_gui_extra=1' '-DJUCE_MODULE_AVAILABLE_juce_gui_basics=1' '-DJUCE_MODULE_AVAILABLE_juce_graphics=1' '-DJUCE_MODULE_AVAILABLE_juce_events=1' '-DJUCE_GLOBAL_MODULE_SETTINGS_INCLUDED=1' '-DNDEBUG=1' '-D_NDEBUG=1' '-DJUCE_MODULE_AVAILABLE_juce_core=1' '-DJUCE_MODULE_AVAILABLE_juce_data_structures=1' '-DJUCE_MODULE_AVAILABLE_juce_audio_basics=1' '-DJUCE_MODULE_AVAILABLE_juce_audio_formats=1' '-DJUCE_MODULE_AVAILABLE_juce_audio_devices=1' '-DJUCE_MODULE_AVAILABLE_juce_dsp=1' -DSIGNALSMITH_USE_ACCELERATE -DACCELERATE_NEW_LAPACK -isysroot /Applications/Xcode_16.4.app/Contents/Developer/Platforms/MacOSX.platform/Developer/SDKs/MacOSX15.5.sdk -I/Users/runner/work/Pitch-Curve/Pitch-Curve/build/ContourProcessorTests_artefacts/Release/include -I/Users/runner/work/Pitch-Curve/Pitch-Curve/build/ContourProcessorTests_artefacts/JuceLibraryCode -I/Users/runner/work/Pitch-Curve/Pitch-Curve/Source -I/Users/runner/work/Pitch-Curve/Pitch-Curve/build/_deps/juce-src/modules -I/Users/runner/work/Pitch-Curve/Pitch-Curve/build/_deps/juce-src/modules/juce_audio_processors/format_types/VST3_SDK -I/Users/runner/work/Pitch-Curve/Pitch-Curve/build/_deps/juce-src/modules/juce_audio_processors/format_types/LV2_SDK -I/Users/runner/work/Pitch-Curve/Pitch-Curve/build/_deps/juce-src/modules/juce_audio_processors/format_types/LV2_SDK/lv2 -I/Users/runner/work/Pitch-Curve/Pitch-Curve/build/_deps/juce-src/modules/juce_audio_processors/format_types/LV2_SDK/serd -I/Users/runner/work/Pitch-Curve/Pitch-Curve/build/_deps/juce-src/modules/juce_audio_processors/format_types/LV2_SDK/sord -I/Users/runner/work/Pitch-Curve/Pitch-Curve/build/_deps/juce-src/modules/juce_audio_processors/format_types/LV2_SDK/sord/src -I/Users/runner/work/Pitch-Curve/Pitch-Curve/build/_deps/juce-src/modules/juce_audio_processors/format_types/LV2_SDK/sratom -I/Users/runner/work/Pitch-Curve/Pitch-Curve/build/_deps/juce-src/modules/juce_audio_processors/format_types/LV2_SDK/lilv -I/Users/runner/work/Pitch-Curve/Pitch-Curve/build/_deps/juce-src/modules/juce_audio_processors/format_types/LV2_SDK/lilv/src -I/Users/runner/work/Pitch-Curve/Pitch-Curve/build/_deps/signalsmith_stretch-src/include -I/Users/runner/work/Pitch-Curve/Pitch-Curve/build/_deps/signalsmith-linear-src/include -I/Users/runner/work/Pitch-Curve/Pitch-Curve/build/build/ContourProcessorTests.build/Release/DerivedSources-normal/arm64 -I/Users/runner/work/Pitch-Curve/Pitch-Curve/build/build/ContourProcessorTests.build/Release/DerivedSources/arm64 -I/Users/runner/work/Pitch-Curve/Pitch-Curve/build/build/ContourProcessorTests.build/Release/DerivedSources -F/Users/runner/work/Pitch-Curve/Pitch-Curve/build/ContourProcessorTests_artefacts/Release -DNDEBUG -fPIE

WriteAuxiliaryFile /Users/runner/work/Pitch-Curve/Pitch-Curve/build/build/ContourProcessorTests.build/Release/DerivedSources/Entitlements.plist (in target 'ContourProcessorTests' from project 'Contour')
    cd /Users/runner/work/Pitch-Curve/Pitch-Curve
    write-file /Users/runner/work/Pitch-Curve/Pitch-Curve/build/build/ContourProcessorTests.build/Release/DerivedSources/Entitlements.plist

WriteAuxiliaryFile /Users/runner/work/Pitch-Curve/Pitch-Curve/build/build/ContourProcessorTests.build/Release/ContourProcessorTests.DependencyStaticMetadataFileList (in target 'ContourProcessorTests' from project 'Contour')
    cd /Users/runner/work/Pitch-Curve/Pitch-Curve
    write-file /Users/runner/work/Pitch-Curve/Pitch-Curve/build/build/ContourProcessorTests.build/Release/ContourProcessorTests.DependencyStaticMetadataFileList

WriteAuxiliaryFile /Users/runner/work/Pitch-Curve/Pitch-Curve/build/build/ContourProcessorTests.build/Release/ContourProcessorTests.DependencyMetadataFileList (in target 'ContourProcessorTests' from project 'Contour')
    cd /Users/runner/work/Pitch-Curve/Pitch-Curve
    write-file /Users/runner/work/Pitch-Curve/Pitch-Curve/build/build/ContourProcessorTests.build/Release/ContourProcessorTests.DependencyMetadataFileList

WriteAuxiliaryFile /Users/runner/work/Pitch-Curve/Pitch-Curve/build/build/Contour.build/Release/Script-4BEDCDC11A61046BB464EE0B.sh (in target 'Contour' from project 'Contour')
    cd /Users/runner/work/Pitch-Curve/Pitch-Curve
    write-file /Users/runner/work/Pitch-Curve/Pitch-Curve/build/build/Contour.build/Release/Script-4BEDCDC11A61046BB464EE0B.sh

WriteAuxiliaryFile /Users/runner/work/Pitch-Curve/Pitch-Curve/build/build/Contour.build/Release/Pitch\ Curve_SharedCode.DependencyStaticMetadataFileList (in target 'Contour' from project 'Contour')
    cd /Users/runner/work/Pitch-Curve/Pitch-Curve
    write-file /Users/runner/work/Pitch-Curve/Pitch-Curve/build/build/Contour.build/Release/Pitch\ Curve_SharedCode.DependencyStaticMetadataFileList

WriteAuxiliaryFile /Users/runner/work/Pitch-Curve/Pitch-Curve/build/build/Contour.build/Release/Pitch\ Curve_SharedCode.DependencyMetadataFileList (in target 'Contour' from project 'Contour')
    cd /Users/runner/work/Pitch-Curve/Pitch-Curve
    write-file /Users/runner/work/Pitch-Curve/Pitch-Curve/build/build/Contour.build/Release/Pitch\ Curve_SharedCode.DependencyMetadataFileList

WriteAuxiliaryFile /Users/runner/work/Pitch-Curve/Pitch-Curve/build/build/Contour.build/Release/Objects-normal/x86_64/af3fcb34312c57c0f52879cdce924b91-common-args.resp (in target 'Contour' from project 'Contour')
    cd /Users/runner/work/Pitch-Curve/Pitch-Curve
    write-file /Users/runner/work/Pitch-Curve/Pitch-Curve/build/build/Contour.build/Release/Objects-normal/x86_64/af3fcb34312c57c0f52879cdce924b91-common-args.resp
-target x86_64-apple-macos15.5 -fpascal-strings -O3 '-DCMAKE_INTDIR="Release"' '-DJucePlugin_Build_AU=1' '-DJucePlugin_Build_AUv3=0' '-DJucePlugin_Build_AAX=0' '-DJucePlugin_Build_LV2=0' '-DJucePlugin_Build_Standalone=1' '-DJucePlugin_Build_Unity=0' '-DJucePlugin_Build_VST=0' '-DJucePlugin_Build_VST3=1' '-DJUCE_SHARED_CODE=1' '-DJUCE_STANDALONE_APPLICATION=JucePlugin_Build_Standalone' '-DJucePlugin_IsSynth=0' '-DJucePlugin_ManufacturerCode=0x436e7472' '-DJucePlugin_Manufacturer="Circus Audio"' '-DJucePlugin_ManufacturerWebsite=""' '-DJucePlugin_ManufacturerEmail=""' '-DJucePlugin_PluginCode=0x43743031' '-DJucePlugin_ProducesMidiOutput=0' '-DJucePlugin_IsMidiEffect=0' '-DJucePlugin_WantsMidiInput=0' '-DJucePlugin_EditorRequiresKeyboardFocus=0' '-DJucePlugin_Name="Pitch Curve"' '-DJucePlugin_Desc="Pitch Curve"' '-DJucePlugin_Version=0.8' '-DJucePlugin_VersionString="0.8"' '-DJucePlugin_VersionCode=0x800' '-DJucePlugin_VSTUniqueID=JucePlugin_PluginCode' '-DJucePlugin_VSTCategory=kPlugCategEffect' '-DJucePlugin_Vst3Category="Fx|Pitch Shift"' '-DJucePlugin_AUMainType='\'aufx\' '-DJucePlugin_AUSubType=JucePlugin_PluginCode' '-DJucePlugin_AUExportPrefix=Pitch_CurveAU' '-DJucePlugin_AUExportPrefixQuoted="Pitch_CurveAU"' '-DJucePlugin_AUManufacturerCode=JucePlugin_ManufacturerCode' '-DJucePlugin_CFBundleIdentifier=audio.circus.pitchcurve' '-DJucePlugin_AAXIdentifier=audio.circus.pitchcurve' '-DJucePlugin_AAXManufacturerCode=JucePlugin_ManufacturerCode' '-DJucePlugin_AAXProductId=JucePlugin_PluginCode' '-DJucePlugin_AAXCategory=0' '-DJucePlugin_AAXDisableBypass=0' '-DJucePlugin_AAXDisableMultiMono=0' '-DJucePlugin_VSTNumMidiInputs=16' '-DJucePlugin_VSTNumMidiOutputs=16' '-DJucePlugin_Enable_ARA=0' '-DJucePlugin_ARAFactoryID="audio.circus.pitchcurve.arafactory.0.8"' '-DJucePlugin_ARADocumentArchiveID="audio.circus.pitchcurve.aradocumentarchive.1"' '-DJucePlugin_ARACompatibleArchiveIDs=""' '-DJucePlugin_ARAContentTypes=0' '-DJucePlugin_ARATransformationFlags=0' '-DJUCE_WEB_BROWSER=0' '-DJUCE_USE_CURL=0' '-DJUCE_VST3_CAN_REPLACE_VST2=0' '-DJUCE_DISPLAY_SPLASH_SCREEN=0' '-DJUCE_MODULE_AVAILABLE_juce_audio_plugin_client=1' '-DJUCE_MODULE_AVAILABLE_juce_audio_processors=1' '-DJUCE_MODULE_AVAILABLE_juce_gui_extra=1' '-DJUCE_MODULE_AVAILABLE_juce_gui_basics=1' '-DJUCE_MODULE_AVAILABLE_juce_graphics=1' '-DJUCE_MODULE_AVAILABLE_juce_events=1' '-DJUCE_GLOBAL_MODULE_SETTINGS_INCLUDED=1' '-DNDEBUG=1' '-D_NDEBUG=1' '-DJUCE_MODULE_AVAILABLE_juce_core=1' '-DJUCE_MODULE_AVAILABLE_juce_data_structures=1' '-DJUCE_MODULE_AVAILABLE_juce_audio_basics=1' '-DJUCE_MODULE_AVAILABLE_juce_audio_utils=1' '-DJUCE_MODULE_AVAILABLE_juce_audio_formats=1' '-DJUCE_MODULE_AVAILABLE_juce_audio_devices=1' '-DJUCE_MODULE_AVAILABLE_juce_dsp=1' -DSIGNALSMITH_USE_ACCELERATE -DACCELERATE_NEW_LAPACK '-DOBJC_OLD_DISPATCH_PROTOTYPES=1' -isysroot /Applications/Xcode_16.4.app/Contents/Developer/Platforms/MacOSX.platform/Developer/SDKs/MacOSX15.5.sdk -fasm-blocks -I/Users/runner/work/Pitch-Curve/Pitch-Curve/build/Contour_artefacts/Release/include -I/Users/runner/work/Pitch-Curve/Pitch-Curve/build/Contour_artefacts/JuceLibraryCode -I/Users/runner/work/Pitch-Curve/Pitch-Curve/build/_deps/juce-src/modules -I/Users/runner/work/Pitch-Curve/Pitch-Curve/build/_deps/juce-src/modules/juce_audio_processors/format_types/VST3_SDK -I/Users/runner/work/Pitch-Curve/Pitch-Curve/build/_deps/juce-src/modules/juce_audio_processors/format_types/LV2_SDK -I/Users/runner/work/Pitch-Curve/Pitch-Curve/build/_deps/juce-src/modules/juce_audio_processors/format_types/LV2_SDK/lv2 -I/Users/runner/work/Pitch-Curve/Pitch-Curve/build/_deps/juce-src/modules/juce_audio_processors/format_types/LV2_SDK/serd -I/Users/runner/work/Pitch-Curve/Pitch-Curve/build/_deps/juce-src/modules/juce_audio_processors/format_types/LV2_SDK/sord -I/Users/runner/work/Pitch-Curve/Pitch-Curve/build/_deps/juce-src/modules/juce_audio_processors/format_types/LV2_SDK/sord/src -I/Users/runner/work/Pitch-Curve/Pitch-Curve/build/_deps/juce-src/modules/juce_audio_processors/format_types/LV2_SDK/sratom -I/Users/runner/work/Pitch-Curve/Pitch-Curve/build/_deps/juce-src/modules/juce_audio_processors/format_types/LV2_SDK/lilv -I/Users/runner/work/Pitch-Curve/Pitch-Curve/build/_deps/juce-src/modules/juce_audio_processors/format_types/LV2_SDK/lilv/src -I/Users/runner/work/Pitch-Curve/Pitch-Curve/build/_deps/signalsmith_stretch-src/include -I/Users/runner/work/Pitch-Curve/Pitch-Curve/build/_deps/signalsmith-linear-src/include -I/Users/runner/work/Pitch-Curve/Pitch-Curve/build/build/Contour.build/Release/DerivedSources-normal/x86_64 -I/Users/runner/work/Pitch-Curve/Pitch-Curve/build/build/Contour.build/Release/DerivedSources/x86_64 -I/Users/runner/work/Pitch-Curve/Pitch-Curve/build/build/Contour.build/Release/DerivedSources -F/Users/runner/work/Pitch-Curve/Pitch-Curve/build/Contour_artefacts/Release -DNDEBUG '-std=gnu++17' -fPIC '-fvisibility=hidden' -fvisibility-inlines-hidden

WriteAuxiliaryFile /Users/runner/work/Pitch-Curve/Pitch-Curve/build/build/Contour.build/Release/Objects-normal/x86_64/Pitch\ Curve_SharedCode.LinkFileList (in target 'Contour' from project 'Contour')
    cd /Users/runner/work/Pitch-Curve/Pitch-Curve
    write-file /Users/runner/work/Pitch-Curve/Pitch-Curve/build/build/Contour.build/Release/Objects-normal/x86_64/Pitch\ Curve_SharedCode.LinkFileList

WriteAuxiliaryFile /Users/runner/work/Pitch-Curve/Pitch-Curve/build/build/Contour.build/Release/Objects-normal/x86_64/82b82416624d2658e5098eb0a28c15c5-common-args.resp (in target 'Contour' from project 'Contour')
    cd /Users/runner/work/Pitch-Curve/Pitch-Curve
    write-file /Users/runner/work/Pitch-Curve/Pitch-Curve/build/build/Contour.build/Release/Objects-normal/x86_64/82b82416624d2658e5098eb0a28c15c5-common-args.resp
-target x86_64-apple-macos15.5 -fpascal-strings -O3 '-DCMAKE_INTDIR="Release"' '-DJucePlugin_Build_AU=1' '-DJucePlugin_Build_AUv3=0' '-DJucePlugin_Build_AAX=0' '-DJucePlugin_Build_LV2=0' '-DJucePlugin_Build_Standalone=1' '-DJucePlugin_Build_Unity=0' '-DJucePlugin_Build_VST=0' '-DJucePlugin_Build_VST3=1' '-DJUCE_SHARED_CODE=1' '-DJUCE_STANDALONE_APPLICATION=JucePlugin_Build_Standalone' '-DJucePlugin_IsSynth=0' '-DJucePlugin_ManufacturerCode=0x436e7472' '-DJucePlugin_Manufacturer="Circus Audio"' '-DJucePlugin_ManufacturerWebsite=""' '-DJucePlugin_ManufacturerEmail=""' '-DJucePlugin_PluginCode=0x43743031' '-DJucePlugin_ProducesMidiOutput=0' '-DJucePlugin_IsMidiEffect=0' '-DJucePlugin_WantsMidiInput=0' '-DJucePlugin_EditorRequiresKeyboardFocus=0' '-DJucePlugin_Name="Pitch Curve"' '-DJucePlugin_Desc="Pitch Curve"' '-DJucePlugin_Version=0.8' '-DJucePlugin_VersionString="0.8"' '-DJucePlugin_VersionCode=0x800' '-DJucePlugin_VSTUniqueID=JucePlugin_PluginCode' '-DJucePlugin_VSTCategory=kPlugCategEffect' '-DJucePlugin_Vst3Category="Fx|Pitch Shift"' '-DJucePlugin_AUMainType='\'aufx\' '-DJucePlugin_AUSubType=JucePlugin_PluginCode' '-DJucePlugin_AUExportPrefix=Pitch_CurveAU' '-DJucePlugin_AUExportPrefixQuoted="Pitch_CurveAU"' '-DJucePlugin_AUManufacturerCode=JucePlugin_ManufacturerCode' '-DJucePlugin_CFBundleIdentifier=audio.circus.pitchcurve' '-DJucePlugin_AAXIdentifier=audio.circus.pitchcurve' '-DJucePlugin_AAXManufacturerCode=JucePlugin_ManufacturerCode' '-DJucePlugin_AAXProductId=JucePlugin_PluginCode' '-DJucePlugin_AAXCategory=0' '-DJucePlugin_AAXDisableBypass=0' '-DJucePlugin_AAXDisableMultiMono=0' '-DJucePlugin_VSTNumMidiInputs=16' '-DJucePlugin_VSTNumMidiOutputs=16' '-DJucePlugin_Enable_ARA=0' '-DJucePlugin_ARAFactoryID="audio.circus.pitchcurve.arafactory.0.8"' '-DJucePlugin_ARADocumentArchiveID="audio.circus.pitchcurve.aradocumentarchive.1"' '-DJucePlugin_ARACompatibleArchiveIDs=""' '-DJucePlugin_ARAContentTypes=0' '-DJucePlugin_ARATransformationFlags=0' '-DJUCE_WEB_BROWSER=0' '-DJUCE_USE_CURL=0' '-DJUCE_VST3_CAN_REPLACE_VST2=0' '-DJUCE_DISPLAY_SPLASH_SCREEN=0' '-DJUCE_MODULE_AVAILABLE_juce_audio_plugin_client=1' '-DJUCE_MODULE_AVAILABLE_juce_audio_processors=1' '-DJUCE_MODULE_AVAILABLE_juce_gui_extra=1' '-DJUCE_MODULE_AVAILABLE_juce_gui_basics=1' '-DJUCE_MODULE_AVAILABLE_juce_graphics=1' '-DJUCE_MODULE_AVAILABLE_juce_events=1' '-DJUCE_GLOBAL_MODULE_SETTINGS_INCLUDED=1' '-DNDEBUG=1' '-D_NDEBUG=1' '-DJUCE_MODULE_AVAILABLE_juce_core=1' '-DJUCE_MODULE_AVAILABLE_juce_data_structures=1' '-DJUCE_MODULE_AVAILABLE_juce_audio_basics=1' '-DJUCE_MODULE_AVAILABLE_juce_audio_utils=1' '-DJUCE_MODULE_AVAILABLE_juce_audio_formats=1' '-DJUCE_MODULE_AVAILABLE_juce_audio_devices=1' '-DJUCE_MODULE_AVAILABLE_juce_dsp=1' -DSIGNALSMITH_USE_ACCELERATE -DACCELERATE_NEW_LAPACK -isysroot /Applications/Xcode_16.4.app/Contents/Developer/Platforms/MacOSX.platform/Developer/SDKs/MacOSX15.5.sdk -fasm-blocks -I/Users/runner/work/Pitch-Curve/Pitch-Curve/build/Contour_artefacts/Release/include -I/Users/runner/work/Pitch-Curve/Pitch-Curve/build/Contour_artefacts/JuceLibraryCode -I/Users/runner/work/Pitch-Curve/Pitch-Curve/build/_deps/juce-src/modules -I/Users/runner/work/Pitch-Curve/Pitch-Curve/build/_deps/juce-src/modules/juce_audio_processors/format_types/VST3_SDK -I/Users/runner/work/Pitch-Curve/Pitch-Curve/build/_deps/juce-src/modules/juce_audio_processors/format_types/LV2_SDK -I/Users/runner/work/Pitch-Curve/Pitch-Curve/build/_deps/juce-src/modules/juce_audio_processors/format_types/LV2_SDK/lv2 -I/Users/runner/work/Pitch-Curve/Pitch-Curve/build/_deps/juce-src/modules/juce_audio_processors/format_types/LV2_SDK/serd -I/Users/runner/work/Pitch-Curve/Pitch-Curve/build/_deps/juce-src/modules/juce_audio_processors/format_types/LV2_SDK/sord -I/Users/runner/work/Pitch-Curve/Pitch-Curve/build/_deps/juce-src/modules/juce_audio_processors/format_types/LV2_SDK/sord/src -I/Users/runner/work/Pitch-Curve/Pitch-Curve/build/_deps/juce-src/modules/juce_audio_processors/format_types/LV2_SDK/sratom -I/Users/runner/work/Pitch-Curve/Pitch-Curve/build/_deps/juce-src/modules/juce_audio_processors/format_types/LV2_SDK/lilv -I/Users/runner/work/Pitch-Curve/Pitch-Curve/build/_deps/juce-src/modules/juce_audio_processors/format_types/LV2_SDK/lilv/src -I/Users/runner/work/Pitch-Curve/Pitch-Curve/build/_deps/signalsmith_stretch-src/include -I/Users/runner/work/Pitch-Curve/Pitch-Curve/build/_deps/signalsmith-linear-src/include -I/Users/runner/work/Pitch-Curve/Pitch-Curve/build/build/Contour.build/Release/DerivedSources-normal/x86_64 -I/Users/runner/work/Pitch-Curve/Pitch-Curve/build/build/Contour.build/Release/DerivedSources/x86_64 -I/Users/runner/work/Pitch-Curve/Pitch-Curve/build/build/Contour.build/Release/DerivedSources -F/Users/runner/work/Pitch-Curve/Pitch-Curve/build/Contour_artefacts/Release -DNDEBUG '-std=gnu++17' -fPIC '-fvisibility=hidden' -fvisibility-inlines-hidden

WriteAuxiliaryFile /Users/runner/work/Pitch-Curve/Pitch-Curve/build/build/Contour.build/Release/Objects-normal/x86_64/7187679823f38a2a940e0043cdf9d637-common-args.resp (in target 'Contour' from project 'Contour')
    cd /Users/runner/work/Pitch-Curve/Pitch-Curve
    write-file /Users/runner/work/Pitch-Curve/Pitch-Curve/build/build/Contour.build/Release/Objects-normal/x86_64/7187679823f38a2a940e0043cdf9d637-common-args.resp
-target x86_64-apple-macos15.5 -fpascal-strings -O3 '-DCMAKE_INTDIR="Release"' '-DJucePlugin_Build_AU=1' '-DJucePlugin_Build_AUv3=0' '-DJucePlugin_Build_AAX=0' '-DJucePlugin_Build_LV2=0' '-DJucePlugin_Build_Standalone=1' '-DJucePlugin_Build_Unity=0' '-DJucePlugin_Build_VST=0' '-DJucePlugin_Build_VST3=1' '-DJUCE_SHARED_CODE=1' '-DJUCE_STANDALONE_APPLICATION=JucePlugin_Build_Standalone' '-DJucePlugin_IsSynth=0' '-DJucePlugin_ManufacturerCode=0x436e7472' '-DJucePlugin_Manufacturer="Circus Audio"' '-DJucePlugin_ManufacturerWebsite=""' '-DJucePlugin_ManufacturerEmail=""' '-DJucePlugin_PluginCode=0x43743031' '-DJucePlugin_ProducesMidiOutput=0' '-DJucePlugin_IsMidiEffect=0' '-DJucePlugin_WantsMidiInput=0' '-DJucePlugin_EditorRequiresKeyboardFocus=0' '-DJucePlugin_Name="Pitch Curve"' '-DJucePlugin_Desc="Pitch Curve"' '-DJucePlugin_Version=0.8' '-DJucePlugin_VersionString="0.8"' '-DJucePlugin_VersionCode=0x800' '-DJucePlugin_VSTUniqueID=JucePlugin_PluginCode' '-DJucePlugin_VSTCategory=kPlugCategEffect' '-DJucePlugin_Vst3Category="Fx|Pitch Shift"' '-DJucePlugin_AUMainType='\'aufx\' '-DJucePlugin_AUSubType=JucePlugin_PluginCode' '-DJucePlugin_AUExportPrefix=Pitch_CurveAU' '-DJucePlugin_AUExportPrefixQuoted="Pitch_CurveAU"' '-DJucePlugin_AUManufacturerCode=JucePlugin_ManufacturerCode' '-DJucePlugin_CFBundleIdentifier=audio.circus.pitchcurve' '-DJucePlugin_AAXIdentifier=audio.circus.pitchcurve' '-DJucePlugin_AAXManufacturerCode=JucePlugin_ManufacturerCode' '-DJucePlugin_AAXProductId=JucePlugin_PluginCode' '-DJucePlugin_AAXCategory=0' '-DJucePlugin_AAXDisableBypass=0' '-DJucePlugin_AAXDisableMultiMono=0' '-DJucePlugin_VSTNumMidiInputs=16' '-DJucePlugin_VSTNumMidiOutputs=16' '-DJucePlugin_Enable_ARA=0' '-DJucePlugin_ARAFactoryID="audio.circus.pitchcurve.arafactory.0.8"' '-DJucePlugin_ARADocumentArchiveID="audio.circus.pitchcurve.aradocumentarchive.1"' '-DJucePlugin_ARACompatibleArchiveIDs=""' '-DJucePlugin_ARAContentTypes=0' '-DJucePlugin_ARATransformationFlags=0' '-DJUCE_WEB_BROWSER=0' '-DJUCE_USE_CURL=0' '-DJUCE_VST3_CAN_REPLACE_VST2=0' '-DJUCE_DISPLAY_SPLASH_SCREEN=0' '-DJUCE_MODULE_AVAILABLE_juce_audio_plugin_client=1' '-DJUCE_MODULE_AVAILABLE_juce_audio_processors=1' '-DJUCE_MODULE_AVAILABLE_juce_gui_extra=1' '-DJUCE_MODULE_AVAILABLE_juce_gui_basics=1' '-DJUCE_MODULE_AVAILABLE_juce_graphics=1' '-DJUCE_MODULE_AVAILABLE_juce_events=1' '-DJUCE_GLOBAL_MODULE_SETTINGS_INCLUDED=1' '-DNDEBUG=1' '-D_NDEBUG=1' '-DJUCE_MODULE_AVAILABLE_juce_core=1' '-DJUCE_MODULE_AVAILABLE_juce_data_structures=1' '-DJUCE_MODULE_AVAILABLE_juce_audio_basics=1' '-DJUCE_MODULE_AVAILABLE_juce_audio_utils=1' '-DJUCE_MODULE_AVAILABLE_juce_audio_formats=1' '-DJUCE_MODULE_AVAILABLE_juce_audio_devices=1' '-DJUCE_MODULE_AVAILABLE_juce_dsp=1' -DSIGNALSMITH_USE_ACCELERATE -DACCELERATE_NEW_LAPACK -isysroot /Applications/Xcode_16.4.app/Contents/Developer/Platforms/MacOSX.platform/Developer/SDKs/MacOSX15.5.sdk -fasm-blocks -I/Users/runner/work/Pitch-Curve/Pitch-Curve/build/Contour_artefacts/Release/include -I/Users/runner/work/Pitch-Curve/Pitch-Curve/build/Contour_artefacts/JuceLibraryCode -I/Users/runner/work/Pitch-Curve/Pitch-Curve/build/_deps/juce-src/modules -I/Users/runner/work/Pitch-Curve/Pitch-Curve/build/_deps/juce-src/modules/juce_audio_processors/format_types/VST3_SDK -I/Users/runner/work/Pitch-Curve/Pitch-Curve/build/_deps/juce-src/modules/juce_audio_processors/format_types/LV2_SDK -I/Users/runner/work/Pitch-Curve/Pitch-Curve/build/_deps/juce-src/modules/juce_audio_processors/format_types/LV2_SDK/lv2 -I/Users/runner/work/Pitch-Curve/Pitch-Curve/build/_deps/juce-src/modules/juce_audio_processors/format_types/LV2_SDK/serd -I/Users/runner/work/Pitch-Curve/Pitch-Curve/build/_deps/juce-src/modules/juce_audio_processors/format_types/LV2_SDK/sord -I/Users/runner/work/Pitch-Curve/Pitch-Curve/build/_deps/juce-src/modules/juce_audio_processors/format_types/LV2_SDK/sord/src -I/Users/runner/work/Pitch-Curve/Pitch-Curve/build/_deps/juce-src/modules/juce_audio_processors/format_types/LV2_SDK/sratom -I/Users/runner/work/Pitch-Curve/Pitch-Curve/build/_deps/juce-src/modules/juce_audio_processors/format_types/LV2_SDK/lilv -I/Users/runner/work/Pitch-Curve/Pitch-Curve/build/_deps/juce-src/modules/juce_audio_processors/format_types/LV2_SDK/lilv/src -I/Users/runner/work/Pitch-Curve/Pitch-Curve/build/_deps/signalsmith_stretch-src/include -I/Users/runner/work/Pitch-Curve/Pitch-Curve/build/_deps/signalsmith-linear-src/include -I/Users/runner/work/Pitch-Curve/Pitch-Curve/build/build/Contour.build/Release/DerivedSources-normal/x86_64 -I/Users/runner/work/Pitch-Curve/Pitch-Curve/build/build/Contour.build/Release/DerivedSources/x86_64 -I/Users/runner/work/Pitch-Curve/Pitch-Curve/build/build/Contour.build/Release/DerivedSources -F/Users/runner/work/Pitch-Curve/Pitch-Curve/build/Contour_artefacts/Release -DNDEBUG -fPIC '-fvisibility=hidden'

WriteAuxiliaryFile /Users/runner/work/Pitch-Curve/Pitch-Curve/build/build/Contour.build/Release/Objects-normal/arm64/af3fcb34312c57c0f52879cdce924b91-common-args.resp (in target 'Contour' from project 'Contour')
    cd /Users/runner/work/Pitch-Curve/Pitch-Curve
    write-file /Users/runner/work/Pitch-Curve/Pitch-Curve/build/build/Contour.build/Release/Objects-normal/arm64/af3fcb34312c57c0f52879cdce924b91-common-args.resp
-target arm64-apple-macos15.5 -fpascal-strings -O3 '-DCMAKE_INTDIR="Release"' '-DJucePlugin_Build_AU=1' '-DJucePlugin_Build_AUv3=0' '-DJucePlugin_Build_AAX=0' '-DJucePlugin_Build_LV2=0' '-DJucePlugin_Build_Standalone=1' '-DJucePlugin_Build_Unity=0' '-DJucePlugin_Build_VST=0' '-DJucePlugin_Build_VST3=1' '-DJUCE_SHARED_CODE=1' '-DJUCE_STANDALONE_APPLICATION=JucePlugin_Build_Standalone' '-DJucePlugin_IsSynth=0' '-DJucePlugin_ManufacturerCode=0x436e7472' '-DJucePlugin_Manufacturer="Circus Audio"' '-DJucePlugin_ManufacturerWebsite=""' '-DJucePlugin_ManufacturerEmail=""' '-DJucePlugin_PluginCode=0x43743031' '-DJucePlugin_ProducesMidiOutput=0' '-DJucePlugin_IsMidiEffect=0' '-DJucePlugin_WantsMidiInput=0' '-DJucePlugin_EditorRequiresKeyboardFocus=0' '-DJucePlugin_Name="Pitch Curve"' '-DJucePlugin_Desc="Pitch Curve"' '-DJucePlugin_Version=0.8' '-DJucePlugin_VersionString="0.8"' '-DJucePlugin_VersionCode=0x800' '-DJucePlugin_VSTUniqueID=JucePlugin_PluginCode' '-DJucePlugin_VSTCategory=kPlugCategEffect' '-DJucePlugin_Vst3Category="Fx|Pitch Shift"' '-DJucePlugin_AUMainType='\'aufx\' '-DJucePlugin_AUSubType=JucePlugin_PluginCode' '-DJucePlugin_AUExportPrefix=Pitch_CurveAU' '-DJucePlugin_AUExportPrefixQuoted="Pitch_CurveAU"' '-DJucePlugin_AUManufacturerCode=JucePlugin_ManufacturerCode' '-DJucePlugin_CFBundleIdentifier=audio.circus.pitchcurve' '-DJucePlugin_AAXIdentifier=audio.circus.pitchcurve' '-DJucePlugin_AAXManufacturerCode=JucePlugin_ManufacturerCode' '-DJucePlugin_AAXProductId=JucePlugin_PluginCode' '-DJucePlugin_AAXCategory=0' '-DJucePlugin_AAXDisableBypass=0' '-DJucePlugin_AAXDisableMultiMono=0' '-DJucePlugin_VSTNumMidiInputs=16' '-DJucePlugin_VSTNumMidiOutputs=16' '-DJucePlugin_Enable_ARA=0' '-DJucePlugin_ARAFactoryID="audio.circus.pitchcurve.arafactory.0.8"' '-DJucePlugin_ARADocumentArchiveID="audio.circus.pitchcurve.aradocumentarchive.1"' '-DJucePlugin_ARACompatibleArchiveIDs=""' '-DJucePlugin_ARAContentTypes=0' '-DJucePlugin_ARATransformationFlags=0' '-DJUCE_WEB_BROWSER=0' '-DJUCE_USE_CURL=0' '-DJUCE_VST3_CAN_REPLACE_VST2=0' '-DJUCE_DISPLAY_SPLASH_SCREEN=0' '-DJUCE_MODULE_AVAILABLE_juce_audio_plugin_client=1' '-DJUCE_MODULE_AVAILABLE_juce_audio_processors=1' '-DJUCE_MODULE_AVAILABLE_juce_gui_extra=1' '-DJUCE_MODULE_AVAILABLE_juce_gui_basics=1' '-DJUCE_MODULE_AVAILABLE_juce_graphics=1' '-DJUCE_MODULE_AVAILABLE_juce_events=1' '-DJUCE_GLOBAL_MODULE_SETTINGS_INCLUDED=1' '-DNDEBUG=1' '-D_NDEBUG=1' '-DJUCE_MODULE_AVAILABLE_juce_core=1' '-DJUCE_MODULE_AVAILABLE_juce_data_structures=1' '-DJUCE_MODULE_AVAILABLE_juce_audio_basics=1' '-DJUCE_MODULE_AVAILABLE_juce_audio_utils=1' '-DJUCE_MODULE_AVAILABLE_juce_audio_formats=1' '-DJUCE_MODULE_AVAILABLE_juce_audio_devices=1' '-DJUCE_MODULE_AVAILABLE_juce_dsp=1' -DSIGNALSMITH_USE_ACCELERATE -DACCELERATE_NEW_LAPACK '-DOBJC_OLD_DISPATCH_PROTOTYPES=1' -isysroot /Applications/Xcode_16.4.app/Contents/Developer/Platforms/MacOSX.platform/Developer/SDKs/MacOSX15.5.sdk -I/Users/runner/work/Pitch-Curve/Pitch-Curve/build/Contour_artefacts/Release/include -I/Users/runner/work/Pitch-Curve/Pitch-Curve/build/Contour_artefacts/JuceLibraryCode -I/Users/runner/work/Pitch-Curve/Pitch-Curve/build/_deps/juce-src/modules -I/Users/runner/work/Pitch-Curve/Pitch-Curve/build/_deps/juce-src/modules/juce_audio_processors/format_types/VST3_SDK -I/Users/runner/work/Pitch-Curve/Pitch-Curve/build/_deps/juce-src/modules/juce_audio_processors/format_types/LV2_SDK -I/Users/runner/work/Pitch-Curve/Pitch-Curve/build/_deps/juce-src/modules/juce_audio_processors/format_types/LV2_SDK/lv2 -I/Users/runner/work/Pitch-Curve/Pitch-Curve/build/_deps/juce-src/modules/juce_audio_processors/format_types/LV2_SDK/serd -I/Users/runner/work/Pitch-Curve/Pitch-Curve/build/_deps/juce-src/modules/juce_audio_processors/format_types/LV2_SDK/sord -I/Users/runner/work/Pitch-Curve/Pitch-Curve/build/_deps/juce-src/modules/juce_audio_processors/format_types/LV2_SDK/sord/src -I/Users/runner/work/Pitch-Curve/Pitch-Curve/build/_deps/juce-src/modules/juce_audio_processors/format_types/LV2_SDK/sratom -I/Users/runner/work/Pitch-Curve/Pitch-Curve/build/_deps/juce-src/modules/juce_audio_processors/format_types/LV2_SDK/lilv -I/Users/runner/work/Pitch-Curve/Pitch-Curve/build/_deps/juce-src/modules/juce_audio_processors/format_types/LV2_SDK/lilv/src -I/Users/runner/work/Pitch-Curve/Pitch-Curve/build/_deps/signalsmith_stretch-src/include -I/Users/runner/work/Pitch-Curve/Pitch-Curve/build/_deps/signalsmith-linear-src/include -I/Users/runner/work/Pitch-Curve/Pitch-Curve/build/build/Contour.build/Release/DerivedSources-normal/arm64 -I/Users/runner/work/Pitch-Curve/Pitch-Curve/build/build/Contour.build/Release/DerivedSources/arm64 -I/Users/runner/work/Pitch-Curve/Pitch-Curve/build/build/Contour.build/Release/DerivedSources -F/Users/runner/work/Pitch-Curve/Pitch-Curve/build/Contour_artefacts/Release -DNDEBUG '-std=gnu++17' -fPIC '-fvisibility=hidden' -fvisibility-inlines-hidden

WriteAuxiliaryFile /Users/runner/work/Pitch-Curve/Pitch-Curve/build/build/Contour.build/Release/Objects-normal/arm64/Pitch\ Curve_SharedCode.LinkFileList (in target 'Contour' from project 'Contour')
    cd /Users/runner/work/Pitch-Curve/Pitch-Curve
    write-file /Users/runner/work/Pitch-Curve/Pitch-Curve/build/build/Contour.build/Release/Objects-normal/arm64/Pitch\ Curve_SharedCode.LinkFileList

WriteAuxiliaryFile /Users/runner/work/Pitch-Curve/Pitch-Curve/build/build/Contour.build/Release/Objects-normal/arm64/82b82416624d2658e5098eb0a28c15c5-common-args.resp (in target 'Contour' from project 'Contour')
    cd /Users/runner/work/Pitch-Curve/Pitch-Curve
    write-file /Users/runner/work/Pitch-Curve/Pitch-Curve/build/build/Contour.build/Release/Objects-normal/arm64/82b82416624d2658e5098eb0a28c15c5-common-args.resp
-target arm64-apple-macos15.5 -fpascal-strings -O3 '-DCMAKE_INTDIR="Release"' '-DJucePlugin_Build_AU=1' '-DJucePlugin_Build_AUv3=0' '-DJucePlugin_Build_AAX=0' '-DJucePlugin_Build_LV2=0' '-DJucePlugin_Build_Standalone=1' '-DJucePlugin_Build_Unity=0' '-DJucePlugin_Build_VST=0' '-DJucePlugin_Build_VST3=1' '-DJUCE_SHARED_CODE=1' '-DJUCE_STANDALONE_APPLICATION=JucePlugin_Build_Standalone' '-DJucePlugin_IsSynth=0' '-DJucePlugin_ManufacturerCode=0x436e7472' '-DJucePlugin_Manufacturer="Circus Audio"' '-DJucePlugin_ManufacturerWebsite=""' '-DJucePlugin_ManufacturerEmail=""' '-DJucePlugin_PluginCode=0x43743031' '-DJucePlugin_ProducesMidiOutput=0' '-DJucePlugin_IsMidiEffect=0' '-DJucePlugin_WantsMidiInput=0' '-DJucePlugin_EditorRequiresKeyboardFocus=0' '-DJucePlugin_Name="Pitch Curve"' '-DJucePlugin_Desc="Pitch Curve"' '-DJucePlugin_Version=0.8' '-DJucePlugin_VersionString="0.8"' '-DJucePlugin_VersionCode=0x800' '-DJucePlugin_VSTUniqueID=JucePlugin_PluginCode' '-DJucePlugin_VSTCategory=kPlugCategEffect' '-DJucePlugin_Vst3Category="Fx|Pitch Shift"' '-DJucePlugin_AUMainType='\'aufx\' '-DJucePlugin_AUSubType=JucePlugin_PluginCode' '-DJucePlugin_AUExportPrefix=Pitch_CurveAU' '-DJucePlugin_AUExportPrefixQuoted="Pitch_CurveAU"' '-DJucePlugin_AUManufacturerCode=JucePlugin_ManufacturerCode' '-DJucePlugin_CFBundleIdentifier=audio.circus.pitchcurve' '-DJucePlugin_AAXIdentifier=audio.circus.pitchcurve' '-DJucePlugin_AAXManufacturerCode=JucePlugin_ManufacturerCode' '-DJucePlugin_AAXProductId=JucePlugin_PluginCode' '-DJucePlugin_AAXCategory=0' '-DJucePlugin_AAXDisableBypass=0' '-DJucePlugin_AAXDisableMultiMono=0' '-DJucePlugin_VSTNumMidiInputs=16' '-DJucePlugin_VSTNumMidiOutputs=16' '-DJucePlugin_Enable_ARA=0' '-DJucePlugin_ARAFactoryID="audio.circus.pitchcurve.arafactory.0.8"' '-DJucePlugin_ARADocumentArchiveID="audio.circus.pitchcurve.aradocumentarchive.1"' '-DJucePlugin_ARACompatibleArchiveIDs=""' '-DJucePlugin_ARAContentTypes=0' '-DJucePlugin_ARATransformationFlags=0' '-DJUCE_WEB_BROWSER=0' '-DJUCE_USE_CURL=0' '-DJUCE_VST3_CAN_REPLACE_VST2=0' '-DJUCE_DISPLAY_SPLASH_SCREEN=0' '-DJUCE_MODULE_AVAILABLE_juce_audio_plugin_client=1' '-DJUCE_MODULE_AVAILABLE_juce_audio_processors=1' '-DJUCE_MODULE_AVAILABLE_juce_gui_extra=1' '-DJUCE_MODULE_AVAILABLE_juce_gui_basics=1' '-DJUCE_MODULE_AVAILABLE_juce_graphics=1' '-DJUCE_MODULE_AVAILABLE_juce_events=1' '-DJUCE_GLOBAL_MODULE_SETTINGS_INCLUDED=1' '-DNDEBUG=1' '-D_NDEBUG=1' '-DJUCE_MODULE_AVAILABLE_juce_core=1' '-DJUCE_MODULE_AVAILABLE_juce_data_structures=1' '-DJUCE_MODULE_AVAILABLE_juce_audio_basics=1' '-DJUCE_MODULE_AVAILABLE_juce_audio_utils=1' '-DJUCE_MODULE_AVAILABLE_juce_audio_formats=1' '-DJUCE_MODULE_AVAILABLE_juce_audio_devices=1' '-DJUCE_MODULE_AVAILABLE_juce_dsp=1' -DSIGNALSMITH_USE_ACCELERATE -DACCELERATE_NEW_LAPACK -isysroot /Applications/Xcode_16.4.app/Contents/Developer/Platforms/MacOSX.platform/Developer/SDKs/MacOSX15.5.sdk -I/Users/runner/work/Pitch-Curve/Pitch-Curve/build/Contour_artefacts/Release/include -I/Users/runner/work/Pitch-Curve/Pitch-Curve/build/Contour_artefacts/JuceLibraryCode -I/Users/runner/work/Pitch-Curve/Pitch-Curve/build/_deps/juce-src/modules -I/Users/runner/work/Pitch-Curve/Pitch-Curve/build/_deps/juce-src/modules/juce_audio_processors/format_types/VST3_SDK -I/Users/runner/work/Pitch-Curve/Pitch-Curve/build/_deps/juce-src/modules/juce_audio_processors/format_types/LV2_SDK -I/Users/runner/work/Pitch-Curve/Pitch-Curve/build/_deps/juce-src/modules/juce_audio_processors/format_types/LV2_SDK/lv2 -I/Users/runner/work/Pitch-Curve/Pitch-Curve/build/_deps/juce-src/modules/juce_audio_processors/format_types/LV2_SDK/serd -I/Users/runner/work/Pitch-Curve/Pitch-Curve/build/_deps/juce-src/modules/juce_audio_processors/format_types/LV2_SDK/sord -I/Users/runner/work/Pitch-Curve/Pitch-Curve/build/_deps/juce-src/modules/juce_audio_processors/format_types/LV2_SDK/sord/src -I/Users/runner/work/Pitch-Curve/Pitch-Curve/build/_deps/juce-src/modules/juce_audio_processors/format_types/LV2_SDK/sratom -I/Users/runner/work/Pitch-Curve/Pitch-Curve/build/_deps/juce-src/modules/juce_audio_processors/format_types/LV2_SDK/lilv -I/Users/runner/work/Pitch-Curve/Pitch-Curve/build/_deps/juce-src/modules/juce_audio_processors/format_types/LV2_SDK/lilv/src -I/Users/runner/work/Pitch-Curve/Pitch-Curve/build/_deps/signalsmith_stretch-src/include -I/Users/runner/work/Pitch-Curve/Pitch-Curve/build/_deps/signalsmith-linear-src/include -I/Users/runner/work/Pitch-Curve/Pitch-Curve/build/build/Contour.build/Release/DerivedSources-normal/arm64 -I/Users/runner/work/Pitch-Curve/Pitch-Curve/build/build/Contour.build/Release/DerivedSources/arm64 -I/Users/runner/work/Pitch-Curve/Pitch-Curve/build/build/Contour.build/Release/DerivedSources -F/Users/runner/work/Pitch-Curve/Pitch-Curve/build/Contour_artefacts/Release -DNDEBUG '-std=gnu++17' -fPIC '-fvisibility=hidden' -fvisibility-inlines-hidden

WriteAuxiliaryFile /Users/runner/work/Pitch-Curve/Pitch-Curve/build/build/Contour.build/Release/Objects-normal/arm64/7187679823f38a2a940e0043cdf9d637-common-args.resp (in target 'Contour' from project 'Contour')
    cd /Users/runner/work/Pitch-Curve/Pitch-Curve
    write-file /Users/runner/work/Pitch-Curve/Pitch-Curve/build/build/Contour.build/Release/Objects-normal/arm64/7187679823f38a2a940e0043cdf9d637-common-args.resp
-target arm64-apple-macos15.5 -fpascal-strings -O3 '-DCMAKE_INTDIR="Release"' '-DJucePlugin_Build_AU=1' '-DJucePlugin_Build_AUv3=0' '-DJucePlugin_Build_AAX=0' '-DJucePlugin_Build_LV2=0' '-DJucePlugin_Build_Standalone=1' '-DJucePlugin_Build_Unity=0' '-DJucePlugin_Build_VST=0' '-DJucePlugin_Build_VST3=1' '-DJUCE_SHARED_CODE=1' '-DJUCE_STANDALONE_APPLICATION=JucePlugin_Build_Standalone' '-DJucePlugin_IsSynth=0' '-DJucePlugin_ManufacturerCode=0x436e7472' '-DJucePlugin_Manufacturer="Circus Audio"' '-DJucePlugin_ManufacturerWebsite=""' '-DJucePlugin_ManufacturerEmail=""' '-DJucePlugin_PluginCode=0x43743031' '-DJucePlugin_ProducesMidiOutput=0' '-DJucePlugin_IsMidiEffect=0' '-DJucePlugin_WantsMidiInput=0' '-DJucePlugin_EditorRequiresKeyboardFocus=0' '-DJucePlugin_Name="Pitch Curve"' '-DJucePlugin_Desc="Pitch Curve"' '-DJucePlugin_Version=0.8' '-DJucePlugin_VersionString="0.8"' '-DJucePlugin_VersionCode=0x800' '-DJucePlugin_VSTUniqueID=JucePlugin_PluginCode' '-DJucePlugin_VSTCategory=kPlugCategEffect' '-DJucePlugin_Vst3Category="Fx|Pitch Shift"' '-DJucePlugin_AUMainType='\'aufx\' '-DJucePlugin_AUSubType=JucePlugin_PluginCode' '-DJucePlugin_AUExportPrefix=Pitch_CurveAU' '-DJucePlugin_AUExportPrefixQuoted="Pitch_CurveAU"' '-DJucePlugin_AUManufacturerCode=JucePlugin_ManufacturerCode' '-DJucePlugin_CFBundleIdentifier=audio.circus.pitchcurve' '-DJucePlugin_AAXIdentifier=audio.circus.pitchcurve' '-DJucePlugin_AAXManufacturerCode=JucePlugin_ManufacturerCode' '-DJucePlugin_AAXProductId=JucePlugin_PluginCode' '-DJucePlugin_AAXCategory=0' '-DJucePlugin_AAXDisableBypass=0' '-DJucePlugin_AAXDisableMultiMono=0' '-DJucePlugin_VSTNumMidiInputs=16' '-DJucePlugin_VSTNumMidiOutputs=16' '-DJucePlugin_Enable_ARA=0' '-DJucePlugin_ARAFactoryID="audio.circus.pitchcurve.arafactory.0.8"' '-DJucePlugin_ARADocumentArchiveID="audio.circus.pitchcurve.aradocumentarchive.1"' '-DJucePlugin_ARACompatibleArchiveIDs=""' '-DJucePlugin_ARAContentTypes=0' '-DJucePlugin_ARATransformationFlags=0' '-DJUCE_WEB_BROWSER=0' '-DJUCE_USE_CURL=0' '-DJUCE_VST3_CAN_REPLACE_VST2=0' '-DJUCE_DISPLAY_SPLASH_SCREEN=0' '-DJUCE_MODULE_AVAILABLE_juce_audio_plugin_client=1' '-DJUCE_MODULE_AVAILABLE_juce_audio_processors=1' '-DJUCE_MODULE_AVAILABLE_juce_gui_extra=1' '-DJUCE_MODULE_AVAILABLE_juce_gui_basics=1' '-DJUCE_MODULE_AVAILABLE_juce_graphics=1' '-DJUCE_MODULE_AVAILABLE_juce_events=1' '-DJUCE_GLOBAL_MODULE_SETTINGS_INCLUDED=1' '-DNDEBUG=1' '-D_NDEBUG=1' '-DJUCE_MODULE_AVAILABLE_juce_core=1' '-DJUCE_MODULE_AVAILABLE_juce_data_structures=1' '-DJUCE_MODULE_AVAILABLE_juce_audio_basics=1' '-DJUCE_MODULE_AVAILABLE_juce_audio_utils=1' '-DJUCE_MODULE_AVAILABLE_juce_audio_formats=1' '-DJUCE_MODULE_AVAILABLE_juce_audio_devices=1' '-DJUCE_MODULE_AVAILABLE_juce_dsp=1' -DSIGNALSMITH_USE_ACCELERATE -DACCELERATE_NEW_LAPACK -isysroot /Applications/Xcode_16.4.app/Contents/Developer/Platforms/MacOSX.platform/Developer/SDKs/MacOSX15.5.sdk -I/Users/runner/work/Pitch-Curve/Pitch-Curve/build/Contour_artefacts/Release/include -I/Users/runner/work/Pitch-Curve/Pitch-Curve/build/Contour_artefacts/JuceLibraryCode -I/Users/runner/work/Pitch-Curve/Pitch-Curve/build/_deps/juce-src/modules -I/Users/runner/work/Pitch-Curve/Pitch-Curve/build/_deps/juce-src/modules/juce_audio_processors/format_types/VST3_SDK -I/Users/runner/work/Pitch-Curve/Pitch-Curve/build/_deps/juce-src/modules/juce_audio_processors/format_types/LV2_SDK -I/Users/runner/work/Pitch-Curve/Pitch-Curve/build/_deps/juce-src/modules/juce_audio_processors/format_types/LV2_SDK/lv2 -I/Users/runner/work/Pitch-Curve/Pitch-Curve/build/_deps/juce-src/modules/juce_audio_processors/format_types/LV2_SDK/serd -I/Users/runner/work/Pitch-Curve/Pitch-Curve/build/_deps/juce-src/modules/juce_audio_processors/format_types/LV2_SDK/sord -I/Users/runner/work/Pitch-Curve/Pitch-Curve/build/_deps/juce-src/modules/juce_audio_processors/format_types/LV2_SDK/sord/src -I/Users/runner/work/Pitch-Curve/Pitch-Curve/build/_deps/juce-src/modules/juce_audio_processors/format_types/LV2_SDK/sratom -I/Users/runner/work/Pitch-Curve/Pitch-Curve/build/_deps/juce-src/modules/juce_audio_processors/format_types/LV2_SDK/lilv -I/Users/runner/work/Pitch-Curve/Pitch-Curve/build/_deps/juce-src/modules/juce_audio_processors/format_types/LV2_SDK/lilv/src -I/Users/runner/work/Pitch-Curve/Pitch-Curve/build/_deps/signalsmith_stretch-src/include -I/Users/runner/work/Pitch-Curve/Pitch-Curve/build/_deps/signalsmith-linear-src/include -I/Users/runner/work/Pitch-Curve/Pitch-Curve/build/build/Contour.build/Release/DerivedSources-normal/arm64 -I/Users/runner/work/Pitch-Curve/Pitch-Curve/build/build/Contour.build/Release/DerivedSources/arm64 -I/Users/runner/work/Pitch-Curve/Pitch-Curve/build/build/Contour.build/Release/DerivedSources -F/Users/runner/work/Pitch-Curve/Pitch-Curve/build/Contour_artefacts/Release -DNDEBUG -fPIC '-fvisibility=hidden'

WriteAuxiliaryFile /Users/runner/work/Pitch-Curve/Pitch-Curve/build/build/Contour.build/Release/ALL_BUILD.build/Script-31A3A0C07C244661D80A9B28.sh (in target 'ALL_BUILD' from project 'Contour')
    cd /Users/runner/work/Pitch-Curve/Pitch-Curve
    write-file /Users/runner/work/Pitch-Curve/Pitch-Curve/build/build/Contour.build/Release/ALL_BUILD.build/Script-31A3A0C07C244661D80A9B28.sh

MkDir /Users/runner/work/Pitch-Curve/Pitch-Curve/build/Contour_artefacts/Release/VST3/Pitch\ Curve.vst3/Contents/MacOS (in target 'Contour_VST3' from project 'Contour')
    cd /Users/runner/work/Pitch-Curve/Pitch-Curve
    /bin/mkdir -p /Users/runner/work/Pitch-Curve/Pitch-Curve/build/Contour_artefacts/Release/VST3/Pitch\ Curve.vst3/Contents/MacOS

PhaseScriptExecution Generate\ CMakeFiles/ZERO_CHECK /Users/runner/work/Pitch-Curve/Pitch-Curve/build/build/Contour.build/Release/ZERO_CHECK.build/Script-02EF88EB778F96E635E94ECD.sh (in target 'ZERO_CHECK' from project 'Contour')
    cd /Users/runner/work/Pitch-Curve/Pitch-Curve
    /bin/sh -c /Users/runner/work/Pitch-Curve/Pitch-Curve/build/build/Contour.build/Release/ZERO_CHECK.build/Script-02EF88EB778F96E635E94ECD.sh
/opt/homebrew/bin/cmake -P /Users/runner/work/Pitch-Curve/Pitch-Curve/build/CMakeFiles/VerifyGlobs.cmake

MkDir /Users/runner/work/Pitch-Curve/Pitch-Curve/build/Contour_artefacts/Release/VST3/Pitch\ Curve.vst3/Contents (in target 'Contour_VST3' from project 'Contour')
    cd /Users/runner/work/Pitch-Curve/Pitch-Curve
    /bin/mkdir -p /Users/runner/work/Pitch-Curve/Pitch-Curve/build/Contour_artefacts/Release/VST3/Pitch\ Curve.vst3/Contents

MkDir /Users/runner/work/Pitch-Curve/Pitch-Curve/build/Contour_artefacts/Release/VST3/Pitch\ Curve.vst3 (in target 'Contour_VST3' from project 'Contour')
    cd /Users/runner/work/Pitch-Curve/Pitch-Curve
    /bin/mkdir -p /Users/runner/work/Pitch-Curve/Pitch-Curve/build/Contour_artefacts/Release/VST3/Pitch\ Curve.vst3

MkDir /Users/runner/work/Pitch-Curve/Pitch-Curve/build/Contour_artefacts/Release/Standalone/Pitch\ Curve.app/Contents/Resources (in target 'Contour_Standalone' from project 'Contour')
    cd /Users/runner/work/Pitch-Curve/Pitch-Curve
    /bin/mkdir -p /Users/runner/work/Pitch-Curve/Pitch-Curve/build/Contour_artefacts/Release/Standalone/Pitch\ Curve.app/Contents/Resources

MkDir /Users/runner/work/Pitch-Curve/Pitch-Curve/build/Contour_artefacts/Release/Standalone/Pitch\ Curve.app/Contents/MacOS (in target 'Contour_Standalone' from project 'Contour')
    cd /Users/runner/work/Pitch-Curve/Pitch-Curve
    /bin/mkdir -p /Users/runner/work/Pitch-Curve/Pitch-Curve/build/Contour_artefacts/Release/Standalone/Pitch\ Curve.app/Contents/MacOS

MkDir /Users/runner/work/Pitch-Curve/Pitch-Curve/build/Contour_artefacts/Release/Standalone/Pitch\ Curve.app/Contents (in target 'Contour_Standalone' from project 'Contour')
    cd /Users/runner/work/Pitch-Curve/Pitch-Curve
    /bin/mkdir -p /Users/runner/work/Pitch-Curve/Pitch-Curve/build/Contour_artefacts/Release/Standalone/Pitch\ Curve.app/Contents

MkDir /Users/runner/work/Pitch-Curve/Pitch-Curve/build/Contour_artefacts/Release/Standalone/Pitch\ Curve.app (in target 'Contour_Standalone' from project 'Contour')
    cd /Users/runner/work/Pitch-Curve/Pitch-Curve
    /bin/mkdir -p /Users/runner/work/Pitch-Curve/Pitch-Curve/build/Contour_artefacts/Release/Standalone/Pitch\ Curve.app

MkDir /Users/runner/work/Pitch-Curve/Pitch-Curve/build/Contour_artefacts/Release/AU/Pitch\ Curve.component/Contents/MacOS (in target 'Contour_AU' from project 'Contour')
    cd /Users/runner/work/Pitch-Curve/Pitch-Curve
    /bin/mkdir -p /Users/runner/work/Pitch-Curve/Pitch-Curve/build/Contour_artefacts/Release/AU/Pitch\ Curve.component/Contents/MacOS

MkDir /Users/runner/work/Pitch-Curve/Pitch-Curve/build/Contour_artefacts/Release/AU/Pitch\ Curve.component/Contents (in target 'Contour_AU' from project 'Contour')
    cd /Users/runner/work/Pitch-Curve/Pitch-Curve
    /bin/mkdir -p /Users/runner/work/Pitch-Curve/Pitch-Curve/build/Contour_artefacts/Release/AU/Pitch\ Curve.component/Contents

MkDir /Users/runner/work/Pitch-Curve/Pitch-Curve/build/Contour_artefacts/Release/AU/Pitch\ Curve.component (in target 'Contour_AU' from project 'Contour')
    cd /Users/runner/work/Pitch-Curve/Pitch-Curve
    /bin/mkdir -p /Users/runner/work/Pitch-Curve/Pitch-Curve/build/Contour_artefacts/Release/AU/Pitch\ Curve.component

ProcessProductPackaging "" /Users/runner/work/Pitch-Curve/Pitch-Curve/build/build/Contour_vst3_helper.build/Release/Contour_vst3_helper.xcent (in target 'Contour_vst3_helper' from project 'Contour')
    cd /Users/runner/work/Pitch-Curve/Pitch-Curve
    
    Entitlements:
    
    {
    "com.apple.application-identifier" = "";
    "com.apple.security.get-task-allow" = 1;
}
    
    builtin-productPackagingUtility -entitlements -format xml -o /Users/runner/work/Pitch-Curve/Pitch-Curve/build/build/Contour_vst3_helper.build/Release/Contour_vst3_helper.xcent

ProcessProductPackagingDER /Users/runner/work/Pitch-Curve/Pitch-Curve/build/build/Contour_vst3_helper.build/Release/Contour_vst3_helper.xcent /Users/runner/work/Pitch-Curve/Pitch-Curve/build/build/Contour_vst3_helper.build/Release/Contour_vst3_helper.xcent.der (in target 'Contour_vst3_helper' from project 'Contour')
    cd /Users/runner/work/Pitch-Curve/Pitch-Curve
    /usr/bin/derq query -f xml -i /Users/runner/work/Pitch-Curve/Pitch-Curve/build/build/Contour_vst3_helper.build/Release/Contour_vst3_helper.xcent -o /Users/runner/work/Pitch-Curve/Pitch-Curve/build/build/Contour_vst3_helper.build/Release/Contour_vst3_helper.xcent.der --raw

ProcessProductPackaging /Users/runner/work/Pitch-Curve/Pitch-Curve/build/ContourTests_artefacts/JuceLibraryCode/ContourTests.entitlements /Users/runner/work/Pitch-Curve/Pitch-Curve/build/build/ContourTests.build/Release/ContourTests.xcent (in target 'ContourTests' from project 'Contour')
    cd /Users/runner/work/Pitch-Curve/Pitch-Curve
    
    Entitlements:
    
    {
    "com.apple.security.get-task-allow" = 1;
}
    
    builtin-productPackagingUtility /Users/runner/work/Pitch-Curve/Pitch-Curve/build/ContourTests_artefacts/JuceLibraryCode/ContourTests.entitlements -entitlements -format xml -o /Users/runner/work/Pitch-Curve/Pitch-Curve/build/build/ContourTests.build/Release/ContourTests.xcent

ProcessProductPackaging /Users/runner/work/Pitch-Curve/Pitch-Curve/build/ContourProcessorTests_artefacts/JuceLibraryCode/ContourProcessorTests.entitlements /Users/runner/work/Pitch-Curve/Pitch-Curve/build/build/ContourProcessorTests.build/Release/ContourProcessorTests.xcent (in target 'ContourProcessorTests' from project 'Contour')
    cd /Users/runner/work/Pitch-Curve/Pitch-Curve
    
    Entitlements:
    
    {
    "com.apple.security.get-task-allow" = 1;
}
    
    builtin-productPackagingUtility /Users/runner/work/Pitch-Curve/Pitch-Curve/build/ContourProcessorTests_artefacts/JuceLibraryCode/ContourProcessorTests.entitlements -entitlements -format xml -o /Users/runner/work/Pitch-Curve/Pitch-Curve/build/build/ContourProcessorTests.build/Release/ContourProcessorTests.xcent

ProcessProductPackagingDER /Users/runner/work/Pitch-Curve/Pitch-Curve/build/build/ContourTests.build/Release/ContourTests.xcent /Users/runner/work/Pitch-Curve/Pitch-Curve/build/build/ContourTests.build/Release/ContourTests.xcent.der (in target 'ContourTests' from project 'Contour')
    cd /Users/runner/work/Pitch-Curve/Pitch-Curve
    /usr/bin/derq query -f xml -i /Users/runner/work/Pitch-Curve/Pitch-Curve/build/build/ContourTests.build/Release/ContourTests.xcent -o /Users/runner/work/Pitch-Curve/Pitch-Curve/build/build/ContourTests.build/Release/ContourTests.xcent.der --raw

ProcessProductPackagingDER /Users/runner/work/Pitch-Curve/Pitch-Curve/build/build/ContourProcessorTests.build/Release/ContourProcessorTests.xcent /Users/runner/work/Pitch-Curve/Pitch-Curve/build/build/ContourProcessorTests.build/Release/ContourProcessorTests.xcent.der (in target 'ContourProcessorTests' from project 'Contour')
    cd /Users/runner/work/Pitch-Curve/Pitch-Curve
    /usr/bin/derq query -f xml -i /Users/runner/work/Pitch-Curve/Pitch-Curve/build/build/ContourProcessorTests.build/Release/ContourProcessorTests.xcent -o /Users/runner/work/Pitch-Curve/Pitch-Curve/build/build/ContourProcessorTests.build/Release/ContourProcessorTests.xcent.der --raw

PhaseScriptExecution Generate\ ContourTests_artefacts/JuceLibraryCode/JuceHeader.h /Users/runner/work/Pitch-Curve/Pitch-Curve/build/build/ContourTests.build/Release/Script-7B276751C4C9BD936C4A1B97.sh (in target 'ContourTests' from project 'Contour')
    cd /Users/runner/work/Pitch-Curve/Pitch-Curve
    /bin/sh -c /Users/runner/work/Pitch-Curve/Pitch-Curve/build/build/ContourTests.build/Release/Script-7B276751C4C9BD936C4A1B97.sh

PhaseScriptExecution Generate\ Contour_artefacts/JuceLibraryCode/JuceHeader.h /Users/runner/work/Pitch-Curve/Pitch-Curve/build/build/Contour.build/Release/Script-4BEDCDC11A61046BB464EE0B.sh (in target 'Contour' from project 'Contour')
    cd /Users/runner/work/Pitch-Curve/Pitch-Curve
    /bin/sh -c /Users/runner/work/Pitch-Curve/Pitch-Curve/build/build/Contour.build/Release/Script-4BEDCDC11A61046BB464EE0B.sh

CompileC /Users/runner/work/Pitch-Curve/Pitch-Curve/build/build/Contour_vst3_helper.build/Release/Objects-normal/x86_64/juce_VST3ManifestHelper.o /Users/runner/work/Pitch-Curve/Pitch-Curve/build/_deps/juce-src/modules/juce_audio_plugin_client/VST3/juce_VST3ManifestHelper.mm normal x86_64 objective-c++ com.apple.compilers.llvm.clang.1_0.compiler (in target 'Contour_vst3_helper' from project 'Contour')
    cd /Users/runner/work/Pitch-Curve/Pitch-Curve
    
    Using response file: /Users/runner/work/Pitch-Curve/Pitch-Curve/build/build/Contour_vst3_helper.build/Release/Objects-normal/x86_64/af3fcb34312c57c0f52879cdce924b91-common-args.resp
    
    /Applications/Xcode_16.4.app/Contents/Developer/Toolchains/XcodeDefault.xctoolchain/usr/bin/clang -x objective-c++ -ivfsstatcache /var/folders/nj/vtw8zd2j31d1gdrtntc5y4600000gn/C/com.apple.DeveloperTools/16.4-16F6/Xcode/SDKStatCaches.noindex/macosx15.5-24F74-a403186ba963133a54a0e0cacd566b0b.sdkstatcache -fmessage-length\=0 -fdiagnostics-show-note-include-stack -fmacro-backtrace-limit\=0 -fno-color-diagnostics -Wno-trigraphs -Wno-missing-field-initializers -Wno-missing-prototypes -Wno-return-type -Wno-implicit-atomic-properties -Wno-objc-interface-ivars -Wno-arc-repeated-use-of-weak -Wno-non-virtual-dtor -Wno-overloaded-virtual -Wno-exit-time-destructors -Wno-missing-braces -Wparentheses -Wswitch -Wno-unused-function -Wno-unused-label -Wno-unused-parameter -Wno-unused-variable -Wunused-value -Wno-empty-body -Wno-uninitialized -Wno-unknown-pragmas -Wno-shadow -Wno-four-char-constants -Wno-conversion -Wno-constant-conversion -Wno-int-conversion -Wno-bool-conversion -Wno-enum-conversion -Wno-float-conversion -Wno-non-literal-null-conversion -Wno-objc-literal-conversion -Wshorten-64-to-32 -Wno-newline-eof -Wno-selector -Wno-strict-selector-match -Wno-undeclared-selector -Wno-deprecated-implementations -Wno-c++11-extensions -Wno-implicit-fallthrough -fstrict-aliasing -Wprotocol -Wdeprecated-declarations -Winvalid-offsetof -Wno-sign-conversion -Wno-infinite-recursion -Wno-move -Wno-comma -Wno-block-capture-autoreleasing -Wno-strict-prototypes -Wno-range-loop-analysis -Wno-semicolon-before-method-body @/Users/runner/work/Pitch-Curve/Pitch-Curve/build/build/Contour_vst3_helper.build/Release/Objects-normal/x86_64/af3fcb34312c57c0f52879cdce924b91-common-args.resp -MMD -MT dependencies -MF /Users/runner/work/Pitch-Curve/Pitch-Curve/build/build/Contour_vst3_helper.build/Release/Objects-normal/x86_64/juce_VST3ManifestHelper.d --serialize-diagnostics /Users/runner/work/Pitch-Curve/Pitch-Curve/build/build/Contour_vst3_helper.build/Release/Objects-normal/x86_64/juce_VST3ManifestHelper.dia -c /Users/runner/work/Pitch-Curve/Pitch-Curve/build/_deps/juce-src/modules/juce_audio_plugin_client/VST3/juce_VST3ManifestHelper.mm -o /Users/runner/work/Pitch-Curve/Pitch-Curve/build/build/Contour_vst3_helper.build/Release/Objects-normal/x86_64/juce_VST3ManifestHelper.o

CompileC /Users/runner/work/Pitch-Curve/Pitch-Curve/build/build/Contour_vst3_helper.build/Release/Objects-normal/arm64/juce_VST3ManifestHelper.o /Users/runner/work/Pitch-Curve/Pitch-Curve/build/_deps/juce-src/modules/juce_audio_plugin_client/VST3/juce_VST3ManifestHelper.mm normal arm64 objective-c++ com.apple.compilers.llvm.clang.1_0.compiler (in target 'Contour_vst3_helper' from project 'Contour')
    cd /Users/runner/work/Pitch-Curve/Pitch-Curve
    
    Using response file: /Users/runner/work/Pitch-Curve/Pitch-Curve/build/build/Contour_vst3_helper.build/Release/Objects-normal/arm64/af3fcb34312c57c0f52879cdce924b91-common-args.resp
    
    /Applications/Xcode_16.4.app/Contents/Developer/Toolchains/XcodeDefault.xctoolchain/usr/bin/clang -x objective-c++ -ivfsstatcache /var/folders/nj/vtw8zd2j31d1gdrtntc5y4600000gn/C/com.apple.DeveloperTools/16.4-16F6/Xcode/SDKStatCaches.noindex/macosx15.5-24F74-a403186ba963133a54a0e0cacd566b0b.sdkstatcache -fmessage-length\=0 -fdiagnostics-show-note-include-stack -fmacro-backtrace-limit\=0 -fno-color-diagnostics -Wno-trigraphs -Wno-missing-field-initializers -Wno-missing-prototypes -Wno-return-type -Wno-implicit-atomic-properties -Wno-objc-interface-ivars -Wno-arc-repeated-use-of-weak -Wno-non-virtual-dtor -Wno-overloaded-virtual -Wno-exit-time-destructors -Wno-missing-braces -Wparentheses -Wswitch -Wno-unused-function -Wno-unused-label -Wno-unused-parameter -Wno-unused-variable -Wunused-value -Wno-empty-body -Wno-uninitialized -Wno-unknown-pragmas -Wno-shadow -Wno-four-char-constants -Wno-conversion -Wno-constant-conversion -Wno-int-conversion -Wno-bool-conversion -Wno-enum-conversion -Wno-float-conversion -Wno-non-literal-null-conversion -Wno-objc-literal-conversion -Wshorten-64-to-32 -Wno-newline-eof -Wno-selector -Wno-strict-selector-match -Wno-undeclared-selector -Wno-deprecated-implementations -Wno-c++11-extensions -Wno-implicit-fallthrough -fstrict-aliasing -Wprotocol -Wdeprecated-declarations -Winvalid-offsetof -Wno-sign-conversion -Wno-infinite-recursion -Wno-move -Wno-comma -Wno-block-capture-autoreleasing -Wno-strict-prototypes -Wno-range-loop-analysis -Wno-semicolon-before-method-body @/Users/runner/work/Pitch-Curve/Pitch-Curve/build/build/Contour_vst3_helper.build/Release/Objects-normal/arm64/af3fcb34312c57c0f52879cdce924b91-common-args.resp -MMD -MT dependencies -MF /Users/runner/work/Pitch-Curve/Pitch-Curve/build/build/Contour_vst3_helper.build/Release/Objects-normal/arm64/juce_VST3ManifestHelper.d --serialize-diagnostics /Users/runner/work/Pitch-Curve/Pitch-Curve/build/build/Contour_vst3_helper.build/Release/Objects-normal/arm64/juce_VST3ManifestHelper.dia -c /Users/runner/work/Pitch-Curve/Pitch-Curve/build/_deps/juce-src/modules/juce_audio_plugin_client/VST3/juce_VST3ManifestHelper.mm -o /Users/runner/work/Pitch-Curve/Pitch-Curve/build/build/Contour_vst3_helper.build/Release/Objects-normal/arm64/juce_VST3ManifestHelper.o

Ld /Users/runner/work/Pitch-Curve/Pitch-Curve/build/build/Contour_vst3_helper.build/Release/Objects-normal/x86_64/Binary/Contour_vst3_helper normal x86_64 (in target 'Contour_vst3_helper' from project 'Contour')
    cd /Users/runner/work/Pitch-Curve/Pitch-Curve
    /Applications/Xcode_16.4.app/Contents/Developer/Toolchains/XcodeDefault.xctoolchain/usr/bin/clang++ -Xlinker -reproducible -target x86_64-apple-macos15.5 -isysroot /Applications/Xcode_16.4.app/Contents/Developer/Platforms/MacOSX.platform/Developer/SDKs/MacOSX15.5.sdk -O3 -L/Users/runner/work/Pitch-Curve/Pitch-Curve/build/build/EagerLinkingTBDs/Release -L/Users/runner/work/Pitch-Curve/Pitch-Curve/build/Release -F/Users/runner/work/Pitch-Curve/Pitch-Curve/build/build/EagerLinkingTBDs/Release -F/Users/runner/work/Pitch-Curve/Pitch-Curve/build/Release -F/Applications/Xcode_16.4.app/Contents/Developer/Platforms/MacOSX.platform/Developer/SDKs/MacOSX15.5.sdk/System/Library/Frameworks -filelist /Users/runner/work/Pitch-Curve/Pitch-Curve/build/build/Contour_vst3_helper.build/Release/Objects-normal/x86_64/Contour_vst3_helper.LinkFileList -Xlinker -dependency_info -Xlinker /Users/runner/work/Pitch-Curve/Pitch-Curve/build/build/Contour_vst3_helper.build/Release/Objects-normal/x86_64/Contour_vst3_helper_dependency_info.dat -fobjc-link-runtime -Wl,-search_paths_first -Wl,-headerpad_max_install_names -framework Foundation -Xlinker -no_adhoc_codesign -o /Users/runner/work/Pitch-Curve/Pitch-Curve/build/build/Contour_vst3_helper.build/Release/Objects-normal/x86_64/Binary/Contour_vst3_helper

Ld /Users/runner/work/Pitch-Curve/Pitch-Curve/build/build/Contour_vst3_helper.build/Release/Objects-normal/arm64/Binary/Contour_vst3_helper normal arm64 (in target 'Contour_vst3_helper' from project 'Contour')
    cd /Users/runner/work/Pitch-Curve/Pitch-Curve
    /Applications/Xcode_16.4.app/Contents/Developer/Toolchains/XcodeDefault.xctoolchain/usr/bin/clang++ -Xlinker -reproducible -target arm64-apple-macos15.5 -isysroot /Applications/Xcode_16.4.app/Contents/Developer/Platforms/MacOSX.platform/Developer/SDKs/MacOSX15.5.sdk -O3 -L/Users/runner/work/Pitch-Curve/Pitch-Curve/build/build/EagerLinkingTBDs/Release -L/Users/runner/work/Pitch-Curve/Pitch-Curve/build/Release -F/Users/runner/work/Pitch-Curve/Pitch-Curve/build/build/EagerLinkingTBDs/Release -F/Users/runner/work/Pitch-Curve/Pitch-Curve/build/Release -F/Applications/Xcode_16.4.app/Contents/Developer/Platforms/MacOSX.platform/Developer/SDKs/MacOSX15.5.sdk/System/Library/Frameworks -filelist /Users/runner/work/Pitch-Curve/Pitch-Curve/build/build/Contour_vst3_helper.build/Release/Objects-normal/arm64/Contour_vst3_helper.LinkFileList -Xlinker -dependency_info -Xlinker /Users/runner/work/Pitch-Curve/Pitch-Curve/build/build/Contour_vst3_helper.build/Release/Objects-normal/arm64/Contour_vst3_helper_dependency_info.dat -fobjc-link-runtime -Wl,-search_paths_first -Wl,-headerpad_max_install_names -framework Foundation -Xlinker -no_adhoc_codesign -o /Users/runner/work/Pitch-Curve/Pitch-Curve/build/build/Contour_vst3_helper.build/Release/Objects-normal/arm64/Binary/Contour_vst3_helper

PhaseScriptExecution Generate\ ContourProcessorTests_artefacts/JuceLibraryCode/JuceHeader.h /Users/runner/work/Pitch-Curve/Pitch-Curve/build/build/ContourProcessorTests.build/Release/Script-5273D83B1217DE2F0F130209.sh (in target 'ContourProcessorTests' from project 'Contour')
    cd /Users/runner/work/Pitch-Curve/Pitch-Curve
    /bin/sh -c /Users/runner/work/Pitch-Curve/Pitch-Curve/build/build/ContourProcessorTests.build/Release/Script-5273D83B1217DE2F0F130209.sh

CompileC /Users/runner/work/Pitch-Curve/Pitch-Curve/build/build/ContourTests.build/Release/Objects-normal/x86_64/juce_core_CompilationTime.o /Users/runner/work/Pitch-Curve/Pitch-Curve/build/_deps/juce-src/modules/juce_core/juce_core_CompilationTime.cpp normal x86_64 c++ com.apple.compilers.llvm.clang.1_0.compiler (in target 'ContourTests' from project 'Contour')
    cd /Users/runner/work/Pitch-Curve/Pitch-Curve
    
    Using response file: /Users/runner/work/Pitch-Curve/Pitch-Curve/build/build/ContourTests.build/Release/Objects-normal/x86_64/82b82416624d2658e5098eb0a28c15c5-common-args.resp
    
    /Applications/Xcode_16.4.app/Contents/Developer/Toolchains/XcodeDefault.xctoolchain/usr/bin/clang -x c++ -ivfsstatcache /var/folders/nj/vtw8zd2j31d1gdrtntc5y4600000gn/C/com.apple.DeveloperTools/16.4-16F6/Xcode/SDKStatCaches.noindex/macosx15.5-24F74-a403186ba963133a54a0e0cacd566b0b.sdkstatcache -fmessage-length\=0 -fdiagnostics-show-note-include-stack -fmacro-backtrace-limit\=0 -fno-color-diagnostics -Wno-trigraphs -Wno-missing-field-initializers -Wno-missing-prototypes -Wno-return-type -Wno-non-virtual-dtor -Wno-overloaded-virtual -Wno-exit-time-destructors -Wno-missing-braces -Wparentheses -Wswitch -Wno-unused-function -Wno-unused-label -Wno-unused-parameter -Wno-unused-variable -Wunused-value -Wno-empty-body -Wno-uninitialized -Wno-unknown-pragmas -Wno-shadow -Wno-four-char-constants -Wno-conversion -Wno-constant-conversion -Wno-int-conversion -Wno-bool-conversion -Wno-enum-conversion -Wno-float-conversion -Wno-non-literal-null-conversion -Wno-objc-literal-conversion -Wshorten-64-to-32 -Wno-newline-eof -Wno-c++11-extensions -Wno-implicit-fallthrough -fstrict-aliasing -Wdeprecated-declarations -Winvalid-offsetof -Wno-sign-conversion -Wno-infinite-recursion -Wno-move -Wno-comma -Wno-block-capture-autoreleasing -Wno-strict-prototypes -Wno-range-loop-analysis -Wno-semicolon-before-method-body -Wall -Wshadow-all -Wshorten-64-to-32 -Wstrict-aliasing -Wuninitialized -Wunused-parameter -Wconversion -Wsign-compare -Wint-conversion -Wconditional-uninitialized -Wconstant-conversion -Wsign-conversion -Wbool-conversion -Wextra-semi -Wunreachable-code -Wcast-align -Wshift-sign-overflow -Wmissing-prototypes -Wnullable-to-nonnull-conversion -Wno-ignored-qualifiers -Wswitch-enum -Wpedantic -Wdeprecated -Wfloat-equal -Wmissing-field-initializers -Wzero-as-null-pointer-constant -Wunused-private-field -Woverloaded-virtual -Wreorder -Winconsistent-missing-destructor-override @/Users/runner/work/Pitch-Curve/Pitch-Curve/build/build/ContourTests.build/Release/Objects-normal/x86_64/82b82416624d2658e5098eb0a28c15c5-common-args.resp -MMD -MT dependencies -MF /Users/runner/work/Pitch-Curve/Pitch-Curve/build/build/ContourTests.build/Release/Objects-normal/x86_64/juce_core_CompilationTime.d --serialize-diagnostics /Users/runner/work/Pitch-Curve/Pitch-Curve/build/build/ContourTests.build/Release/Objects-normal/x86_64/juce_core_CompilationTime.dia -c /Users/runner/work/Pitch-Curve/Pitch-Curve/build/_deps/juce-src/modules/juce_core/juce_core_CompilationTime.cpp -o /Users/runner/work/Pitch-Curve/Pitch-Curve/build/build/ContourTests.build/Release/Objects-normal/x86_64/juce_core_CompilationTime.o

CreateUniversalBinary /Users/runner/work/Pitch-Curve/Pitch-Curve/build/Release/Contour_vst3_helper normal arm64\ x86_64 (in target 'Contour_vst3_helper' from project 'Contour')
    cd /Users/runner/work/Pitch-Curve/Pitch-Curve
    /Applications/Xcode_16.4.app/Contents/Developer/Toolchains/XcodeDefault.xctoolchain/usr/bin/lipo -create /Users/runner/work/Pitch-Curve/Pitch-Curve/build/build/Contour_vst3_helper.build/Release/Objects-normal/arm64/Binary/Contour_vst3_helper /Users/runner/work/Pitch-Curve/Pitch-Curve/build/build/Contour_vst3_helper.build/Release/Objects-normal/x86_64/Binary/Contour_vst3_helper -output /Users/runner/work/Pitch-Curve/Pitch-Curve/build/Release/Contour_vst3_helper

CompileC /Users/runner/work/Pitch-Curve/Pitch-Curve/build/build/ContourTests.build/Release/Objects-normal/x86_64/juce_core.o /Users/runner/work/Pitch-Curve/Pitch-Curve/build/_deps/juce-src/modules/juce_core/juce_core.mm normal x86_64 objective-c++ com.apple.compilers.llvm.clang.1_0.compiler (in target 'ContourTests' from project 'Contour')
    cd /Users/runner/work/Pitch-Curve/Pitch-Curve
    
    Using response file: /Users/runner/work/Pitch-Curve/Pitch-Curve/build/build/ContourTests.build/Release/Objects-normal/x86_64/af3fcb34312c57c0f52879cdce924b91-common-args.resp
    
    /Applications/Xcode_16.4.app/Contents/Developer/Toolchains/XcodeDefault.xctoolchain/usr/bin/clang -x objective-c++ -ivfsstatcache /var/folders/nj/vtw8zd2j31d1gdrtntc5y4600000gn/C/com.apple.DeveloperTools/16.4-16F6/Xcode/SDKStatCaches.noindex/macosx15.5-24F74-a403186ba963133a54a0e0cacd566b0b.sdkstatcache -fmessage-length\=0 -fdiagnostics-show-note-include-stack -fmacro-backtrace-limit\=0 -fno-color-diagnostics -Wno-trigraphs -Wno-missing-field-initializers -Wno-missing-prototypes -Wno-return-type -Wno-implicit-atomic-properties -Wno-objc-interface-ivars -Wno-arc-repeated-use-of-weak -Wno-non-virtual-dtor -Wno-overloaded-virtual -Wno-exit-time-destructors -Wno-missing-braces -Wparentheses -Wswitch -Wno-unused-function -Wno-unused-label -Wno-unused-parameter -Wno-unused-variable -Wunused-value -Wno-empty-body -Wno-uninitialized -Wno-unknown-pragmas -Wno-shadow -Wno-four-char-constants -Wno-conversion -Wno-constant-conversion -Wno-int-conversion -Wno-bool-conversion -Wno-enum-conversion -Wno-float-conversion -Wno-non-literal-null-conversion -Wno-objc-literal-conversion -Wshorten-64-to-32 -Wno-newline-eof -Wno-selector -Wno-strict-selector-match -Wno-undeclared-selector -Wno-deprecated-implementations -Wno-c++11-extensions -Wno-implicit-fallthrough -fstrict-aliasing -Wprotocol -Wdeprecated-declarations -Winvalid-offsetof -Wno-sign-conversion -Wno-infinite-recursion -Wno-move -Wno-comma -Wno-block-capture-autoreleasing -Wno-strict-prototypes -Wno-range-loop-analysis -Wno-semicolon-before-method-body -Wall -Wshadow-all -Wshorten-64-to-32 -Wstrict-aliasing -Wuninitialized -Wunused-parameter -Wconversion -Wsign-compare -Wint-conversion -Wconditional-uninitialized -Wconstant-conversion -Wsign-conversion -Wbool-conversion -Wextra-semi -Wunreachable-code -Wcast-align -Wshift-sign-overflow -Wmissing-prototypes -Wnullable-to-nonnull-conversion -Wno-ignored-qualifiers -Wswitch-enum -Wpedantic -Wdeprecated -Wfloat-equal -Wmissing-field-initializers -Wzero-as-null-pointer-constant -Wunused-private-field -Woverloaded-virtual -Wreorder -Winconsistent-missing-destructor-override @/Users/runner/work/Pitch-Curve/Pitch-Curve/build/build/ContourTests.build/Release/Objects-normal/x86_64/af3fcb34312c57c0f52879cdce924b91-common-args.resp -MMD -MT dependencies -MF /Users/runner/work/Pitch-Curve/Pitch-Curve/build/build/ContourTests.build/Release/Objects-normal/x86_64/juce_core.d --serialize-diagnostics /Users/runner/work/Pitch-Curve/Pitch-Curve/build/build/ContourTests.build/Release/Objects-normal/x86_64/juce_core.dia -c /Users/runner/work/Pitch-Curve/Pitch-Curve/build/_deps/juce-src/modules/juce_core/juce_core.mm -o /Users/runner/work/Pitch-Curve/Pitch-Curve/build/build/ContourTests.build/Release/Objects-normal/x86_64/juce_core.o

CompileC /Users/runner/work/Pitch-Curve/Pitch-Curve/build/build/ContourTests.build/Release/Objects-normal/x86_64/juce_audio_basics.o /Users/runner/work/Pitch-Curve/Pitch-Curve/build/_deps/juce-src/modules/juce_audio_basics/juce_audio_basics.mm normal x86_64 objective-c++ com.apple.compilers.llvm.clang.1_0.compiler (in target 'ContourTests' from project 'Contour')
    cd /Users/runner/work/Pitch-Curve/Pitch-Curve
    
    Using response file: /Users/runner/work/Pitch-Curve/Pitch-Curve/build/build/ContourTests.build/Release/Objects-normal/x86_64/af3fcb34312c57c0f52879cdce924b91-common-args.resp
    
    /Applications/Xcode_16.4.app/Contents/Developer/Toolchains/XcodeDefault.xctoolchain/usr/bin/clang -x objective-c++ -ivfsstatcache /var/folders/nj/vtw8zd2j31d1gdrtntc5y4600000gn/C/com.apple.DeveloperTools/16.4-16F6/Xcode/SDKStatCaches.noindex/macosx15.5-24F74-a403186ba963133a54a0e0cacd566b0b.sdkstatcache -fmessage-length\=0 -fdiagnostics-show-note-include-stack -fmacro-backtrace-limit\=0 -fno-color-diagnostics -Wno-trigraphs -Wno-missing-field-initializers -Wno-missing-prototypes -Wno-return-type -Wno-implicit-atomic-properties -Wno-objc-interface-ivars -Wno-arc-repeated-use-of-weak -Wno-non-virtual-dtor -Wno-overloaded-virtual -Wno-exit-time-destructors -Wno-missing-braces -Wparentheses -Wswitch -Wno-unused-function -Wno-unused-label -Wno-unused-parameter -Wno-unused-variable -Wunused-value -Wno-empty-body -Wno-uninitialized -Wno-unknown-pragmas -Wno-shadow -Wno-four-char-constants -Wno-conversion -Wno-constant-conversion -Wno-int-conversion -Wno-bool-conversion -Wno-enum-conversion -Wno-float-conversion -Wno-non-literal-null-conversion -Wno-objc-literal-conversion -Wshorten-64-to-32 -Wno-newline-eof -Wno-selector -Wno-strict-selector-match -Wno-undeclared-selector -Wno-deprecated-implementations -Wno-c++11-extensions -Wno-implicit-fallthrough -fstrict-aliasing -Wprotocol -Wdeprecated-declarations -Winvalid-offsetof -Wno-sign-conversion -Wno-infinite-recursion -Wno-move -Wno-comma -Wno-block-capture-autoreleasing -Wno-strict-prototypes -Wno-range-loop-analysis -Wno-semicolon-before-method-body -Wall -Wshadow-all -Wshorten-64-to-32 -Wstrict-aliasing -Wuninitialized -Wunused-parameter -Wconversion -Wsign-compare -Wint-conversion -Wconditional-uninitialized -Wconstant-conversion -Wsign-conversion -Wbool-conversion -Wextra-semi -Wunreachable-code -Wcast-align -Wshift-sign-overflow -Wmissing-prototypes -Wnullable-to-nonnull-conversion -Wno-ignored-qualifiers -Wswitch-enum -Wpedantic -Wdeprecated -Wfloat-equal -Wmissing-field-initializers -Wzero-as-null-pointer-constant -Wunused-private-field -Woverloaded-virtual -Wreorder -Winconsistent-missing-destructor-override @/Users/runner/work/Pitch-Curve/Pitch-Curve/build/build/ContourTests.build/Release/Objects-normal/x86_64/af3fcb34312c57c0f52879cdce924b91-common-args.resp -MMD -MT dependencies -MF /Users/runner/work/Pitch-Curve/Pitch-Curve/build/build/ContourTests.build/Release/Objects-normal/x86_64/juce_audio_basics.d --serialize-diagnostics /Users/runner/work/Pitch-Curve/Pitch-Curve/build/build/ContourTests.build/Release/Objects-normal/x86_64/juce_audio_basics.dia -c /Users/runner/work/Pitch-Curve/Pitch-Curve/build/_deps/juce-src/modules/juce_audio_basics/juce_audio_basics.mm -o /Users/runner/work/Pitch-Curve/Pitch-Curve/build/build/ContourTests.build/Release/Objects-normal/x86_64/juce_audio_basics.o

CompileC /Users/runner/work/Pitch-Curve/Pitch-Curve/build/build/ContourTests.build/Release/Objects-normal/x86_64/PitchDetectorTests.o /Users/runner/work/Pitch-Curve/Pitch-Curve/Tests/PitchDetectorTests.cpp normal x86_64 c++ com.apple.compilers.llvm.clang.1_0.compiler (in target 'ContourTests' from project 'Contour')
    cd /Users/runner/work/Pitch-Curve/Pitch-Curve
    
    Using response file: /Users/runner/work/Pitch-Curve/Pitch-Curve/build/build/ContourTests.build/Release/Objects-normal/x86_64/82b82416624d2658e5098eb0a28c15c5-common-args.resp
    
    /Applications/Xcode_16.4.app/Contents/Developer/Toolchains/XcodeDefault.xctoolchain/usr/bin/clang -x c++ -ivfsstatcache /var/folders/nj/vtw8zd2j31d1gdrtntc5y4600000gn/C/com.apple.DeveloperTools/16.4-16F6/Xcode/SDKStatCaches.noindex/macosx15.5-24F74-a403186ba963133a54a0e0cacd566b0b.sdkstatcache -fmessage-length\=0 -fdiagnostics-show-note-include-stack -fmacro-backtrace-limit\=0 -fno-color-diagnostics -Wno-trigraphs -Wno-missing-field-initializers -Wno-missing-prototypes -Wno-return-type -Wno-non-virtual-dtor -Wno-overloaded-virtual -Wno-exit-time-destructors -Wno-missing-braces -Wparentheses -Wswitch -Wno-unused-function -Wno-unused-label -Wno-unused-parameter -Wno-unused-variable -Wunused-value -Wno-empty-body -Wno-uninitialized -Wno-unknown-pragmas -Wno-shadow -Wno-four-char-constants -Wno-conversion -Wno-constant-conversion -Wno-int-conversion -Wno-bool-conversion -Wno-enum-conversion -Wno-float-conversion -Wno-non-literal-null-conversion -Wno-objc-literal-conversion -Wshorten-64-to-32 -Wno-newline-eof -Wno-c++11-extensions -Wno-implicit-fallthrough -fstrict-aliasing -Wdeprecated-declarations -Winvalid-offsetof -Wno-sign-conversion -Wno-infinite-recursion -Wno-move -Wno-comma -Wno-block-capture-autoreleasing -Wno-strict-prototypes -Wno-range-loop-analysis -Wno-semicolon-before-method-body -Wall -Wshadow-all -Wshorten-64-to-32 -Wstrict-aliasing -Wuninitialized -Wunused-parameter -Wconversion -Wsign-compare -Wint-conversion -Wconditional-uninitialized -Wconstant-conversion -Wsign-conversion -Wbool-conversion -Wextra-semi -Wunreachable-code -Wcast-align -Wshift-sign-overflow -Wmissing-prototypes -Wnullable-to-nonnull-conversion -Wno-ignored-qualifiers -Wswitch-enum -Wpedantic -Wdeprecated -Wfloat-equal -Wmissing-field-initializers -Wzero-as-null-pointer-constant -Wunused-private-field -Woverloaded-virtual -Wreorder -Winconsistent-missing-destructor-override @/Users/runner/work/Pitch-Curve/Pitch-Curve/build/build/ContourTests.build/Release/Objects-normal/x86_64/82b82416624d2658e5098eb0a28c15c5-common-args.resp -MMD -MT dependencies -MF /Users/runner/work/Pitch-Curve/Pitch-Curve/build/build/ContourTests.build/Release/Objects-normal/x86_64/PitchDetectorTests.d --serialize-diagnostics /Users/runner/work/Pitch-Curve/Pitch-Curve/build/build/ContourTests.build/Release/Objects-normal/x86_64/PitchDetectorTests.dia -c /Users/runner/work/Pitch-Curve/Pitch-Curve/Tests/PitchDetectorTests.cpp -o /Users/runner/work/Pitch-Curve/Pitch-Curve/build/build/ContourTests.build/Release/Objects-normal/x86_64/PitchDetectorTests.o

CompileC /Users/runner/work/Pitch-Curve/Pitch-Curve/build/build/ContourTests.build/Release/Objects-normal/x86_64/PitchDetector.o /Users/runner/work/Pitch-Curve/Pitch-Curve/Source/PitchDetector.cpp normal x86_64 c++ com.apple.compilers.llvm.clang.1_0.compiler (in target 'ContourTests' from project 'Contour')
    cd /Users/runner/work/Pitch-Curve/Pitch-Curve
    
    Using response file: /Users/runner/work/Pitch-Curve/Pitch-Curve/build/build/ContourTests.build/Release/Objects-normal/x86_64/82b82416624d2658e5098eb0a28c15c5-common-args.resp
    
    /Applications/Xcode_16.4.app/Contents/Developer/Toolchains/XcodeDefault.xctoolchain/usr/bin/clang -x c++ -ivfsstatcache /var/folders/nj/vtw8zd2j31d1gdrtntc5y4600000gn/C/com.apple.DeveloperTools/16.4-16F6/Xcode/SDKStatCaches.noindex/macosx15.5-24F74-a403186ba963133a54a0e0cacd566b0b.sdkstatcache -fmessage-length\=0 -fdiagnostics-show-note-include-stack -fmacro-backtrace-limit\=0 -fno-color-diagnostics -Wno-trigraphs -Wno-missing-field-initializers -Wno-missing-prototypes -Wno-return-type -Wno-non-virtual-dtor -Wno-overloaded-virtual -Wno-exit-time-destructors -Wno-missing-braces -Wparentheses -Wswitch -Wno-unused-function -Wno-unused-label -Wno-unused-parameter -Wno-unused-variable -Wunused-value -Wno-empty-body -Wno-uninitialized -Wno-unknown-pragmas -Wno-shadow -Wno-four-char-constants -Wno-conversion -Wno-constant-conversion -Wno-int-conversion -Wno-bool-conversion -Wno-enum-conversion -Wno-float-conversion -Wno-non-literal-null-conversion -Wno-objc-literal-conversion -Wshorten-64-to-32 -Wno-newline-eof -Wno-c++11-extensions -Wno-implicit-fallthrough -fstrict-aliasing -Wdeprecated-declarations -Winvalid-offsetof -Wno-sign-conversion -Wno-infinite-recursion -Wno-move -Wno-comma -Wno-block-capture-autoreleasing -Wno-strict-prototypes -Wno-range-loop-analysis -Wno-semicolon-before-method-body -Wall -Wshadow-all -Wshorten-64-to-32 -Wstrict-aliasing -Wuninitialized -Wunused-parameter -Wconversion -Wsign-compare -Wint-conversion -Wconditional-uninitialized -Wconstant-conversion -Wsign-conversion -Wbool-conversion -Wextra-semi -Wunreachable-code -Wcast-align -Wshift-sign-overflow -Wmissing-prototypes -Wnullable-to-nonnull-conversion -Wno-ignored-qualifiers -Wswitch-enum -Wpedantic -Wdeprecated -Wfloat-equal -Wmissing-field-initializers -Wzero-as-null-pointer-constant -Wunused-private-field -Woverloaded-virtual -Wreorder -Winconsistent-missing-destructor-override @/Users/runner/work/Pitch-Curve/Pitch-Curve/build/build/ContourTests.build/Release/Objects-normal/x86_64/82b82416624d2658e5098eb0a28c15c5-common-args.resp -MMD -MT dependencies -MF /Users/runner/work/Pitch-Curve/Pitch-Curve/build/build/ContourTests.build/Release/Objects-normal/x86_64/PitchDetector.d --serialize-diagnostics /Users/runner/work/Pitch-Curve/Pitch-Curve/build/build/ContourTests.build/Release/Objects-normal/x86_64/PitchDetector.dia -c /Users/runner/work/Pitch-Curve/Pitch-Curve/Source/PitchDetector.cpp -o /Users/runner/work/Pitch-Curve/Pitch-Curve/build/build/ContourTests.build/Release/Objects-normal/x86_64/PitchDetector.o

CompileC /Users/runner/work/Pitch-Curve/Pitch-Curve/build/build/ContourTests.build/Release/Objects-normal/arm64/juce_core_CompilationTime.o /Users/runner/work/Pitch-Curve/Pitch-Curve/build/_deps/juce-src/modules/juce_core/juce_core_CompilationTime.cpp normal arm64 c++ com.apple.compilers.llvm.clang.1_0.compiler (in target 'ContourTests' from project 'Contour')
    cd /Users/runner/work/Pitch-Curve/Pitch-Curve
    
    Using response file: /Users/runner/work/Pitch-Curve/Pitch-Curve/build/build/ContourTests.build/Release/Objects-normal/arm64/82b82416624d2658e5098eb0a28c15c5-common-args.resp
    
    /Applications/Xcode_16.4.app/Contents/Developer/Toolchains/XcodeDefault.xctoolchain/usr/bin/clang -x c++ -ivfsstatcache /var/folders/nj/vtw8zd2j31d1gdrtntc5y4600000gn/C/com.apple.DeveloperTools/16.4-16F6/Xcode/SDKStatCaches.noindex/macosx15.5-24F74-a403186ba963133a54a0e0cacd566b0b.sdkstatcache -fmessage-length\=0 -fdiagnostics-show-note-include-stack -fmacro-backtrace-limit\=0 -fno-color-diagnostics -Wno-trigraphs -Wno-missing-field-initializers -Wno-missing-prototypes -Wno-return-type -Wno-non-virtual-dtor -Wno-overloaded-virtual -Wno-exit-time-destructors -Wno-missing-braces -Wparentheses -Wswitch -Wno-unused-function -Wno-unused-label -Wno-unused-parameter -Wno-unused-variable -Wunused-value -Wno-empty-body -Wno-uninitialized -Wno-unknown-pragmas -Wno-shadow -Wno-four-char-constants -Wno-conversion -Wno-constant-conversion -Wno-int-conversion -Wno-bool-conversion -Wno-enum-conversion -Wno-float-conversion -Wno-non-literal-null-conversion -Wno-objc-literal-conversion -Wshorten-64-to-32 -Wno-newline-eof -Wno-c++11-extensions -Wno-implicit-fallthrough -fstrict-aliasing -Wdeprecated-declarations -Winvalid-offsetof -Wno-sign-conversion -Wno-infinite-recursion -Wno-move -Wno-comma -Wno-block-capture-autoreleasing -Wno-strict-prototypes -Wno-range-loop-analysis -Wno-semicolon-before-method-body -Wall -Wshadow-all -Wshorten-64-to-32 -Wstrict-aliasing -Wuninitialized -Wunused-parameter -Wconversion -Wsign-compare -Wint-conversion -Wconditional-uninitialized -Wconstant-conversion -Wsign-conversion -Wbool-conversion -Wextra-semi -Wunreachable-code -Wcast-align -Wshift-sign-overflow -Wmissing-prototypes -Wnullable-to-nonnull-conversion -Wno-ignored-qualifiers -Wswitch-enum -Wpedantic -Wdeprecated -Wfloat-equal -Wmissing-field-initializers -Wzero-as-null-pointer-constant -Wunused-private-field -Woverloaded-virtual -Wreorder -Winconsistent-missing-destructor-override @/Users/runner/work/Pitch-Curve/Pitch-Curve/build/build/ContourTests.build/Release/Objects-normal/arm64/82b82416624d2658e5098eb0a28c15c5-common-args.resp -MMD -MT dependencies -MF /Users/runner/work/Pitch-Curve/Pitch-Curve/build/build/ContourTests.build/Release/Objects-normal/arm64/juce_core_CompilationTime.d --serialize-diagnostics /Users/runner/work/Pitch-Curve/Pitch-Curve/build/build/ContourTests.build/Release/Objects-normal/arm64/juce_core_CompilationTime.dia -c /Users/runner/work/Pitch-Curve/Pitch-Curve/build/_deps/juce-src/modules/juce_core/juce_core_CompilationTime.cpp -o /Users/runner/work/Pitch-Curve/Pitch-Curve/build/build/ContourTests.build/Release/Objects-normal/arm64/juce_core_CompilationTime.o

CompileC /Users/runner/work/Pitch-Curve/Pitch-Curve/build/build/ContourTests.build/Release/Objects-normal/arm64/juce_core.o /Users/runner/work/Pitch-Curve/Pitch-Curve/build/_deps/juce-src/modules/juce_core/juce_core.mm normal arm64 objective-c++ com.apple.compilers.llvm.clang.1_0.compiler (in target 'ContourTests' from project 'Contour')
    cd /Users/runner/work/Pitch-Curve/Pitch-Curve
    
    Using response file: /Users/runner/work/Pitch-Curve/Pitch-Curve/build/build/ContourTests.build/Release/Objects-normal/arm64/af3fcb34312c57c0f52879cdce924b91-common-args.resp
    
    /Applications/Xcode_16.4.app/Contents/Developer/Toolchains/XcodeDefault.xctoolchain/usr/bin/clang -x objective-c++ -ivfsstatcache /var/folders/nj/vtw8zd2j31d1gdrtntc5y4600000gn/C/com.apple.DeveloperTools/16.4-16F6/Xcode/SDKStatCaches.noindex/macosx15.5-24F74-a403186ba963133a54a0e0cacd566b0b.sdkstatcache -fmessage-length\=0 -fdiagnostics-show-note-include-stack -fmacro-backtrace-limit\=0 -fno-color-diagnostics -Wno-trigraphs -Wno-missing-field-initializers -Wno-missing-prototypes -Wno-return-type -Wno-implicit-atomic-properties -Wno-objc-interface-ivars -Wno-arc-repeated-use-of-weak -Wno-non-virtual-dtor -Wno-overloaded-virtual -Wno-exit-time-destructors -Wno-missing-braces -Wparentheses -Wswitch -Wno-unused-function -Wno-unused-label -Wno-unused-parameter -Wno-unused-variable -Wunused-value -Wno-empty-body -Wno-uninitialized -Wno-unknown-pragmas -Wno-shadow -Wno-four-char-constants -Wno-conversion -Wno-constant-conversion -Wno-int-conversion -Wno-bool-conversion -Wno-enum-conversion -Wno-float-conversion -Wno-non-literal-null-conversion -Wno-objc-literal-conversion -Wshorten-64-to-32 -Wno-newline-eof -Wno-selector -Wno-strict-selector-match -Wno-undeclared-selector -Wno-deprecated-implementations -Wno-c++11-extensions -Wno-implicit-fallthrough -fstrict-aliasing -Wprotocol -Wdeprecated-declarations -Winvalid-offsetof -Wno-sign-conversion -Wno-infinite-recursion -Wno-move -Wno-comma -Wno-block-capture-autoreleasing -Wno-strict-prototypes -Wno-range-loop-analysis -Wno-semicolon-before-method-body -Wall -Wshadow-all -Wshorten-64-to-32 -Wstrict-aliasing -Wuninitialized -Wunused-parameter -Wconversion -Wsign-compare -Wint-conversion -Wconditional-uninitialized -Wconstant-conversion -Wsign-conversion -Wbool-conversion -Wextra-semi -Wunreachable-code -Wcast-align -Wshift-sign-overflow -Wmissing-prototypes -Wnullable-to-nonnull-conversion -Wno-ignored-qualifiers -Wswitch-enum -Wpedantic -Wdeprecated -Wfloat-equal -Wmissing-field-initializers -Wzero-as-null-pointer-constant -Wunused-private-field -Woverloaded-virtual -Wreorder -Winconsistent-missing-destructor-override @/Users/runner/work/Pitch-Curve/Pitch-Curve/build/build/ContourTests.build/Release/Objects-normal/arm64/af3fcb34312c57c0f52879cdce924b91-common-args.resp -MMD -MT dependencies -MF /Users/runner/work/Pitch-Curve/Pitch-Curve/build/build/ContourTests.build/Release/Objects-normal/arm64/juce_core.d --serialize-diagnostics /Users/runner/work/Pitch-Curve/Pitch-Curve/build/build/ContourTests.build/Release/Objects-normal/arm64/juce_core.dia -c /Users/runner/work/Pitch-Curve/Pitch-Curve/build/_deps/juce-src/modules/juce_core/juce_core.mm -o /Users/runner/work/Pitch-Curve/Pitch-Curve/build/build/ContourTests.build/Release/Objects-normal/arm64/juce_core.o

CompileC /Users/runner/work/Pitch-Curve/Pitch-Curve/build/build/ContourTests.build/Release/Objects-normal/arm64/juce_audio_basics.o /Users/runner/work/Pitch-Curve/Pitch-Curve/build/_deps/juce-src/modules/juce_audio_basics/juce_audio_basics.mm normal arm64 objective-c++ com.apple.compilers.llvm.clang.1_0.compiler (in target 'ContourTests' from project 'Contour')
    cd /Users/runner/work/Pitch-Curve/Pitch-Curve
    
    Using response file: /Users/runner/work/Pitch-Curve/Pitch-Curve/build/build/ContourTests.build/Release/Objects-normal/arm64/af3fcb34312c57c0f52879cdce924b91-common-args.resp
    
    /Applications/Xcode_16.4.app/Contents/Developer/Toolchains/XcodeDefault.xctoolchain/usr/bin/clang -x objective-c++ -ivfsstatcache /var/folders/nj/vtw8zd2j31d1gdrtntc5y4600000gn/C/com.apple.DeveloperTools/16.4-16F6/Xcode/SDKStatCaches.noindex/macosx15.5-24F74-a403186ba963133a54a0e0cacd566b0b.sdkstatcache -fmessage-length\=0 -fdiagnostics-show-note-include-stack -fmacro-backtrace-limit\=0 -fno-color-diagnostics -Wno-trigraphs -Wno-missing-field-initializers -Wno-missing-prototypes -Wno-return-type -Wno-implicit-atomic-properties -Wno-objc-interface-ivars -Wno-arc-repeated-use-of-weak -Wno-non-virtual-dtor -Wno-overloaded-virtual -Wno-exit-time-destructors -Wno-missing-braces -Wparentheses -Wswitch -Wno-unused-function -Wno-unused-label -Wno-unused-parameter -Wno-unused-variable -Wunused-value -Wno-empty-body -Wno-uninitialized -Wno-unknown-pragmas -Wno-shadow -Wno-four-char-constants -Wno-conversion -Wno-constant-conversion -Wno-int-conversion -Wno-bool-conversion -Wno-enum-conversion -Wno-float-conversion -Wno-non-literal-null-conversion -Wno-objc-literal-conversion -Wshorten-64-to-32 -Wno-newline-eof -Wno-selector -Wno-strict-selector-match -Wno-undeclared-selector -Wno-deprecated-implementations -Wno-c++11-extensions -Wno-implicit-fallthrough -fstrict-aliasing -Wprotocol -Wdeprecated-declarations -Winvalid-offsetof -Wno-sign-conversion -Wno-infinite-recursion -Wno-move -Wno-comma -Wno-block-capture-autoreleasing -Wno-strict-prototypes -Wno-range-loop-analysis -Wno-semicolon-before-method-body -Wall -Wshadow-all -Wshorten-64-to-32 -Wstrict-aliasing -Wuninitialized -Wunused-parameter -Wconversion -Wsign-compare -Wint-conversion -Wconditional-uninitialized -Wconstant-conversion -Wsign-conversion -Wbool-conversion -Wextra-semi -Wunreachable-code -Wcast-align -Wshift-sign-overflow -Wmissing-prototypes -Wnullable-to-nonnull-conversion -Wno-ignored-qualifiers -Wswitch-enum -Wpedantic -Wdeprecated -Wfloat-equal -Wmissing-field-initializers -Wzero-as-null-pointer-constant -Wunused-private-field -Woverloaded-virtual -Wreorder -Winconsistent-missing-destructor-override @/Users/runner/work/Pitch-Curve/Pitch-Curve/build/build/ContourTests.build/Release/Objects-normal/arm64/af3fcb34312c57c0f52879cdce924b91-common-args.resp -MMD -MT dependencies -MF /Users/runner/work/Pitch-Curve/Pitch-Curve/build/build/ContourTests.build/Release/Objects-normal/arm64/juce_audio_basics.d --serialize-diagnostics /Users/runner/work/Pitch-Curve/Pitch-Curve/build/build/ContourTests.build/Release/Objects-normal/arm64/juce_audio_basics.dia -c /Users/runner/work/Pitch-Curve/Pitch-Curve/build/_deps/juce-src/modules/juce_audio_basics/juce_audio_basics.mm -o /Users/runner/work/Pitch-Curve/Pitch-Curve/build/build/ContourTests.build/Release/Objects-normal/arm64/juce_audio_basics.o

Ld /Users/runner/work/Pitch-Curve/Pitch-Curve/build/build/ContourTests.build/Release/Objects-normal/x86_64/Binary/ContourTests normal x86_64 (in target 'ContourTests' from project 'Contour')
    cd /Users/runner/work/Pitch-Curve/Pitch-Curve
    /Applications/Xcode_16.4.app/Contents/Developer/Toolchains/XcodeDefault.xctoolchain/usr/bin/clang++ -Xlinker -reproducible -target x86_64-apple-macos15.5 -isysroot /Applications/Xcode_16.4.app/Contents/Developer/Platforms/MacOSX.platform/Developer/SDKs/MacOSX15.5.sdk -O3 -L/Users/runner/work/Pitch-Curve/Pitch-Curve/build/build/EagerLinkingTBDs/Release -L/Users/runner/work/Pitch-Curve/Pitch-Curve/build/ContourTests_artefacts/Release -F/Users/runner/work/Pitch-Curve/Pitch-Curve/build/build/EagerLinkingTBDs/Release -F/Users/runner/work/Pitch-Curve/Pitch-Curve/build/ContourTests_artefacts/Release -filelist /Users/runner/work/Pitch-Curve/Pitch-Curve/build/build/ContourTests.build/Release/Objects-normal/x86_64/ContourTests.LinkFileList -Xlinker -dependency_info -Xlinker /Users/runner/work/Pitch-Curve/Pitch-Curve/build/build/ContourTests.build/Release/Objects-normal/x86_64/ContourTests_dependency_info.dat -fobjc-link-runtime -Wl,-search_paths_first -Wl,-headerpad_max_install_names -framework Cocoa -framework Foundation -framework IOKit -framework Security -framework Accelerate -Xlinker -no_adhoc_codesign -o /Users/runner/work/Pitch-Curve/Pitch-Curve/build/build/ContourTests.build/Release/Objects-normal/x86_64/Binary/ContourTests

CompileC /Users/runner/work/Pitch-Curve/Pitch-Curve/build/build/ContourTests.build/Release/Objects-normal/arm64/PitchDetectorTests.o /Users/runner/work/Pitch-Curve/Pitch-Curve/Tests/PitchDetectorTests.cpp normal arm64 c++ com.apple.compilers.llvm.clang.1_0.compiler (in target 'ContourTests' from project 'Contour')
    cd /Users/runner/work/Pitch-Curve/Pitch-Curve
    
    Using response file: /Users/runner/work/Pitch-Curve/Pitch-Curve/build/build/ContourTests.build/Release/Objects-normal/arm64/82b82416624d2658e5098eb0a28c15c5-common-args.resp
    
    /Applications/Xcode_16.4.app/Contents/Developer/Toolchains/XcodeDefault.xctoolchain/usr/bin/clang -x c++ -ivfsstatcache /var/folders/nj/vtw8zd2j31d1gdrtntc5y4600000gn/C/com.apple.DeveloperTools/16.4-16F6/Xcode/SDKStatCaches.noindex/macosx15.5-24F74-a403186ba963133a54a0e0cacd566b0b.sdkstatcache -fmessage-length\=0 -fdiagnostics-show-note-include-stack -fmacro-backtrace-limit\=0 -fno-color-diagnostics -Wno-trigraphs -Wno-missing-field-initializers -Wno-missing-prototypes -Wno-return-type -Wno-non-virtual-dtor -Wno-overloaded-virtual -Wno-exit-time-destructors -Wno-missing-braces -Wparentheses -Wswitch -Wno-unused-function -Wno-unused-label -Wno-unused-parameter -Wno-unused-variable -Wunused-value -Wno-empty-body -Wno-uninitialized -Wno-unknown-pragmas -Wno-shadow -Wno-four-char-constants -Wno-conversion -Wno-constant-conversion -Wno-int-conversion -Wno-bool-conversion -Wno-enum-conversion -Wno-float-conversion -Wno-non-literal-null-conversion -Wno-objc-literal-conversion -Wshorten-64-to-32 -Wno-newline-eof -Wno-c++11-extensions -Wno-implicit-fallthrough -fstrict-aliasing -Wdeprecated-declarations -Winvalid-offsetof -Wno-sign-conversion -Wno-infinite-recursion -Wno-move -Wno-comma -Wno-block-capture-autoreleasing -Wno-strict-prototypes -Wno-range-loop-analysis -Wno-semicolon-before-method-body -Wall -Wshadow-all -Wshorten-64-to-32 -Wstrict-aliasing -Wuninitialized -Wunused-parameter -Wconversion -Wsign-compare -Wint-conversion -Wconditional-uninitialized -Wconstant-conversion -Wsign-conversion -Wbool-conversion -Wextra-semi -Wunreachable-code -Wcast-align -Wshift-sign-overflow -Wmissing-prototypes -Wnullable-to-nonnull-conversion -Wno-ignored-qualifiers -Wswitch-enum -Wpedantic -Wdeprecated -Wfloat-equal -Wmissing-field-initializers -Wzero-as-null-pointer-constant -Wunused-private-field -Woverloaded-virtual -Wreorder -Winconsistent-missing-destructor-override @/Users/runner/work/Pitch-Curve/Pitch-Curve/build/build/ContourTests.build/Release/Objects-normal/arm64/82b82416624d2658e5098eb0a28c15c5-common-args.resp -MMD -MT dependencies -MF /Users/runner/work/Pitch-Curve/Pitch-Curve/build/build/ContourTests.build/Release/Objects-normal/arm64/PitchDetectorTests.d --serialize-diagnostics /Users/runner/work/Pitch-Curve/Pitch-Curve/build/build/ContourTests.build/Release/Objects-normal/arm64/PitchDetectorTests.dia -c /Users/runner/work/Pitch-Curve/Pitch-Curve/Tests/PitchDetectorTests.cpp -o /Users/runner/work/Pitch-Curve/Pitch-Curve/build/build/ContourTests.build/Release/Objects-normal/arm64/PitchDetectorTests.o

CompileC /Users/runner/work/Pitch-Curve/Pitch-Curve/build/build/ContourTests.build/Release/Objects-normal/arm64/PitchDetector.o /Users/runner/work/Pitch-Curve/Pitch-Curve/Source/PitchDetector.cpp normal arm64 c++ com.apple.compilers.llvm.clang.1_0.compiler (in target 'ContourTests' from project 'Contour')
    cd /Users/runner/work/Pitch-Curve/Pitch-Curve
    
    Using response file: /Users/runner/work/Pitch-Curve/Pitch-Curve/build/build/ContourTests.build/Release/Objects-normal/arm64/82b82416624d2658e5098eb0a28c15c5-common-args.resp
    
    /Applications/Xcode_16.4.app/Contents/Developer/Toolchains/XcodeDefault.xctoolchain/usr/bin/clang -x c++ -ivfsstatcache /var/folders/nj/vtw8zd2j31d1gdrtntc5y4600000gn/C/com.apple.DeveloperTools/16.4-16F6/Xcode/SDKStatCaches.noindex/macosx15.5-24F74-a403186ba963133a54a0e0cacd566b0b.sdkstatcache -fmessage-length\=0 -fdiagnostics-show-note-include-stack -fmacro-backtrace-limit\=0 -fno-color-diagnostics -Wno-trigraphs -Wno-missing-field-initializers -Wno-missing-prototypes -Wno-return-type -Wno-non-virtual-dtor -Wno-overloaded-virtual -Wno-exit-time-destructors -Wno-missing-braces -Wparentheses -Wswitch -Wno-unused-function -Wno-unused-label -Wno-unused-parameter -Wno-unused-variable -Wunused-value -Wno-empty-body -Wno-uninitialized -Wno-unknown-pragmas -Wno-shadow -Wno-four-char-constants -Wno-conversion -Wno-constant-conversion -Wno-int-conversion -Wno-bool-conversion -Wno-enum-conversion -Wno-float-conversion -Wno-non-literal-null-conversion -Wno-objc-literal-conversion -Wshorten-64-to-32 -Wno-newline-eof -Wno-c++11-extensions -Wno-implicit-fallthrough -fstrict-aliasing -Wdeprecated-declarations -Winvalid-offsetof -Wno-sign-conversion -Wno-infinite-recursion -Wno-move -Wno-comma -Wno-block-capture-autoreleasing -Wno-strict-prototypes -Wno-range-loop-analysis -Wno-semicolon-before-method-body -Wall -Wshadow-all -Wshorten-64-to-32 -Wstrict-aliasing -Wuninitialized -Wunused-parameter -Wconversion -Wsign-compare -Wint-conversion -Wconditional-uninitialized -Wconstant-conversion -Wsign-conversion -Wbool-conversion -Wextra-semi -Wunreachable-code -Wcast-align -Wshift-sign-overflow -Wmissing-prototypes -Wnullable-to-nonnull-conversion -Wno-ignored-qualifiers -Wswitch-enum -Wpedantic -Wdeprecated -Wfloat-equal -Wmissing-field-initializers -Wzero-as-null-pointer-constant -Wunused-private-field -Woverloaded-virtual -Wreorder -Winconsistent-missing-destructor-override @/Users/runner/work/Pitch-Curve/Pitch-Curve/build/build/ContourTests.build/Release/Objects-normal/arm64/82b82416624d2658e5098eb0a28c15c5-common-args.resp -MMD -MT dependencies -MF /Users/runner/work/Pitch-Curve/Pitch-Curve/build/build/ContourTests.build/Release/Objects-normal/arm64/PitchDetector.d --serialize-diagnostics /Users/runner/work/Pitch-Curve/Pitch-Curve/build/build/ContourTests.build/Release/Objects-normal/arm64/PitchDetector.dia -c /Users/runner/work/Pitch-Curve/Pitch-Curve/Source/PitchDetector.cpp -o /Users/runner/work/Pitch-Curve/Pitch-Curve/build/build/ContourTests.build/Release/Objects-normal/arm64/PitchDetector.o

CompileC /Users/runner/work/Pitch-Curve/Pitch-Curve/build/build/Contour.build/Release/Objects-normal/x86_64/juce_gui_extra.o /Users/runner/work/Pitch-Curve/Pitch-Curve/build/_deps/juce-src/modules/juce_gui_extra/juce_gui_extra.mm normal x86_64 objective-c++ com.apple.compilers.llvm.clang.1_0.compiler (in target 'Contour' from project 'Contour')
    cd /Users/runner/work/Pitch-Curve/Pitch-Curve
    
    Using response file: /Users/runner/work/Pitch-Curve/Pitch-Curve/build/build/Contour.build/Release/Objects-normal/x86_64/af3fcb34312c57c0f52879cdce924b91-common-args.resp
    
    /Applications/Xcode_16.4.app/Contents/Developer/Toolchains/XcodeDefault.xctoolchain/usr/bin/clang -x objective-c++ -ivfsstatcache /var/folders/nj/vtw8zd2j31d1gdrtntc5y4600000gn/C/com.apple.DeveloperTools/16.4-16F6/Xcode/SDKStatCaches.noindex/macosx15.5-24F74-a403186ba963133a54a0e0cacd566b0b.sdkstatcache -fmessage-length\=0 -fdiagnostics-show-note-include-stack -fmacro-backtrace-limit\=0 -fno-color-diagnostics -Wno-trigraphs -Wno-missing-field-initializers -Wno-missing-prototypes -Wno-return-type -Wno-implicit-atomic-properties -Wno-objc-interface-ivars -Wno-arc-repeated-use-of-weak -Wno-non-virtual-dtor -Wno-overloaded-virtual -Wno-exit-time-destructors -Wno-missing-braces -Wparentheses -Wswitch -Wno-unused-function -Wno-unused-label -Wno-unused-parameter -Wno-unused-variable -Wunused-value -Wno-empty-body -Wno-uninitialized -Wno-unknown-pragmas -Wno-shadow -Wno-four-char-constants -Wno-conversion -Wno-constant-conversion -Wno-int-conversion -Wno-bool-conversion -Wno-enum-conversion -Wno-float-conversion -Wno-non-literal-null-conversion -Wno-objc-literal-conversion -Wshorten-64-to-32 -Wno-newline-eof -Wno-selector -Wno-strict-selector-match -Wno-undeclared-selector -Wno-deprecated-implementations -Wno-c++11-extensions -Wno-implicit-fallthrough -fstrict-aliasing -Wprotocol -Wdeprecated-declarations -Winvalid-offsetof -Wno-sign-conversion -Wno-infinite-recursion -Wno-move -Wno-comma -Wno-block-capture-autoreleasing -Wno-strict-prototypes -Wno-range-loop-analysis -Wno-semicolon-before-method-body -flto -Wall -Wshadow-all -Wshorten-64-to-32 -Wstrict-aliasing -Wuninitialized -Wunused-parameter -Wconversion -Wsign-compare -Wint-conversion -Wconditional-uninitialized -Wconstant-conversion -Wsign-conversion -Wbool-conversion -Wextra-semi -Wunreachable-code -Wcast-align -Wshift-sign-overflow -Wmissing-prototypes -Wnullable-to-nonnull-conversion -Wno-ignored-qualifiers -Wswitch-enum -Wpedantic -Wdeprecated -Wfloat-equal -Wmissing-field-initializers -Wzero-as-null-pointer-constant -Wunused-private-field -Woverloaded-virtual -Wreorder -Winconsistent-missing-destructor-override @/Users/runner/work/Pitch-Curve/Pitch-Curve/build/build/Contour.build/Release/Objects-normal/x86_64/af3fcb34312c57c0f52879cdce924b91-common-args.resp -MMD -MT dependencies -MF /Users/runner/work/Pitch-Curve/Pitch-Curve/build/build/Contour.build/Release/Objects-normal/x86_64/juce_gui_extra.d --serialize-diagnostics /Users/runner/work/Pitch-Curve/Pitch-Curve/build/build/Contour.build/Release/Objects-normal/x86_64/juce_gui_extra.dia -c /Users/runner/work/Pitch-Curve/Pitch-Curve/build/_deps/juce-src/modules/juce_gui_extra/juce_gui_extra.mm -o /Users/runner/work/Pitch-Curve/Pitch-Curve/build/build/Contour.build/Release/Objects-normal/x86_64/juce_gui_extra.o

CompileC /Users/runner/work/Pitch-Curve/Pitch-Curve/build/build/Contour.build/Release/Objects-normal/x86_64/juce_gui_basics.o /Users/runner/work/Pitch-Curve/Pitch-Curve/build/_deps/juce-src/modules/juce_gui_basics/juce_gui_basics.mm normal x86_64 objective-c++ com.apple.compilers.llvm.clang.1_0.compiler (in target 'Contour' from project 'Contour')
    cd /Users/runner/work/Pitch-Curve/Pitch-Curve
    
    Using response file: /Users/runner/work/Pitch-Curve/Pitch-Curve/build/build/Contour.build/Release/Objects-normal/x86_64/af3fcb34312c57c0f52879cdce924b91-common-args.resp
    
    /Applications/Xcode_16.4.app/Contents/Developer/Toolchains/XcodeDefault.xctoolchain/usr/bin/clang -x objective-c++ -ivfsstatcache /var/folders/nj/vtw8zd2j31d1gdrtntc5y4600000gn/C/com.apple.DeveloperTools/16.4-16F6/Xcode/SDKStatCaches.noindex/macosx15.5-24F74-a403186ba963133a54a0e0cacd566b0b.sdkstatcache -fmessage-length\=0 -fdiagnostics-show-note-include-stack -fmacro-backtrace-limit\=0 -fno-color-diagnostics -Wno-trigraphs -Wno-missing-field-initializers -Wno-missing-prototypes -Wno-return-type -Wno-implicit-atomic-properties -Wno-objc-interface-ivars -Wno-arc-repeated-use-of-weak -Wno-non-virtual-dtor -Wno-overloaded-virtual -Wno-exit-time-destructors -Wno-missing-braces -Wparentheses -Wswitch -Wno-unused-function -Wno-unused-label -Wno-unused-parameter -Wno-unused-variable -Wunused-value -Wno-empty-body -Wno-uninitialized -Wno-unknown-pragmas -Wno-shadow -Wno-four-char-constants -Wno-conversion -Wno-constant-conversion -Wno-int-conversion -Wno-bool-conversion -Wno-enum-conversion -Wno-float-conversion -Wno-non-literal-null-conversion -Wno-objc-literal-conversion -Wshorten-64-to-32 -Wno-newline-eof -Wno-selector -Wno-strict-selector-match -Wno-undeclared-selector -Wno-deprecated-implementations -Wno-c++11-extensions -Wno-implicit-fallthrough -fstrict-aliasing -Wprotocol -Wdeprecated-declarations -Winvalid-offsetof -Wno-sign-conversion -Wno-infinite-recursion -Wno-move -Wno-comma -Wno-block-capture-autoreleasing -Wno-strict-prototypes -Wno-range-loop-analysis -Wno-semicolon-before-method-body -flto -Wall -Wshadow-all -Wshorten-64-to-32 -Wstrict-aliasing -Wuninitialized -Wunused-parameter -Wconversion -Wsign-compare -Wint-conversion -Wconditional-uninitialized -Wconstant-conversion -Wsign-conversion -Wbool-conversion -Wextra-semi -Wunreachable-code -Wcast-align -Wshift-sign-overflow -Wmissing-prototypes -Wnullable-to-nonnull-conversion -Wno-ignored-qualifiers -Wswitch-enum -Wpedantic -Wdeprecated -Wfloat-equal -Wmissing-field-initializers -Wzero-as-null-pointer-constant -Wunused-private-field -Woverloaded-virtual -Wreorder -Winconsistent-missing-destructor-override @/Users/runner/work/Pitch-Curve/Pitch-Curve/build/build/Contour.build/Release/Objects-normal/x86_64/af3fcb34312c57c0f52879cdce924b91-common-args.resp -MMD -MT dependencies -MF /Users/runner/work/Pitch-Curve/Pitch-Curve/build/build/Contour.build/Release/Objects-normal/x86_64/juce_gui_basics.d --serialize-diagnostics /Users/runner/work/Pitch-Curve/Pitch-Curve/build/build/Contour.build/Release/Objects-normal/x86_64/juce_gui_basics.dia -c /Users/runner/work/Pitch-Curve/Pitch-Curve/build/_deps/juce-src/modules/juce_gui_basics/juce_gui_basics.mm -o /Users/runner/work/Pitch-Curve/Pitch-Curve/build/build/Contour.build/Release/Objects-normal/x86_64/juce_gui_basics.o
In file included from /Users/runner/work/Pitch-Curve/Pitch-Curve/build/_deps/juce-src/modules/juce_gui_basics/juce_gui_basics.mm:35:
/Users/runner/work/Pitch-Curve/Pitch-Curve/build/_deps/juce-src/modules/juce_gui_basics/juce_gui_basics.cpp:61:2: warning: This version of JUCE does not use the splash screen, the flag JUCE_DISPLAY_SPLASH_SCREEN is ignored [-W#pragma-messages]
   61 |  JUCE_COMPILER_WARNING ("This version of JUCE does not use the splash screen, the flag JUCE_DISPLAY_SPLASH_SCREEN is ignored")
      |  ^
In file included from /Users/runner/work/Pitch-Curve/Pitch-Curve/build/_deps/juce-src/modules/juce_gui_basics/juce_gui_basics.mm:35:
In file included from /Users/runner/work/Pitch-Curve/Pitch-Curve/build/_deps/juce-src/modules/juce_gui_basics/juce_gui_basics.cpp:55:
In file included from /Users/runner/work/Pitch-Curve/Pitch-Curve/build/_deps/juce-src/modules/juce_gui_basics/juce_gui_basics.h:68:
In file included from /Users/runner/work/Pitch-Curve/Pitch-Curve/build/_deps/juce-src/modules/juce_graphics/juce_graphics.h:67:
In file included from /Users/runner/work/Pitch-Curve/Pitch-Curve/build/_deps/juce-src/modules/juce_core/juce_core.h:215:
In file included from /Users/runner/work/Pitch-Curve/Pitch-Curve/build/_deps/juce-src/modules/juce_core/system/juce_StandardHeader.h:95:
/Users/runner/work/Pitch-Curve/Pitch-Curve/build/_deps/juce-src/modules/juce_core/system/juce_PlatformDefs.h:292:38: note: expanded from macro 'JUCE_COMPILER_WARNING'
  292 |  #define JUCE_COMPILER_WARNING(msg)  _Pragma (JUCE_STRINGIFY (message (msg)))
      |                                      ^
<scratch space>:75:2: note: expanded from here
   75 |  message ("This version of JUCE does not use the splash screen, the flag JUCE_DISPLAY_SPLASH_SCREEN is ignored")
      |  ^
1 warning generated.

Ld /Users/runner/work/Pitch-Curve/Pitch-Curve/build/build/ContourTests.build/Release/Objects-normal/arm64/Binary/ContourTests normal arm64 (in target 'ContourTests' from project 'Contour')
    cd /Users/runner/work/Pitch-Curve/Pitch-Curve
    /Applications/Xcode_16.4.app/Contents/Developer/Toolchains/XcodeDefault.xctoolchain/usr/bin/clang++ -Xlinker -reproducible -target arm64-apple-macos15.5 -isysroot /Applications/Xcode_16.4.app/Contents/Developer/Platforms/MacOSX.platform/Developer/SDKs/MacOSX15.5.sdk -O3 -L/Users/runner/work/Pitch-Curve/Pitch-Curve/build/build/EagerLinkingTBDs/Release -L/Users/runner/work/Pitch-Curve/Pitch-Curve/build/ContourTests_artefacts/Release -F/Users/runner/work/Pitch-Curve/Pitch-Curve/build/build/EagerLinkingTBDs/Release -F/Users/runner/work/Pitch-Curve/Pitch-Curve/build/ContourTests_artefacts/Release -filelist /Users/runner/work/Pitch-Curve/Pitch-Curve/build/build/ContourTests.build/Release/Objects-normal/arm64/ContourTests.LinkFileList -Xlinker -dependency_info -Xlinker /Users/runner/work/Pitch-Curve/Pitch-Curve/build/build/ContourTests.build/Release/Objects-normal/arm64/ContourTests_dependency_info.dat -fobjc-link-runtime -Wl,-search_paths_first -Wl,-headerpad_max_install_names -framework Cocoa -framework Foundation -framework IOKit -framework Security -framework Accelerate -Xlinker -no_adhoc_codesign -o /Users/runner/work/Pitch-Curve/Pitch-Curve/build/build/ContourTests.build/Release/Objects-normal/arm64/Binary/ContourTests

CompileC /Users/runner/work/Pitch-Curve/Pitch-Curve/build/build/Contour.build/Release/Objects-normal/x86_64/juce_graphics_Sheenbidi.o /Users/runner/work/Pitch-Curve/Pitch-Curve/build/_deps/juce-src/modules/juce_graphics/juce_graphics_Sheenbidi.c normal x86_64 c com.apple.compilers.llvm.clang.1_0.compiler (in target 'Contour' from project 'Contour')
    cd /Users/runner/work/Pitch-Curve/Pitch-Curve
    
    Using response file: /Users/runner/work/Pitch-Curve/Pitch-Curve/build/build/Contour.build/Release/Objects-normal/x86_64/7187679823f38a2a940e0043cdf9d637-common-args.resp
    
    /Applications/Xcode_16.4.app/Contents/Developer/Toolchains/XcodeDefault.xctoolchain/usr/bin/clang -x c -ivfsstatcache /var/folders/nj/vtw8zd2j31d1gdrtntc5y4600000gn/C/com.apple.DeveloperTools/16.4-16F6/Xcode/SDKStatCaches.noindex/macosx15.5-24F74-a403186ba963133a54a0e0cacd566b0b.sdkstatcache -fmessage-length\=0 -fdiagnostics-show-note-include-stack -fmacro-backtrace-limit\=0 -fno-color-diagnostics -Wno-trigraphs -Wno-missing-field-initializers -Wno-missing-prototypes -Wno-return-type -Wno-missing-braces -Wparentheses -Wswitch -Wno-unused-function -Wno-unused-label -Wno-unused-parameter -Wno-unused-variable -Wunused-value -Wno-empty-body -Wno-uninitialized -Wno-unknown-pragmas -Wno-shadow -Wno-four-char-constants -Wno-conversion -Wno-constant-conversion -Wno-int-conversion -Wno-bool-conversion -Wno-enum-conversion -Wno-float-conversion -Wno-non-literal-null-conversion -Wno-objc-literal-conversion -Wshorten-64-to-32 -Wpointer-sign -Wno-newline-eof -Wno-implicit-fallthrough -fstrict-aliasing -Wdeprecated-declarations -Wno-sign-conversion -Wno-infinite-recursion -Wno-comma -Wno-block-capture-autoreleasing -Wno-strict-prototypes -Wno-semicolon-before-method-body -flto -Wall -Wshadow-all -Wshorten-64-to-32 -Wstrict-aliasing -Wuninitialized -Wunused-parameter -Wconversion -Wsign-compare -Wint-conversion -Wconditional-uninitialized -Wconstant-conversion -Wsign-conversion -Wbool-conversion -Wextra-semi -Wunreachable-code -Wcast-align -Wshift-sign-overflow -Wmissing-prototypes -Wnullable-to-nonnull-conversion -Wno-ignored-qualifiers -Wswitch-enum -Wpedantic -Wdeprecated -Wfloat-equal -Wmissing-field-initializers @/Users/runner/work/Pitch-Curve/Pitch-Curve/build/build/Contour.build/Release/Objects-normal/x86_64/7187679823f38a2a940e0043cdf9d637-common-args.resp -MMD -MT dependencies -MF /Users/runner/work/Pitch-Curve/Pitch-Curve/build/build/Contour.build/Release/Objects-normal/x86_64/juce_graphics_Sheenbidi.d --serialize-diagnostics /Users/runner/work/Pitch-Curve/Pitch-Curve/build/build/Contour.build/Release/Objects-normal/x86_64/juce_graphics_Sheenbidi.dia -c /Users/runner/work/Pitch-Curve/Pitch-Curve/build/_deps/juce-src/modules/juce_graphics/juce_graphics_Sheenbidi.c -o /Users/runner/work/Pitch-Curve/Pitch-Curve/build/build/Contour.build/Release/Objects-normal/x86_64/juce_graphics_Sheenbidi.o

CreateUniversalBinary /Users/runner/work/Pitch-Curve/Pitch-Curve/build/ContourTests_artefacts/Release/ContourTests normal arm64\ x86_64 (in target 'ContourTests' from project 'Contour')
    cd /Users/runner/work/Pitch-Curve/Pitch-Curve
    /Applications/Xcode_16.4.app/Contents/Developer/Toolchains/XcodeDefault.xctoolchain/usr/bin/lipo -create /Users/runner/work/Pitch-Curve/Pitch-Curve/build/build/ContourTests.build/Release/Objects-normal/arm64/Binary/ContourTests /Users/runner/work/Pitch-Curve/Pitch-Curve/build/build/ContourTests.build/Release/Objects-normal/x86_64/Binary/ContourTests -output /Users/runner/work/Pitch-Curve/Pitch-Curve/build/ContourTests_artefacts/Release/ContourTests

CompileC /Users/runner/work/Pitch-Curve/Pitch-Curve/build/build/Contour.build/Release/Objects-normal/x86_64/juce_graphics_Harfbuzz.o /Users/runner/work/Pitch-Curve/Pitch-Curve/build/_deps/juce-src/modules/juce_graphics/juce_graphics_Harfbuzz.cpp normal x86_64 c++ com.apple.compilers.llvm.clang.1_0.compiler (in target 'Contour' from project 'Contour')
    cd /Users/runner/work/Pitch-Curve/Pitch-Curve
    
    Using response file: /Users/runner/work/Pitch-Curve/Pitch-Curve/build/build/Contour.build/Release/Objects-normal/x86_64/82b82416624d2658e5098eb0a28c15c5-common-args.resp
    
    /Applications/Xcode_16.4.app/Contents/Developer/Toolchains/XcodeDefault.xctoolchain/usr/bin/clang -x c++ -ivfsstatcache /var/folders/nj/vtw8zd2j31d1gdrtntc5y4600000gn/C/com.apple.DeveloperTools/16.4-16F6/Xcode/SDKStatCaches.noindex/macosx15.5-24F74-a403186ba963133a54a0e0cacd566b0b.sdkstatcache -fmessage-length\=0 -fdiagnostics-show-note-include-stack -fmacro-backtrace-limit\=0 -fno-color-diagnostics -Wno-trigraphs -Wno-missing-field-initializers -Wno-missing-prototypes -Wno-return-type -Wno-non-virtual-dtor -Wno-overloaded-virtual -Wno-exit-time-destructors -Wno-missing-braces -Wparentheses -Wswitch -Wno-unused-function -Wno-unused-label -Wno-unused-parameter -Wno-unused-variable -Wunused-value -Wno-empty-body -Wno-uninitialized -Wno-unknown-pragmas -Wno-shadow -Wno-four-char-constants -Wno-conversion -Wno-constant-conversion -Wno-int-conversion -Wno-bool-conversion -Wno-enum-conversion -Wno-float-conversion -Wno-non-literal-null-conversion -Wno-objc-literal-conversion -Wshorten-64-to-32 -Wno-newline-eof -Wno-c++11-extensions -Wno-implicit-fallthrough -fstrict-aliasing -Wdeprecated-declarations -Winvalid-offsetof -Wno-sign-conversion -Wno-infinite-recursion -Wno-move -Wno-comma -Wno-block-capture-autoreleasing -Wno-strict-prototypes -Wno-range-loop-analysis -Wno-semicolon-before-method-body -flto -Wall -Wshadow-all -Wshorten-64-to-32 -Wstrict-aliasing -Wuninitialized -Wunused-parameter -Wconversion -Wsign-compare -Wint-conversion -Wconditional-uninitialized -Wconstant-conversion -Wsign-conversion -Wbool-conversion -Wextra-semi -Wunreachable-code -Wcast-align -Wshift-sign-overflow -Wmissing-prototypes -Wnullable-to-nonnull-conversion -Wno-ignored-qualifiers -Wswitch-enum -Wpedantic -Wdeprecated -Wfloat-equal -Wmissing-field-initializers -Wzero-as-null-pointer-constant -Wunused-private-field -Woverloaded-virtual -Wreorder -Winconsistent-missing-destructor-override @/Users/runner/work/Pitch-Curve/Pitch-Curve/build/build/Contour.build/Release/Objects-normal/x86_64/82b82416624d2658e5098eb0a28c15c5-common-args.resp -MMD -MT dependencies -MF /Users/runner/work/Pitch-Curve/Pitch-Curve/build/build/Contour.build/Release/Objects-normal/x86_64/juce_graphics_Harfbuzz.d --serialize-diagnostics /Users/runner/work/Pitch-Curve/Pitch-Curve/build/build/Contour.build/Release/Objects-normal/x86_64/juce_graphics_Harfbuzz.dia -c /Users/runner/work/Pitch-Curve/Pitch-Curve/build/_deps/juce-src/modules/juce_graphics/juce_graphics_Harfbuzz.cpp -o /Users/runner/work/Pitch-Curve/Pitch-Curve/build/build/Contour.build/Release/Objects-normal/x86_64/juce_graphics_Harfbuzz.o

CompileC /Users/runner/work/Pitch-Curve/Pitch-Curve/build/build/Contour.build/Release/Objects-normal/x86_64/juce_graphics.o /Users/runner/work/Pitch-Curve/Pitch-Curve/build/_deps/juce-src/modules/juce_graphics/juce_graphics.mm normal x86_64 objective-c++ com.apple.compilers.llvm.clang.1_0.compiler (in target 'Contour' from project 'Contour')
    cd /Users/runner/work/Pitch-Curve/Pitch-Curve
    
    Using response file: /Users/runner/work/Pitch-Curve/Pitch-Curve/build/build/Contour.build/Release/Objects-normal/x86_64/af3fcb34312c57c0f52879cdce924b91-common-args.resp
    
    /Applications/Xcode_16.4.app/Contents/Developer/Toolchains/XcodeDefault.xctoolchain/usr/bin/clang -x objective-c++ -ivfsstatcache /var/folders/nj/vtw8zd2j31d1gdrtntc5y4600000gn/C/com.apple.DeveloperTools/16.4-16F6/Xcode/SDKStatCaches.noindex/macosx15.5-24F74-a403186ba963133a54a0e0cacd566b0b.sdkstatcache -fmessage-length\=0 -fdiagnostics-show-note-include-stack -fmacro-backtrace-limit\=0 -fno-color-diagnostics -Wno-trigraphs -Wno-missing-field-initializers -Wno-missing-prototypes -Wno-return-type -Wno-implicit-atomic-properties -Wno-objc-interface-ivars -Wno-arc-repeated-use-of-weak -Wno-non-virtual-dtor -Wno-overloaded-virtual -Wno-exit-time-destructors -Wno-missing-braces -Wparentheses -Wswitch -Wno-unused-function -Wno-unused-label -Wno-unused-parameter -Wno-unused-variable -Wunused-value -Wno-empty-body -Wno-uninitialized -Wno-unknown-pragmas -Wno-shadow -Wno-four-char-constants -Wno-conversion -Wno-constant-conversion -Wno-int-conversion -Wno-bool-conversion -Wno-enum-conversion -Wno-float-conversion -Wno-non-literal-null-conversion -Wno-objc-literal-conversion -Wshorten-64-to-32 -Wno-newline-eof -Wno-selector -Wno-strict-selector-match -Wno-undeclared-selector -Wno-deprecated-implementations -Wno-c++11-extensions -Wno-implicit-fallthrough -fstrict-aliasing -Wprotocol -Wdeprecated-declarations -Winvalid-offsetof -Wno-sign-conversion -Wno-infinite-recursion -Wno-move -Wno-comma -Wno-block-capture-autoreleasing -Wno-strict-prototypes -Wno-range-loop-analysis -Wno-semicolon-before-method-body -flto -Wall -Wshadow-all -Wshorten-64-to-32 -Wstrict-aliasing -Wuninitialized -Wunused-parameter -Wconversion -Wsign-compare -Wint-conversion -Wconditional-uninitialized -Wconstant-conversion -Wsign-conversion -Wbool-conversion -Wextra-semi -Wunreachable-code -Wcast-align -Wshift-sign-overflow -Wmissing-prototypes -Wnullable-to-nonnull-conversion -Wno-ignored-qualifiers -Wswitch-enum -Wpedantic -Wdeprecated -Wfloat-equal -Wmissing-field-initializers -Wzero-as-null-pointer-constant -Wunused-private-field -Woverloaded-virtual -Wreorder -Winconsistent-missing-destructor-override @/Users/runner/work/Pitch-Curve/Pitch-Curve/build/build/Contour.build/Release/Objects-normal/x86_64/af3fcb34312c57c0f52879cdce924b91-common-args.resp -MMD -MT dependencies -MF /Users/runner/work/Pitch-Curve/Pitch-Curve/build/build/Contour.build/Release/Objects-normal/x86_64/juce_graphics.d --serialize-diagnostics /Users/runner/work/Pitch-Curve/Pitch-Curve/build/build/Contour.build/Release/Objects-normal/x86_64/juce_graphics.dia -c /Users/runner/work/Pitch-Curve/Pitch-Curve/build/_deps/juce-src/modules/juce_graphics/juce_graphics.mm -o /Users/runner/work/Pitch-Curve/Pitch-Curve/build/build/Contour.build/Release/Objects-normal/x86_64/juce_graphics.o

CompileC /Users/runner/work/Pitch-Curve/Pitch-Curve/build/build/Contour.build/Release/Objects-normal/x86_64/juce_events.o /Users/runner/work/Pitch-Curve/Pitch-Curve/build/_deps/juce-src/modules/juce_events/juce_events.mm normal x86_64 objective-c++ com.apple.compilers.llvm.clang.1_0.compiler (in target 'Contour' from project 'Contour')
    cd /Users/runner/work/Pitch-Curve/Pitch-Curve
    
    Using response file: /Users/runner/work/Pitch-Curve/Pitch-Curve/build/build/Contour.build/Release/Objects-normal/x86_64/af3fcb34312c57c0f52879cdce924b91-common-args.resp
    
    /Applications/Xcode_16.4.app/Contents/Developer/Toolchains/XcodeDefault.xctoolchain/usr/bin/clang -x objective-c++ -ivfsstatcache /var/folders/nj/vtw8zd2j31d1gdrtntc5y4600000gn/C/com.apple.DeveloperTools/16.4-16F6/Xcode/SDKStatCaches.noindex/macosx15.5-24F74-a403186ba963133a54a0e0cacd566b0b.sdkstatcache -fmessage-length\=0 -fdiagnostics-show-note-include-stack -fmacro-backtrace-limit\=0 -fno-color-diagnostics -Wno-trigraphs -Wno-missing-field-initializers -Wno-missing-prototypes -Wno-return-type -Wno-implicit-atomic-properties -Wno-objc-interface-ivars -Wno-arc-repeated-use-of-weak -Wno-non-virtual-dtor -Wno-overloaded-virtual -Wno-exit-time-destructors -Wno-missing-braces -Wparentheses -Wswitch -Wno-unused-function -Wno-unused-label -Wno-unused-parameter -Wno-unused-variable -Wunused-value -Wno-empty-body -Wno-uninitialized -Wno-unknown-pragmas -Wno-shadow -Wno-four-char-constants -Wno-conversion -Wno-constant-conversion -Wno-int-conversion -Wno-bool-conversion -Wno-enum-conversion -Wno-float-conversion -Wno-non-literal-null-conversion -Wno-objc-literal-conversion -Wshorten-64-to-32 -Wno-newline-eof -Wno-selector -Wno-strict-selector-match -Wno-undeclared-selector -Wno-deprecated-implementations -Wno-c++11-extensions -Wno-implicit-fallthrough -fstrict-aliasing -Wprotocol -Wdeprecated-declarations -Winvalid-offsetof -Wno-sign-conversion -Wno-infinite-recursion -Wno-move -Wno-comma -Wno-block-capture-autoreleasing -Wno-strict-prototypes -Wno-range-loop-analysis -Wno-semicolon-before-method-body -flto -Wall -Wshadow-all -Wshorten-64-to-32 -Wstrict-aliasing -Wuninitialized -Wunused-parameter -Wconversion -Wsign-compare -Wint-conversion -Wconditional-uninitialized -Wconstant-conversion -Wsign-conversion -Wbool-conversion -Wextra-semi -Wunreachable-code -Wcast-align -Wshift-sign-overflow -Wmissing-prototypes -Wnullable-to-nonnull-conversion -Wno-ignored-qualifiers -Wswitch-enum -Wpedantic -Wdeprecated -Wfloat-equal -Wmissing-field-initializers -Wzero-as-null-pointer-constant -Wunused-private-field -Woverloaded-virtual -Wreorder -Winconsistent-missing-destructor-override @/Users/runner/work/Pitch-Curve/Pitch-Curve/build/build/Contour.build/Release/Objects-normal/x86_64/af3fcb34312c57c0f52879cdce924b91-common-args.resp -MMD -MT dependencies -MF /Users/runner/work/Pitch-Curve/Pitch-Curve/build/build/Contour.build/Release/Objects-normal/x86_64/juce_events.d --serialize-diagnostics /Users/runner/work/Pitch-Curve/Pitch-Curve/build/build/Contour.build/Release/Objects-normal/x86_64/juce_events.dia -c /Users/runner/work/Pitch-Curve/Pitch-Curve/build/_deps/juce-src/modules/juce_events/juce_events.mm -o /Users/runner/work/Pitch-Curve/Pitch-Curve/build/build/Contour.build/Release/Objects-normal/x86_64/juce_events.o

CompileC /Users/runner/work/Pitch-Curve/Pitch-Curve/build/build/Contour.build/Release/Objects-normal/x86_64/juce_dsp.o /Users/runner/work/Pitch-Curve/Pitch-Curve/build/_deps/juce-src/modules/juce_dsp/juce_dsp.mm normal x86_64 objective-c++ com.apple.compilers.llvm.clang.1_0.compiler (in target 'Contour' from project 'Contour')
    cd /Users/runner/work/Pitch-Curve/Pitch-Curve
    
    Using response file: /Users/runner/work/Pitch-Curve/Pitch-Curve/build/build/Contour.build/Release/Objects-normal/x86_64/af3fcb34312c57c0f52879cdce924b91-common-args.resp
    
    /Applications/Xcode_16.4.app/Contents/Developer/Toolchains/XcodeDefault.xctoolchain/usr/bin/clang -x objective-c++ -ivfsstatcache /var/folders/nj/vtw8zd2j31d1gdrtntc5y4600000gn/C/com.apple.DeveloperTools/16.4-16F6/Xcode/SDKStatCaches.noindex/macosx15.5-24F74-a403186ba963133a54a0e0cacd566b0b.sdkstatcache -fmessage-length\=0 -fdiagnostics-show-note-include-stack -fmacro-backtrace-limit\=0 -fno-color-diagnostics -Wno-trigraphs -Wno-missing-field-initializers -Wno-missing-prototypes -Wno-return-type -Wno-implicit-atomic-properties -Wno-objc-interface-ivars -Wno-arc-repeated-use-of-weak -Wno-non-virtual-dtor -Wno-overloaded-virtual -Wno-exit-time-destructors -Wno-missing-braces -Wparentheses -Wswitch -Wno-unused-function -Wno-unused-label -Wno-unused-parameter -Wno-unused-variable -Wunused-value -Wno-empty-body -Wno-uninitialized -Wno-unknown-pragmas -Wno-shadow -Wno-four-char-constants -Wno-conversion -Wno-constant-conversion -Wno-int-conversion -Wno-bool-conversion -Wno-enum-conversion -Wno-float-conversion -Wno-non-literal-null-conversion -Wno-objc-literal-conversion -Wshorten-64-to-32 -Wno-newline-eof -Wno-selector -Wno-strict-selector-match -Wno-undeclared-selector -Wno-deprecated-implementations -Wno-c++11-extensions -Wno-implicit-fallthrough -fstrict-aliasing -Wprotocol -Wdeprecated-declarations -Winvalid-offsetof -Wno-sign-conversion -Wno-infinite-recursion -Wno-move -Wno-comma -Wno-block-capture-autoreleasing -Wno-strict-prototypes -Wno-range-loop-analysis -Wno-semicolon-before-method-body -flto -Wall -Wshadow-all -Wshorten-64-to-32 -Wstrict-aliasing -Wuninitialized -Wunused-parameter -Wconversion -Wsign-compare -Wint-conversion -Wconditional-uninitialized -Wconstant-conversion -Wsign-conversion -Wbool-conversion -Wextra-semi -Wunreachable-code -Wcast-align -Wshift-sign-overflow -Wmissing-prototypes -Wnullable-to-nonnull-conversion -Wno-ignored-qualifiers -Wswitch-enum -Wpedantic -Wdeprecated -Wfloat-equal -Wmissing-field-initializers -Wzero-as-null-pointer-constant -Wunused-private-field -Woverloaded-virtual -Wreorder -Winconsistent-missing-destructor-override @/Users/runner/work/Pitch-Curve/Pitch-Curve/build/build/Contour.build/Release/Objects-normal/x86_64/af3fcb34312c57c0f52879cdce924b91-common-args.resp -MMD -MT dependencies -MF /Users/runner/work/Pitch-Curve/Pitch-Curve/build/build/Contour.build/Release/Objects-normal/x86_64/juce_dsp.d --serialize-diagnostics /Users/runner/work/Pitch-Curve/Pitch-Curve/build/build/Contour.build/Release/Objects-normal/x86_64/juce_dsp.dia -c /Users/runner/work/Pitch-Curve/Pitch-Curve/build/_deps/juce-src/modules/juce_dsp/juce_dsp.mm -o /Users/runner/work/Pitch-Curve/Pitch-Curve/build/build/Contour.build/Release/Objects-normal/x86_64/juce_dsp.o

CompileC /Users/runner/work/Pitch-Curve/Pitch-Curve/build/build/Contour.build/Release/Objects-normal/x86_64/juce_data_structures.o /Users/runner/work/Pitch-Curve/Pitch-Curve/build/_deps/juce-src/modules/juce_data_structures/juce_data_structures.mm normal x86_64 objective-c++ com.apple.compilers.llvm.clang.1_0.compiler (in target 'Contour' from project 'Contour')
    cd /Users/runner/work/Pitch-Curve/Pitch-Curve
    
    Using response file: /Users/runner/work/Pitch-Curve/Pitch-Curve/build/build/Contour.build/Release/Objects-normal/x86_64/af3fcb34312c57c0f52879cdce924b91-common-args.resp
    
    /Applications/Xcode_16.4.app/Contents/Developer/Toolchains/XcodeDefault.xctoolchain/usr/bin/clang -x objective-c++ -ivfsstatcache /var/folders/nj/vtw8zd2j31d1gdrtntc5y4600000gn/C/com.apple.DeveloperTools/16.4-16F6/Xcode/SDKStatCaches.noindex/macosx15.5-24F74-a403186ba963133a54a0e0cacd566b0b.sdkstatcache -fmessage-length\=0 -fdiagnostics-show-note-include-stack -fmacro-backtrace-limit\=0 -fno-color-diagnostics -Wno-trigraphs -Wno-missing-field-initializers -Wno-missing-prototypes -Wno-return-type -Wno-implicit-atomic-properties -Wno-objc-interface-ivars -Wno-arc-repeated-use-of-weak -Wno-non-virtual-dtor -Wno-overloaded-virtual -Wno-exit-time-destructors -Wno-missing-braces -Wparentheses -Wswitch -Wno-unused-function -Wno-unused-label -Wno-unused-parameter -Wno-unused-variable -Wunused-value -Wno-empty-body -Wno-uninitialized -Wno-unknown-pragmas -Wno-shadow -Wno-four-char-constants -Wno-conversion -Wno-constant-conversion -Wno-int-conversion -Wno-bool-conversion -Wno-enum-conversion -Wno-float-conversion -Wno-non-literal-null-conversion -Wno-objc-literal-conversion -Wshorten-64-to-32 -Wno-newline-eof -Wno-selector -Wno-strict-selector-match -Wno-undeclared-selector -Wno-deprecated-implementations -Wno-c++11-extensions -Wno-implicit-fallthrough -fstrict-aliasing -Wprotocol -Wdeprecated-declarations -Winvalid-offsetof -Wno-sign-conversion -Wno-infinite-recursion -Wno-move -Wno-comma -Wno-block-capture-autoreleasing -Wno-strict-prototypes -Wno-range-loop-analysis -Wno-semicolon-before-method-body -flto -Wall -Wshadow-all -Wshorten-64-to-32 -Wstrict-aliasing -Wuninitialized -Wunused-parameter -Wconversion -Wsign-compare -Wint-conversion -Wconditional-uninitialized -Wconstant-conversion -Wsign-conversion -Wbool-conversion -Wextra-semi -Wunreachable-code -Wcast-align -Wshift-sign-overflow -Wmissing-prototypes -Wnullable-to-nonnull-conversion -Wno-ignored-qualifiers -Wswitch-enum -Wpedantic -Wdeprecated -Wfloat-equal -Wmissing-field-initializers -Wzero-as-null-pointer-constant -Wunused-private-field -Woverloaded-virtual -Wreorder -Winconsistent-missing-destructor-override @/Users/runner/work/Pitch-Curve/Pitch-Curve/build/build/Contour.build/Release/Objects-normal/x86_64/af3fcb34312c57c0f52879cdce924b91-common-args.resp -MMD -MT dependencies -MF /Users/runner/work/Pitch-Curve/Pitch-Curve/build/build/Contour.build/Release/Objects-normal/x86_64/juce_data_structures.d --serialize-diagnostics /Users/runner/work/Pitch-Curve/Pitch-Curve/build/build/Contour.build/Release/Objects-normal/x86_64/juce_data_structures.dia -c /Users/runner/work/Pitch-Curve/Pitch-Curve/build/_deps/juce-src/modules/juce_data_structures/juce_data_structures.mm -o /Users/runner/work/Pitch-Curve/Pitch-Curve/build/build/Contour.build/Release/Objects-normal/x86_64/juce_data_structures.o

CompileC /Users/runner/work/Pitch-Curve/Pitch-Curve/build/build/Contour.build/Release/Objects-normal/x86_64/juce_core_CompilationTime.o /Users/runner/work/Pitch-Curve/Pitch-Curve/build/_deps/juce-src/modules/juce_core/juce_core_CompilationTime.cpp normal x86_64 c++ com.apple.compilers.llvm.clang.1_0.compiler (in target 'Contour' from project 'Contour')
    cd /Users/runner/work/Pitch-Curve/Pitch-Curve
    
    Using response file: /Users/runner/work/Pitch-Curve/Pitch-Curve/build/build/Contour.build/Release/Objects-normal/x86_64/82b82416624d2658e5098eb0a28c15c5-common-args.resp
    
    /Applications/Xcode_16.4.app/Contents/Developer/Toolchains/XcodeDefault.xctoolchain/usr/bin/clang -x c++ -ivfsstatcache /var/folders/nj/vtw8zd2j31d1gdrtntc5y4600000gn/C/com.apple.DeveloperTools/16.4-16F6/Xcode/SDKStatCaches.noindex/macosx15.5-24F74-a403186ba963133a54a0e0cacd566b0b.sdkstatcache -fmessage-length\=0 -fdiagnostics-show-note-include-stack -fmacro-backtrace-limit\=0 -fno-color-diagnostics -Wno-trigraphs -Wno-missing-field-initializers -Wno-missing-prototypes -Wno-return-type -Wno-non-virtual-dtor -Wno-overloaded-virtual -Wno-exit-time-destructors -Wno-missing-braces -Wparentheses -Wswitch -Wno-unused-function -Wno-unused-label -Wno-unused-parameter -Wno-unused-variable -Wunused-value -Wno-empty-body -Wno-uninitialized -Wno-unknown-pragmas -Wno-shadow -Wno-four-char-constants -Wno-conversion -Wno-constant-conversion -Wno-int-conversion -Wno-bool-conversion -Wno-enum-conversion -Wno-float-conversion -Wno-non-literal-null-conversion -Wno-objc-literal-conversion -Wshorten-64-to-32 -Wno-newline-eof -Wno-c++11-extensions -Wno-implicit-fallthrough -fstrict-aliasing -Wdeprecated-declarations -Winvalid-offsetof -Wno-sign-conversion -Wno-infinite-recursion -Wno-move -Wno-comma -Wno-block-capture-autoreleasing -Wno-strict-prototypes -Wno-range-loop-analysis -Wno-semicolon-before-method-body -flto -Wall -Wshadow-all -Wshorten-64-to-32 -Wstrict-aliasing -Wuninitialized -Wunused-parameter -Wconversion -Wsign-compare -Wint-conversion -Wconditional-uninitialized -Wconstant-conversion -Wsign-conversion -Wbool-conversion -Wextra-semi -Wunreachable-code -Wcast-align -Wshift-sign-overflow -Wmissing-prototypes -Wnullable-to-nonnull-conversion -Wno-ignored-qualifiers -Wswitch-enum -Wpedantic -Wdeprecated -Wfloat-equal -Wmissing-field-initializers -Wzero-as-null-pointer-constant -Wunused-private-field -Woverloaded-virtual -Wreorder -Winconsistent-missing-destructor-override @/Users/runner/work/Pitch-Curve/Pitch-Curve/build/build/Contour.build/Release/Objects-normal/x86_64/82b82416624d2658e5098eb0a28c15c5-common-args.resp -MMD -MT dependencies -MF /Users/runner/work/Pitch-Curve/Pitch-Curve/build/build/Contour.build/Release/Objects-normal/x86_64/juce_core_CompilationTime.d --serialize-diagnostics /Users/runner/work/Pitch-Curve/Pitch-Curve/build/build/Contour.build/Release/Objects-normal/x86_64/juce_core_CompilationTime.dia -c /Users/runner/work/Pitch-Curve/Pitch-Curve/build/_deps/juce-src/modules/juce_core/juce_core_CompilationTime.cpp -o /Users/runner/work/Pitch-Curve/Pitch-Curve/build/build/Contour.build/Release/Objects-normal/x86_64/juce_core_CompilationTime.o

CompileC /Users/runner/work/Pitch-Curve/Pitch-Curve/build/build/Contour.build/Release/Objects-normal/x86_64/juce_core.o /Users/runner/work/Pitch-Curve/Pitch-Curve/build/_deps/juce-src/modules/juce_core/juce_core.mm normal x86_64 objective-c++ com.apple.compilers.llvm.clang.1_0.compiler (in target 'Contour' from project 'Contour')
    cd /Users/runner/work/Pitch-Curve/Pitch-Curve
    
    Using response file: /Users/runner/work/Pitch-Curve/Pitch-Curve/build/build/Contour.build/Release/Objects-normal/x86_64/af3fcb34312c57c0f52879cdce924b91-common-args.resp
    
    /Applications/Xcode_16.4.app/Contents/Developer/Toolchains/XcodeDefault.xctoolchain/usr/bin/clang -x objective-c++ -ivfsstatcache /var/folders/nj/vtw8zd2j31d1gdrtntc5y4600000gn/C/com.apple.DeveloperTools/16.4-16F6/Xcode/SDKStatCaches.noindex/macosx15.5-24F74-a403186ba963133a54a0e0cacd566b0b.sdkstatcache -fmessage-length\=0 -fdiagnostics-show-note-include-stack -fmacro-backtrace-limit\=0 -fno-color-diagnostics -Wno-trigraphs -Wno-missing-field-initializers -Wno-missing-prototypes -Wno-return-type -Wno-implicit-atomic-properties -Wno-objc-interface-ivars -Wno-arc-repeated-use-of-weak -Wno-non-virtual-dtor -Wno-overloaded-virtual -Wno-exit-time-destructors -Wno-missing-braces -Wparentheses -Wswitch -Wno-unused-function -Wno-unused-label -Wno-unused-parameter -Wno-unused-variable -Wunused-value -Wno-empty-body -Wno-uninitialized -Wno-unknown-pragmas -Wno-shadow -Wno-four-char-constants -Wno-conversion -Wno-constant-conversion -Wno-int-conversion -Wno-bool-conversion -Wno-enum-conversion -Wno-float-conversion -Wno-non-literal-null-conversion -Wno-objc-literal-conversion -Wshorten-64-to-32 -Wno-newline-eof -Wno-selector -Wno-strict-selector-match -Wno-undeclared-selector -Wno-deprecated-implementations -Wno-c++11-extensions -Wno-implicit-fallthrough -fstrict-aliasing -Wprotocol -Wdeprecated-declarations -Winvalid-offsetof -Wno-sign-conversion -Wno-infinite-recursion -Wno-move -Wno-comma -Wno-block-capture-autoreleasing -Wno-strict-prototypes -Wno-range-loop-analysis -Wno-semicolon-before-method-body -flto -Wall -Wshadow-all -Wshorten-64-to-32 -Wstrict-aliasing -Wuninitialized -Wunused-parameter -Wconversion -Wsign-compare -Wint-conversion -Wconditional-uninitialized -Wconstant-conversion -Wsign-conversion -Wbool-conversion -Wextra-semi -Wunreachable-code -Wcast-align -Wshift-sign-overflow -Wmissing-prototypes -Wnullable-to-nonnull-conversion -Wno-ignored-qualifiers -Wswitch-enum -Wpedantic -Wdeprecated -Wfloat-equal -Wmissing-field-initializers -Wzero-as-null-pointer-constant -Wunused-private-field -Woverloaded-virtual -Wreorder -Winconsistent-missing-destructor-override @/Users/runner/work/Pitch-Curve/Pitch-Curve/build/build/Contour.build/Release/Objects-normal/x86_64/af3fcb34312c57c0f52879cdce924b91-common-args.resp -MMD -MT dependencies -MF /Users/runner/work/Pitch-Curve/Pitch-Curve/build/build/Contour.build/Release/Objects-normal/x86_64/juce_core.d --serialize-diagnostics /Users/runner/work/Pitch-Curve/Pitch-Curve/build/build/Contour.build/Release/Objects-normal/x86_64/juce_core.dia -c /Users/runner/work/Pitch-Curve/Pitch-Curve/build/_deps/juce-src/modules/juce_core/juce_core.mm -o /Users/runner/work/Pitch-Curve/Pitch-Curve/build/build/Contour.build/Release/Objects-normal/x86_64/juce_core.o

CompileC /Users/runner/work/Pitch-Curve/Pitch-Curve/build/build/Contour.build/Release/Objects-normal/x86_64/juce_audio_utils.o /Users/runner/work/Pitch-Curve/Pitch-Curve/build/_deps/juce-src/modules/juce_audio_utils/juce_audio_utils.mm normal x86_64 objective-c++ com.apple.compilers.llvm.clang.1_0.compiler (in target 'Contour' from project 'Contour')
    cd /Users/runner/work/Pitch-Curve/Pitch-Curve
    
    Using response file: /Users/runner/work/Pitch-Curve/Pitch-Curve/build/build/Contour.build/Release/Objects-normal/x86_64/af3fcb34312c57c0f52879cdce924b91-common-args.resp
    
    /Applications/Xcode_16.4.app/Contents/Developer/Toolchains/XcodeDefault.xctoolchain/usr/bin/clang -x objective-c++ -ivfsstatcache /var/folders/nj/vtw8zd2j31d1gdrtntc5y4600000gn/C/com.apple.DeveloperTools/16.4-16F6/Xcode/SDKStatCaches.noindex/macosx15.5-24F74-a403186ba963133a54a0e0cacd566b0b.sdkstatcache -fmessage-length\=0 -fdiagnostics-show-note-include-stack -fmacro-backtrace-limit\=0 -fno-color-diagnostics -Wno-trigraphs -Wno-missing-field-initializers -Wno-missing-prototypes -Wno-return-type -Wno-implicit-atomic-properties -Wno-objc-interface-ivars -Wno-arc-repeated-use-of-weak -Wno-non-virtual-dtor -Wno-overloaded-virtual -Wno-exit-time-destructors -Wno-missing-braces -Wparentheses -Wswitch -Wno-unused-function -Wno-unused-label -Wno-unused-parameter -Wno-unused-variable -Wunused-value -Wno-empty-body -Wno-uninitialized -Wno-unknown-pragmas -Wno-shadow -Wno-four-char-constants -Wno-conversion -Wno-constant-conversion -Wno-int-conversion -Wno-bool-conversion -Wno-enum-conversion -Wno-float-conversion -Wno-non-literal-null-conversion -Wno-objc-literal-conversion -Wshorten-64-to-32 -Wno-newline-eof -Wno-selector -Wno-strict-selector-match -Wno-undeclared-selector -Wno-deprecated-implementations -Wno-c++11-extensions -Wno-implicit-fallthrough -fstrict-aliasing -Wprotocol -Wdeprecated-declarations -Winvalid-offsetof -Wno-sign-conversion -Wno-infinite-recursion -Wno-move -Wno-comma -Wno-block-capture-autoreleasing -Wno-strict-prototypes -Wno-range-loop-analysis -Wno-semicolon-before-method-body -flto -Wall -Wshadow-all -Wshorten-64-to-32 -Wstrict-aliasing -Wuninitialized -Wunused-parameter -Wconversion -Wsign-compare -Wint-conversion -Wconditional-uninitialized -Wconstant-conversion -Wsign-conversion -Wbool-conversion -Wextra-semi -Wunreachable-code -Wcast-align -Wshift-sign-overflow -Wmissing-prototypes -Wnullable-to-nonnull-conversion -Wno-ignored-qualifiers -Wswitch-enum -Wpedantic -Wdeprecated -Wfloat-equal -Wmissing-field-initializers -Wzero-as-null-pointer-constant -Wunused-private-field -Woverloaded-virtual -Wreorder -Winconsistent-missing-destructor-override @/Users/runner/work/Pitch-Curve/Pitch-Curve/build/build/Contour.build/Release/Objects-normal/x86_64/af3fcb34312c57c0f52879cdce924b91-common-args.resp -MMD -MT dependencies -MF /Users/runner/work/Pitch-Curve/Pitch-Curve/build/build/Contour.build/Release/Objects-normal/x86_64/juce_audio_utils.d --serialize-diagnostics /Users/runner/work/Pitch-Curve/Pitch-Curve/build/build/Contour.build/Release/Objects-normal/x86_64/juce_audio_utils.dia -c /Users/runner/work/Pitch-Curve/Pitch-Curve/build/_deps/juce-src/modules/juce_audio_utils/juce_audio_utils.mm -o /Users/runner/work/Pitch-Curve/Pitch-Curve/build/build/Contour.build/Release/Objects-normal/x86_64/juce_audio_utils.o

CompileC /Users/runner/work/Pitch-Curve/Pitch-Curve/build/build/Contour.build/Release/Objects-normal/x86_64/juce_audio_processors_lv2_libs.o /Users/runner/work/Pitch-Curve/Pitch-Curve/build/_deps/juce-src/modules/juce_audio_processors/juce_audio_processors_lv2_libs.cpp normal x86_64 c++ com.apple.compilers.llvm.clang.1_0.compiler (in target 'Contour' from project 'Contour')
    cd /Users/runner/work/Pitch-Curve/Pitch-Curve
    
    Using response file: /Users/runner/work/Pitch-Curve/Pitch-Curve/build/build/Contour.build/Release/Objects-normal/x86_64/82b82416624d2658e5098eb0a28c15c5-common-args.resp
    
    /Applications/Xcode_16.4.app/Contents/Developer/Toolchains/XcodeDefault.xctoolchain/usr/bin/clang -x c++ -ivfsstatcache /var/folders/nj/vtw8zd2j31d1gdrtntc5y4600000gn/C/com.apple.DeveloperTools/16.4-16F6/Xcode/SDKStatCaches.noindex/macosx15.5-24F74-a403186ba963133a54a0e0cacd566b0b.sdkstatcache -fmessage-length\=0 -fdiagnostics-show-note-include-stack -fmacro-backtrace-limit\=0 -fno-color-diagnostics -Wno-trigraphs -Wno-missing-field-initializers -Wno-missing-prototypes -Wno-return-type -Wno-non-virtual-dtor -Wno-overloaded-virtual -Wno-exit-time-destructors -Wno-missing-braces -Wparentheses -Wswitch -Wno-unused-function -Wno-unused-label -Wno-unused-parameter -Wno-unused-variable -Wunused-value -Wno-empty-body -Wno-uninitialized -Wno-unknown-pragmas -Wno-shadow -Wno-four-char-constants -Wno-conversion -Wno-constant-conversion -Wno-int-conversion -Wno-bool-conversion -Wno-enum-conversion -Wno-float-conversion -Wno-non-literal-null-conversion -Wno-objc-literal-conversion -Wshorten-64-to-32 -Wno-newline-eof -Wno-c++11-extensions -Wno-implicit-fallthrough -fstrict-aliasing -Wdeprecated-declarations -Winvalid-offsetof -Wno-sign-conversion -Wno-infinite-recursion -Wno-move -Wno-comma -Wno-block-capture-autoreleasing -Wno-strict-prototypes -Wno-range-loop-analysis -Wno-semicolon-before-method-body -flto -Wall -Wshadow-all -Wshorten-64-to-32 -Wstrict-aliasing -Wuninitialized -Wunused-parameter -Wconversion -Wsign-compare -Wint-conversion -Wconditional-uninitialized -Wconstant-conversion -Wsign-conversion -Wbool-conversion -Wextra-semi -Wunreachable-code -Wcast-align -Wshift-sign-overflow -Wmissing-prototypes -Wnullable-to-nonnull-conversion -Wno-ignored-qualifiers -Wswitch-enum -Wpedantic -Wdeprecated -Wfloat-equal -Wmissing-field-initializers -Wzero-as-null-pointer-constant -Wunused-private-field -Woverloaded-virtual -Wreorder -Winconsistent-missing-destructor-override @/Users/runner/work/Pitch-Curve/Pitch-Curve/build/build/Contour.build/Release/Objects-normal/x86_64/82b82416624d2658e5098eb0a28c15c5-common-args.resp -MMD -MT dependencies -MF /Users/runner/work/Pitch-Curve/Pitch-Curve/build/build/Contour.build/Release/Objects-normal/x86_64/juce_audio_processors_lv2_libs.d --serialize-diagnostics /Users/runner/work/Pitch-Curve/Pitch-Curve/build/build/Contour.build/Release/Objects-normal/x86_64/juce_audio_processors_lv2_libs.dia -c /Users/runner/work/Pitch-Curve/Pitch-Curve/build/_deps/juce-src/modules/juce_audio_processors/juce_audio_processors_lv2_libs.cpp -o /Users/runner/work/Pitch-Curve/Pitch-Curve/build/build/Contour.build/Release/Objects-normal/x86_64/juce_audio_processors_lv2_libs.o

CompileC /Users/runner/work/Pitch-Curve/Pitch-Curve/build/build/Contour.build/Release/Objects-normal/x86_64/juce_audio_processors_ara.o /Users/runner/work/Pitch-Curve/Pitch-Curve/build/_deps/juce-src/modules/juce_audio_processors/juce_audio_processors_ara.cpp normal x86_64 c++ com.apple.compilers.llvm.clang.1_0.compiler (in target 'Contour' from project 'Contour')
    cd /Users/runner/work/Pitch-Curve/Pitch-Curve
    
    Using response file: /Users/runner/work/Pitch-Curve/Pitch-Curve/build/build/Contour.build/Release/Objects-normal/x86_64/82b82416624d2658e5098eb0a28c15c5-common-args.resp
    
    /Applications/Xcode_16.4.app/Contents/Developer/Toolchains/XcodeDefault.xctoolchain/usr/bin/clang -x c++ -ivfsstatcache /var/folders/nj/vtw8zd2j31d1gdrtntc5y4600000gn/C/com.apple.DeveloperTools/16.4-16F6/Xcode/SDKStatCaches.noindex/macosx15.5-24F74-a403186ba963133a54a0e0cacd566b0b.sdkstatcache -fmessage-length\=0 -fdiagnostics-show-note-include-stack -fmacro-backtrace-limit\=0 -fno-color-diagnostics -Wno-trigraphs -Wno-missing-field-initializers -Wno-missing-prototypes -Wno-return-type -Wno-non-virtual-dtor -Wno-overloaded-virtual -Wno-exit-time-destructors -Wno-missing-braces -Wparentheses -Wswitch -Wno-unused-function -Wno-unused-label -Wno-unused-parameter -Wno-unused-variable -Wunused-value -Wno-empty-body -Wno-uninitialized -Wno-unknown-pragmas -Wno-shadow -Wno-four-char-constants -Wno-conversion -Wno-constant-conversion -Wno-int-conversion -Wno-bool-conversion -Wno-enum-conversion -Wno-float-conversion -Wno-non-literal-null-conversion -Wno-objc-literal-conversion -Wshorten-64-to-32 -Wno-newline-eof -Wno-c++11-extensions -Wno-implicit-fallthrough -fstrict-aliasing -Wdeprecated-declarations -Winvalid-offsetof -Wno-sign-conversion -Wno-infinite-recursion -Wno-move -Wno-comma -Wno-block-capture-autoreleasing -Wno-strict-prototypes -Wno-range-loop-analysis -Wno-semicolon-before-method-body -flto -Wall -Wshadow-all -Wshorten-64-to-32 -Wstrict-aliasing -Wuninitialized -Wunused-parameter -Wconversion -Wsign-compare -Wint-conversion -Wconditional-uninitialized -Wconstant-conversion -Wsign-conversion -Wbool-conversion -Wextra-semi -Wunreachable-code -Wcast-align -Wshift-sign-overflow -Wmissing-prototypes -Wnullable-to-nonnull-conversion -Wno-ignored-qualifiers -Wswitch-enum -Wpedantic -Wdeprecated -Wfloat-equal -Wmissing-field-initializers -Wzero-as-null-pointer-constant -Wunused-private-field -Woverloaded-virtual -Wreorder -Winconsistent-missing-destructor-override @/Users/runner/work/Pitch-Curve/Pitch-Curve/build/build/Contour.build/Release/Objects-normal/x86_64/82b82416624d2658e5098eb0a28c15c5-common-args.resp -MMD -MT dependencies -MF /Users/runner/work/Pitch-Curve/Pitch-Curve/build/build/Contour.build/Release/Objects-normal/x86_64/juce_audio_processors_ara.d --serialize-diagnostics /Users/runner/work/Pitch-Curve/Pitch-Curve/build/build/Contour.build/Release/Objects-normal/x86_64/juce_audio_processors_ara.dia -c /Users/runner/work/Pitch-Curve/Pitch-Curve/build/_deps/juce-src/modules/juce_audio_processors/juce_audio_processors_ara.cpp -o /Users/runner/work/Pitch-Curve/Pitch-Curve/build/build/Contour.build/Release/Objects-normal/x86_64/juce_audio_processors_ara.o

CompileC /Users/runner/work/Pitch-Curve/Pitch-Curve/build/build/Contour.build/Release/Objects-normal/x86_64/juce_audio_processors.o /Users/runner/work/Pitch-Curve/Pitch-Curve/build/_deps/juce-src/modules/juce_audio_processors/juce_audio_processors.mm normal x86_64 objective-c++ com.apple.compilers.llvm.clang.1_0.compiler (in target 'Contour' from project 'Contour')
    cd /Users/runner/work/Pitch-Curve/Pitch-Curve
    
    Using response file: /Users/runner/work/Pitch-Curve/Pitch-Curve/build/build/Contour.build/Release/Objects-normal/x86_64/af3fcb34312c57c0f52879cdce924b91-common-args.resp
    
    /Applications/Xcode_16.4.app/Contents/Developer/Toolchains/XcodeDefault.xctoolchain/usr/bin/clang -x objective-c++ -ivfsstatcache /var/folders/nj/vtw8zd2j31d1gdrtntc5y4600000gn/C/com.apple.DeveloperTools/16.4-16F6/Xcode/SDKStatCaches.noindex/macosx15.5-24F74-a403186ba963133a54a0e0cacd566b0b.sdkstatcache -fmessage-length\=0 -fdiagnostics-show-note-include-stack -fmacro-backtrace-limit\=0 -fno-color-diagnostics -Wno-trigraphs -Wno-missing-field-initializers -Wno-missing-prototypes -Wno-return-type -Wno-implicit-atomic-properties -Wno-objc-interface-ivars -Wno-arc-repeated-use-of-weak -Wno-non-virtual-dtor -Wno-overloaded-virtual -Wno-exit-time-destructors -Wno-missing-braces -Wparentheses -Wswitch -Wno-unused-function -Wno-unused-label -Wno-unused-parameter -Wno-unused-variable -Wunused-value -Wno-empty-body -Wno-uninitialized -Wno-unknown-pragmas -Wno-shadow -Wno-four-char-constants -Wno-conversion -Wno-constant-conversion -Wno-int-conversion -Wno-bool-conversion -Wno-enum-conversion -Wno-float-conversion -Wno-non-literal-null-conversion -Wno-objc-literal-conversion -Wshorten-64-to-32 -Wno-newline-eof -Wno-selector -Wno-strict-selector-match -Wno-undeclared-selector -Wno-deprecated-implementations -Wno-c++11-extensions -Wno-implicit-fallthrough -fstrict-aliasing -Wprotocol -Wdeprecated-declarations -Winvalid-offsetof -Wno-sign-conversion -Wno-infinite-recursion -Wno-move -Wno-comma -Wno-block-capture-autoreleasing -Wno-strict-prototypes -Wno-range-loop-analysis -Wno-semicolon-before-method-body -flto -Wall -Wshadow-all -Wshorten-64-to-32 -Wstrict-aliasing -Wuninitialized -Wunused-parameter -Wconversion -Wsign-compare -Wint-conversion -Wconditional-uninitialized -Wconstant-conversion -Wsign-conversion -Wbool-conversion -Wextra-semi -Wunreachable-code -Wcast-align -Wshift-sign-overflow -Wmissing-prototypes -Wnullable-to-nonnull-conversion -Wno-ignored-qualifiers -Wswitch-enum -Wpedantic -Wdeprecated -Wfloat-equal -Wmissing-field-initializers -Wzero-as-null-pointer-constant -Wunused-private-field -Woverloaded-virtual -Wreorder -Winconsistent-missing-destructor-override @/Users/runner/work/Pitch-Curve/Pitch-Curve/build/build/Contour.build/Release/Objects-normal/x86_64/af3fcb34312c57c0f52879cdce924b91-common-args.resp -MMD -MT dependencies -MF /Users/runner/work/Pitch-Curve/Pitch-Curve/build/build/Contour.build/Release/Objects-normal/x86_64/juce_audio_processors.d --serialize-diagnostics /Users/runner/work/Pitch-Curve/Pitch-Curve/build/build/Contour.build/Release/Objects-normal/x86_64/juce_audio_processors.dia -c /Users/runner/work/Pitch-Curve/Pitch-Curve/build/_deps/juce-src/modules/juce_audio_processors/juce_audio_processors.mm -o /Users/runner/work/Pitch-Curve/Pitch-Curve/build/build/Contour.build/Release/Objects-normal/x86_64/juce_audio_processors.o

CompileC /Users/runner/work/Pitch-Curve/Pitch-Curve/build/build/Contour.build/Release/Objects-normal/x86_64/juce_audio_formats.o /Users/runner/work/Pitch-Curve/Pitch-Curve/build/_deps/juce-src/modules/juce_audio_formats/juce_audio_formats.mm normal x86_64 objective-c++ com.apple.compilers.llvm.clang.1_0.compiler (in target 'Contour' from project 'Contour')
    cd /Users/runner/work/Pitch-Curve/Pitch-Curve
    
    Using response file: /Users/runner/work/Pitch-Curve/Pitch-Curve/build/build/Contour.build/Release/Objects-normal/x86_64/af3fcb34312c57c0f52879cdce924b91-common-args.resp
    
    /Applications/Xcode_16.4.app/Contents/Developer/Toolchains/XcodeDefault.xctoolchain/usr/bin/clang -x objective-c++ -ivfsstatcache /var/folders/nj/vtw8zd2j31d1gdrtntc5y4600000gn/C/com.apple.DeveloperTools/16.4-16F6/Xcode/SDKStatCaches.noindex/macosx15.5-24F74-a403186ba963133a54a0e0cacd566b0b.sdkstatcache -fmessage-length\=0 -fdiagnostics-show-note-include-stack -fmacro-backtrace-limit\=0 -fno-color-diagnostics -Wno-trigraphs -Wno-missing-field-initializers -Wno-missing-prototypes -Wno-return-type -Wno-implicit-atomic-properties -Wno-objc-interface-ivars -Wno-arc-repeated-use-of-weak -Wno-non-virtual-dtor -Wno-overloaded-virtual -Wno-exit-time-destructors -Wno-missing-braces -Wparentheses -Wswitch -Wno-unused-function -Wno-unused-label -Wno-unused-parameter -Wno-unused-variable -Wunused-value -Wno-empty-body -Wno-uninitialized -Wno-unknown-pragmas -Wno-shadow -Wno-four-char-constants -Wno-conversion -Wno-constant-conversion -Wno-int-conversion -Wno-bool-conversion -Wno-enum-conversion -Wno-float-conversion -Wno-non-literal-null-conversion -Wno-objc-literal-conversion -Wshorten-64-to-32 -Wno-newline-eof -Wno-selector -Wno-strict-selector-match -Wno-undeclared-selector -Wno-deprecated-implementations -Wno-c++11-extensions -Wno-implicit-fallthrough -fstrict-aliasing -Wprotocol -Wdeprecated-declarations -Winvalid-offsetof -Wno-sign-conversion -Wno-infinite-recursion -Wno-move -Wno-comma -Wno-block-capture-autoreleasing -Wno-strict-prototypes -Wno-range-loop-analysis -Wno-semicolon-before-method-body -flto -Wall -Wshadow-all -Wshorten-64-to-32 -Wstrict-aliasing -Wuninitialized -Wunused-parameter -Wconversion -Wsign-compare -Wint-conversion -Wconditional-uninitialized -Wconstant-conversion -Wsign-conversion -Wbool-conversion -Wextra-semi -Wunreachable-code -Wcast-align -Wshift-sign-overflow -Wmissing-prototypes -Wnullable-to-nonnull-conversion -Wno-ignored-qualifiers -Wswitch-enum -Wpedantic -Wdeprecated -Wfloat-equal -Wmissing-field-initializers -Wzero-as-null-pointer-constant -Wunused-private-field -Woverloaded-virtual -Wreorder -Winconsistent-missing-destructor-override @/Users/runner/work/Pitch-Curve/Pitch-Curve/build/build/Contour.build/Release/Objects-normal/x86_64/af3fcb34312c57c0f52879cdce924b91-common-args.resp -MMD -MT dependencies -MF /Users/runner/work/Pitch-Curve/Pitch-Curve/build/build/Contour.build/Release/Objects-normal/x86_64/juce_audio_formats.d --serialize-diagnostics /Users/runner/work/Pitch-Curve/Pitch-Curve/build/build/Contour.build/Release/Objects-normal/x86_64/juce_audio_formats.dia -c /Users/runner/work/Pitch-Curve/Pitch-Curve/build/_deps/juce-src/modules/juce_audio_formats/juce_audio_formats.mm -o /Users/runner/work/Pitch-Curve/Pitch-Curve/build/build/Contour.build/Release/Objects-normal/x86_64/juce_audio_formats.o

CompileC /Users/runner/work/Pitch-Curve/Pitch-Curve/build/build/Contour.build/Release/Objects-normal/x86_64/juce_audio_devices.o /Users/runner/work/Pitch-Curve/Pitch-Curve/build/_deps/juce-src/modules/juce_audio_devices/juce_audio_devices.mm normal x86_64 objective-c++ com.apple.compilers.llvm.clang.1_0.compiler (in target 'Contour' from project 'Contour')
    cd /Users/runner/work/Pitch-Curve/Pitch-Curve
    
    Using response file: /Users/runner/work/Pitch-Curve/Pitch-Curve/build/build/Contour.build/Release/Objects-normal/x86_64/af3fcb34312c57c0f52879cdce924b91-common-args.resp
    
    /Applications/Xcode_16.4.app/Contents/Developer/Toolchains/XcodeDefault.xctoolchain/usr/bin/clang -x objective-c++ -ivfsstatcache /var/folders/nj/vtw8zd2j31d1gdrtntc5y4600000gn/C/com.apple.DeveloperTools/16.4-16F6/Xcode/SDKStatCaches.noindex/macosx15.5-24F74-a403186ba963133a54a0e0cacd566b0b.sdkstatcache -fmessage-length\=0 -fdiagnostics-show-note-include-stack -fmacro-backtrace-limit\=0 -fno-color-diagnostics -Wno-trigraphs -Wno-missing-field-initializers -Wno-missing-prototypes -Wno-return-type -Wno-implicit-atomic-properties -Wno-objc-interface-ivars -Wno-arc-repeated-use-of-weak -Wno-non-virtual-dtor -Wno-overloaded-virtual -Wno-exit-time-destructors -Wno-missing-braces -Wparentheses -Wswitch -Wno-unused-function -Wno-unused-label -Wno-unused-parameter -Wno-unused-variable -Wunused-value -Wno-empty-body -Wno-uninitialized -Wno-unknown-pragmas -Wno-shadow -Wno-four-char-constants -Wno-conversion -Wno-constant-conversion -Wno-int-conversion -Wno-bool-conversion -Wno-enum-conversion -Wno-float-conversion -Wno-non-literal-null-conversion -Wno-objc-literal-conversion -Wshorten-64-to-32 -Wno-newline-eof -Wno-selector -Wno-strict-selector-match -Wno-undeclared-selector -Wno-deprecated-implementations -Wno-c++11-extensions -Wno-implicit-fallthrough -fstrict-aliasing -Wprotocol -Wdeprecated-declarations -Winvalid-offsetof -Wno-sign-conversion -Wno-infinite-recursion -Wno-move -Wno-comma -Wno-block-capture-autoreleasing -Wno-strict-prototypes -Wno-range-loop-analysis -Wno-semicolon-before-method-body -flto -Wall -Wshadow-all -Wshorten-64-to-32 -Wstrict-aliasing -Wuninitialized -Wunused-parameter -Wconversion -Wsign-compare -Wint-conversion -Wconditional-uninitialized -Wconstant-conversion -Wsign-conversion -Wbool-conversion -Wextra-semi -Wunreachable-code -Wcast-align -Wshift-sign-overflow -Wmissing-prototypes -Wnullable-to-nonnull-conversion -Wno-ignored-qualifiers -Wswitch-enum -Wpedantic -Wdeprecated -Wfloat-equal -Wmissing-field-initializers -Wzero-as-null-pointer-constant -Wunused-private-field -Woverloaded-virtual -Wreorder -Winconsistent-missing-destructor-override @/Users/runner/work/Pitch-Curve/Pitch-Curve/build/build/Contour.build/Release/Objects-normal/x86_64/af3fcb34312c57c0f52879cdce924b91-common-args.resp -MMD -MT dependencies -MF /Users/runner/work/Pitch-Curve/Pitch-Curve/build/build/Contour.build/Release/Objects-normal/x86_64/juce_audio_devices.d --serialize-diagnostics /Users/runner/work/Pitch-Curve/Pitch-Curve/build/build/Contour.build/Release/Objects-normal/x86_64/juce_audio_devices.dia -c /Users/runner/work/Pitch-Curve/Pitch-Curve/build/_deps/juce-src/modules/juce_audio_devices/juce_audio_devices.mm -o /Users/runner/work/Pitch-Curve/Pitch-Curve/build/build/Contour.build/Release/Objects-normal/x86_64/juce_audio_devices.o

CompileC /Users/runner/work/Pitch-Curve/Pitch-Curve/build/build/Contour.build/Release/Objects-normal/x86_64/juce_audio_basics.o /Users/runner/work/Pitch-Curve/Pitch-Curve/build/_deps/juce-src/modules/juce_audio_basics/juce_audio_basics.mm normal x86_64 objective-c++ com.apple.compilers.llvm.clang.1_0.compiler (in target 'Contour' from project 'Contour')
    cd /Users/runner/work/Pitch-Curve/Pitch-Curve
    
    Using response file: /Users/runner/work/Pitch-Curve/Pitch-Curve/build/build/Contour.build/Release/Objects-normal/x86_64/af3fcb34312c57c0f52879cdce924b91-common-args.resp
    
    /Applications/Xcode_16.4.app/Contents/Developer/Toolchains/XcodeDefault.xctoolchain/usr/bin/clang -x objective-c++ -ivfsstatcache /var/folders/nj/vtw8zd2j31d1gdrtntc5y4600000gn/C/com.apple.DeveloperTools/16.4-16F6/Xcode/SDKStatCaches.noindex/macosx15.5-24F74-a403186ba963133a54a0e0cacd566b0b.sdkstatcache -fmessage-length\=0 -fdiagnostics-show-note-include-stack -fmacro-backtrace-limit\=0 -fno-color-diagnostics -Wno-trigraphs -Wno-missing-field-initializers -Wno-missing-prototypes -Wno-return-type -Wno-implicit-atomic-properties -Wno-objc-interface-ivars -Wno-arc-repeated-use-of-weak -Wno-non-virtual-dtor -Wno-overloaded-virtual -Wno-exit-time-destructors -Wno-missing-braces -Wparentheses -Wswitch -Wno-unused-function -Wno-unused-label -Wno-unused-parameter -Wno-unused-variable -Wunused-value -Wno-empty-body -Wno-uninitialized -Wno-unknown-pragmas -Wno-shadow -Wno-four-char-constants -Wno-conversion -Wno-constant-conversion -Wno-int-conversion -Wno-bool-conversion -Wno-enum-conversion -Wno-float-conversion -Wno-non-literal-null-conversion -Wno-objc-literal-conversion -Wshorten-64-to-32 -Wno-newline-eof -Wno-selector -Wno-strict-selector-match -Wno-undeclared-selector -Wno-deprecated-implementations -Wno-c++11-extensions -Wno-implicit-fallthrough -fstrict-aliasing -Wprotocol -Wdeprecated-declarations -Winvalid-offsetof -Wno-sign-conversion -Wno-infinite-recursion -Wno-move -Wno-comma -Wno-block-capture-autoreleasing -Wno-strict-prototypes -Wno-range-loop-analysis -Wno-semicolon-before-method-body -flto -Wall -Wshadow-all -Wshorten-64-to-32 -Wstrict-aliasing -Wuninitialized -Wunused-parameter -Wconversion -Wsign-compare -Wint-conversion -Wconditional-uninitialized -Wconstant-conversion -Wsign-conversion -Wbool-conversion -Wextra-semi -Wunreachable-code -Wcast-align -Wshift-sign-overflow -Wmissing-prototypes -Wnullable-to-nonnull-conversion -Wno-ignored-qualifiers -Wswitch-enum -Wpedantic -Wdeprecated -Wfloat-equal -Wmissing-field-initializers -Wzero-as-null-pointer-constant -Wunused-private-field -Woverloaded-virtual -Wreorder -Winconsistent-missing-destructor-override @/Users/runner/work/Pitch-Curve/Pitch-Curve/build/build/Contour.build/Release/Objects-normal/x86_64/af3fcb34312c57c0f52879cdce924b91-common-args.resp -MMD -MT dependencies -MF /Users/runner/work/Pitch-Curve/Pitch-Curve/build/build/Contour.build/Release/Objects-normal/x86_64/juce_audio_basics.d --serialize-diagnostics /Users/runner/work/Pitch-Curve/Pitch-Curve/build/build/Contour.build/Release/Objects-normal/x86_64/juce_audio_basics.dia -c /Users/runner/work/Pitch-Curve/Pitch-Curve/build/_deps/juce-src/modules/juce_audio_basics/juce_audio_basics.mm -o /Users/runner/work/Pitch-Curve/Pitch-Curve/build/build/Contour.build/Release/Objects-normal/x86_64/juce_audio_basics.o

CompileC /Users/runner/work/Pitch-Curve/Pitch-Curve/build/build/Contour.build/Release/Objects-normal/x86_64/PluginProcessor.o /Users/runner/work/Pitch-Curve/Pitch-Curve/Source/PluginProcessor.cpp normal x86_64 c++ com.apple.compilers.llvm.clang.1_0.compiler (in target 'Contour' from project 'Contour')
    cd /Users/runner/work/Pitch-Curve/Pitch-Curve
    
    Using response file: /Users/runner/work/Pitch-Curve/Pitch-Curve/build/build/Contour.build/Release/Objects-normal/x86_64/82b82416624d2658e5098eb0a28c15c5-common-args.resp
    
    /Applications/Xcode_16.4.app/Contents/Developer/Toolchains/XcodeDefault.xctoolchain/usr/bin/clang -x c++ -ivfsstatcache /var/folders/nj/vtw8zd2j31d1gdrtntc5y4600000gn/C/com.apple.DeveloperTools/16.4-16F6/Xcode/SDKStatCaches.noindex/macosx15.5-24F74-a403186ba963133a54a0e0cacd566b0b.sdkstatcache -fmessage-length\=0 -fdiagnostics-show-note-include-stack -fmacro-backtrace-limit\=0 -fno-color-diagnostics -Wno-trigraphs -Wno-missing-field-initializers -Wno-missing-prototypes -Wno-return-type -Wno-non-virtual-dtor -Wno-overloaded-virtual -Wno-exit-time-destructors -Wno-missing-braces -Wparentheses -Wswitch -Wno-unused-function -Wno-unused-label -Wno-unused-parameter -Wno-unused-variable -Wunused-value -Wno-empty-body -Wno-uninitialized -Wno-unknown-pragmas -Wno-shadow -Wno-four-char-constants -Wno-conversion -Wno-constant-conversion -Wno-int-conversion -Wno-bool-conversion -Wno-enum-conversion -Wno-float-conversion -Wno-non-literal-null-conversion -Wno-objc-literal-conversion -Wshorten-64-to-32 -Wno-newline-eof -Wno-c++11-extensions -Wno-implicit-fallthrough -fstrict-aliasing -Wdeprecated-declarations -Winvalid-offsetof -Wno-sign-conversion -Wno-infinite-recursion -Wno-move -Wno-comma -Wno-block-capture-autoreleasing -Wno-strict-prototypes -Wno-range-loop-analysis -Wno-semicolon-before-method-body -flto -Wall -Wshadow-all -Wshorten-64-to-32 -Wstrict-aliasing -Wuninitialized -Wunused-parameter -Wconversion -Wsign-compare -Wint-conversion -Wconditional-uninitialized -Wconstant-conversion -Wsign-conversion -Wbool-conversion -Wextra-semi -Wunreachable-code -Wcast-align -Wshift-sign-overflow -Wmissing-prototypes -Wnullable-to-nonnull-conversion -Wno-ignored-qualifiers -Wswitch-enum -Wpedantic -Wdeprecated -Wfloat-equal -Wmissing-field-initializers -Wzero-as-null-pointer-constant -Wunused-private-field -Woverloaded-virtual -Wreorder -Winconsistent-missing-destructor-override @/Users/runner/work/Pitch-Curve/Pitch-Curve/build/build/Contour.build/Release/Objects-normal/x86_64/82b82416624d2658e5098eb0a28c15c5-common-args.resp -MMD -MT dependencies -MF /Users/runner/work/Pitch-Curve/Pitch-Curve/build/build/Contour.build/Release/Objects-normal/x86_64/PluginProcessor.d --serialize-diagnostics /Users/runner/work/Pitch-Curve/Pitch-Curve/build/build/Contour.build/Release/Objects-normal/x86_64/PluginProcessor.dia -c /Users/runner/work/Pitch-Curve/Pitch-Curve/Source/PluginProcessor.cpp -o /Users/runner/work/Pitch-Curve/Pitch-Curve/build/build/Contour.build/Release/Objects-normal/x86_64/PluginProcessor.o
In file included from /Users/runner/work/Pitch-Curve/Pitch-Curve/Source/PluginProcessor.cpp:1:
In file included from /Users/runner/work/Pitch-Curve/Pitch-Curve/Source/PluginProcessor.h:5:
In file included from /Users/runner/work/Pitch-Curve/Pitch-Curve/build/_deps/signalsmith_stretch-src/include/signalsmith-stretch/signalsmith-stretch.h:1:
In file included from /Users/runner/work/Pitch-Curve/Pitch-Curve/build/_deps/signalsmith_stretch-src/include/signalsmith-stretch/../../signalsmith-stretch.h:4:
In file included from /Users/runner/work/Pitch-Curve/Pitch-Curve/build/_deps/signalsmith-linear-src/include/signalsmith-linear/stft.h:1:
In file included from /Users/runner/work/Pitch-Curve/Pitch-Curve/build/_deps/signalsmith-linear-src/include/signalsmith-linear/../../stft.h:4:
/Users/runner/work/Pitch-Curve/Pitch-Curve/build/_deps/signalsmith-linear-src/include/signalsmith-linear/../.././fft.h:175:91: warning: declaration shadows a field of 'SimpleFFT<Sample>' [-Wshadow]
  175 |         void fftPass(size_t size, size_t stride, const Complex *input, Complex *output, Complex *working) {
      |                                                                                                  ^
/Users/runner/work/Pitch-Curve/Pitch-Curve/build/_deps/signalsmith-linear-src/include/signalsmith-linear/../.././fft.h:160:23: note: previous declaration is here
  160 |         std::vector<Complex> working;
      |                              ^
/Users/runner/work/Pitch-Curve/Pitch-Curve/build/_deps/signalsmith-linear-src/include/signalsmith-linear/../.././fft.h:815:13: warning: declaration shadows a local variable [-Wshadow]
  815 |                                 Complex sum = dftTmp[0];
      |                                         ^
/Users/runner/work/Pitch-Curve/Pitch-Curve/build/_deps/signalsmith-linear-src/include/signalsmith-linear/../.././fft.h:808:12: note: previous declaration is here
  808 |                         Complex sum = 0;
      |                                 ^
/Users/runner/work/Pitch-Curve/Pitch-Curve/build/_deps/signalsmith-linear-src/include/signalsmith-linear/../.././fft.h:846:12: warning: declaration shadows a local variable [-Wshadow]
  846 |                                 Sample sumR = *tmpR, sumI = *tmpI;
      |                                        ^
/Users/runner/work/Pitch-Curve/Pitch-Curve/build/_deps/signalsmith-linear-src/include/signalsmith-linear/../.././fft.h:837:11: note: previous declaration is here
  837 |                         Sample sumR = 0, sumI = 0;
      |                                ^
/Users/runner/work/Pitch-Curve/Pitch-Curve/build/_deps/signalsmith-linear-src/include/signalsmith-linear/../.././fft.h:846:26: warning: declaration shadows a local variable [-Wshadow]
  846 |                                 Sample sumR = *tmpR, sumI = *tmpI;
      |                                                      ^
/Users/runner/work/Pitch-Curve/Pitch-Curve/build/_deps/signalsmith-linear-src/include/signalsmith-linear/../.././fft.h:837:21: note: previous declaration is here
  837 |                         Sample sumR = 0, sumI = 0;
      |                                          ^
/Users/runner/work/Pitch-Curve/Pitch-Curve/build/_deps/signalsmith-linear-src/include/signalsmith-linear/../.././fft.h:1005:12: warning: declaration shadows a local variable [-Wshadow]
 1005 |                                 size_t hSize = complexFft.size();
      |                                        ^
/Users/runner/work/Pitch-Curve/Pitch-Curve/build/_deps/signalsmith-linear-src/include/signalsmith-linear/../.././fft.h:1001:11: note: previous declaration is here
 1001 |                         size_t hSize = complexFft.size();
      |                                ^
/Users/runner/work/Pitch-Curve/Pitch-Curve/build/_deps/signalsmith-linear-src/include/signalsmith-linear/../.././fft.h:1115:11: warning: declaration shadows a local variable [-Wshadow]
 1115 |                         size_t hSize = complexFft.size();
      |                                ^
/Users/runner/work/Pitch-Curve/Pitch-Curve/build/_deps/signalsmith-linear-src/include/signalsmith-linear/../.././fft.h:1111:10: note: previous declaration is here
 1111 |                 size_t hSize = complexFft.size();
      |                        ^
/Users/runner/work/Pitch-Curve/Pitch-Curve/build/_deps/signalsmith-linear-src/include/signalsmith-linear/../.././fft.h:1212:12: warning: declaration shadows a local variable [-Wshadow]
 1212 |                                 size_t hSize = complexFft.size();
      |                                        ^
/Users/runner/work/Pitch-Curve/Pitch-Curve/build/_deps/signalsmith-linear-src/include/signalsmith-linear/../.././fft.h:1173:11: note: previous declaration is here
 1173 |                         size_t hSize = complexFft.size();
      |                                ^
In file included from /Users/runner/work/Pitch-Curve/Pitch-Curve/Source/PluginProcessor.cpp:1:
In file included from /Users/runner/work/Pitch-Curve/Pitch-Curve/Source/PluginProcessor.h:5:
In file included from /Users/runner/work/Pitch-Curve/Pitch-Curve/build/_deps/signalsmith_stretch-src/include/signalsmith-stretch/signalsmith-stretch.h:1:
In file included from /Users/runner/work/Pitch-Curve/Pitch-Curve/build/_deps/signalsmith_stretch-src/include/signalsmith-stretch/../../signalsmith-stretch.h:4:
In file included from /Users/runner/work/Pitch-Curve/Pitch-Curve/build/_deps/signalsmith-linear-src/include/signalsmith-linear/stft.h:1:
In file included from /Users/runner/work/Pitch-Curve/Pitch-Curve/build/_deps/signalsmith-linear-src/include/signalsmith-linear/../../stft.h:4:
In file included from /Users/runner/work/Pitch-Curve/Pitch-Curve/build/_deps/signalsmith-linear-src/include/signalsmith-linear/../.././fft.h:1366:
In file included from /Users/runner/work/Pitch-Curve/Pitch-Curve/build/_deps/signalsmith-linear-src/include/signalsmith-linear/../../././platform/fft-accelerate.h:3:
In file included from /Applications/Xcode_16.4.app/Contents/Developer/Platforms/MacOSX.platform/Developer/SDKs/MacOSX15.5.sdk/System/Library/Frameworks/vecLib.framework/Headers/vecLib.h:99:
In file included from /Applications/Xcode_16.4.app/Contents/Developer/Platforms/MacOSX.platform/Developer/SDKs/MacOSX15.5.sdk/System/Library/Frameworks/vecLib.framework/Headers/Sparse/Solve.h:279:
In file included from /Applications/Xcode_16.4.app/Contents/Developer/Platforms/MacOSX.platform/Developer/SDKs/MacOSX15.5.sdk/System/Library/Frameworks/Accelerate.framework/Headers/Accelerate.h:28:
In file included from /Applications/Xcode_16.4.app/Contents/Developer/Platforms/MacOSX.platform/Developer/SDKs/MacOSX15.5.sdk/System/Library/Frameworks/Accelerate.framework/Frameworks/vImage.framework/Headers/vImage.h:291:
In file included from /Applications/Xcode_16.4.app/Contents/Developer/Platforms/MacOSX.platform/Developer/SDKs/MacOSX15.5.sdk/System/Library/Frameworks/Accelerate.framework/Frameworks/vImage.framework/Headers/vImage_Utilities.h:26:
In file included from /Applications/Xcode_16.4.app/Contents/Developer/Platforms/MacOSX.platform/Developer/SDKs/MacOSX15.5.sdk/System/Library/Frameworks/CoreGraphics.framework/Headers/CoreGraphics.h:8:
In file included from /Applications/Xcode_16.4.app/Contents/Developer/Platforms/MacOSX.platform/Developer/SDKs/MacOSX15.5.sdk/System/Library/Frameworks/CoreGraphics.framework/Headers/CGBase.h:12:
In file included from /Applications/Xcode_16.4.app/Contents/Developer/Platforms/MacOSX.platform/Developer/SDKs/MacOSX15.5.sdk/System/Library/Frameworks/CoreFoundation.framework/Headers/CFBase.h:80:
/Applications/Xcode_16.4.app/Contents/Developer/Platforms/MacOSX.platform/Developer/SDKs/MacOSX15.5.sdk/usr/include/MacTypes.h:548:16: error: reference to 'Point' is ambiguous
  548 | typedef struct Point                    Point;
      |                ^
/Applications/Xcode_16.4.app/Contents/Developer/Platforms/MacOSX.platform/Developer/SDKs/MacOSX15.5.sdk/usr/include/MacTypes.h:544:8: note: candidate found by name lookup is 'Point'
  544 | struct Point {
      |        ^
In file included from /Users/runner/work/Pitch-Curve/Pitch-Curve/Source/PluginProcessor.cpp:1:
In file included from /Users/runner/work/Pitch-Curve/Pitch-Curve/Source/PluginProcessor.h:3:
In file included from /Users/runner/work/Pitch-Curve/Pitch-Curve/build/Contour_artefacts/JuceLibraryCode/JuceHeader.h:15:
In file included from /Users/runner/work/Pitch-Curve/Pitch-Curve/build/_deps/juce-src/modules/juce_audio_processors/juce_audio_processors.h:66:
In file included from /Users/runner/work/Pitch-Curve/Pitch-Curve/build/_deps/juce-src/modules/juce_gui_basics/juce_gui_basics.h:68:
In file included from /Users/runner/work/Pitch-Curve/Pitch-Curve/build/_deps/juce-src/modules/juce_graphics/juce_graphics.h:115:
/Users/runner/work/Pitch-Curve/Pitch-Curve/build/_deps/juce-src/modules/juce_graphics/geometry/juce_Point.h:50:7: note: candidate found by name lookup is 'juce::Point'
   50 | class Point
      |       ^
In file included from /Users/runner/work/Pitch-Curve/Pitch-Curve/Source/PluginProcessor.cpp:1:
In file included from /Users/runner/work/Pitch-Curve/Pitch-Curve/Source/PluginProcessor.h:5:
In file included from /Users/runner/work/Pitch-Curve/Pitch-Curve/build/_deps/signalsmith_stretch-src/include/signalsmith-stretch/signalsmith-stretch.h:1:
In file included from /Users/runner/work/Pitch-Curve/Pitch-Curve/build/_deps/signalsmith_stretch-src/include/signalsmith-stretch/../../signalsmith-stretch.h:4:
In file included from /Users/runner/work/Pitch-Curve/Pitch-Curve/build/_deps/signalsmith-linear-src/include/signalsmith-linear/stft.h:1:
In file included from /Users/runner/work/Pitch-Curve/Pitch-Curve/build/_deps/signalsmith-linear-src/include/signalsmith-linear/../../stft.h:4:
In file included from /Users/runner/work/Pitch-Curve/Pitch-Curve/build/_deps/signalsmith-linear-src/include/signalsmith-linear/../.././fft.h:1366:
In file included from /Users/runner/work/Pitch-Curve/Pitch-Curve/build/_deps/signalsmith-linear-src/include/signalsmith-linear/../../././platform/fft-accelerate.h:3:
In file included from /Applications/Xcode_16.4.app/Contents/Developer/Platforms/MacOSX.platform/Developer/SDKs/MacOSX15.5.sdk/System/Library/Frameworks/vecLib.framework/Headers/vecLib.h:99:
In file included from /Applications/Xcode_16.4.app/Contents/Developer/Platforms/MacOSX.platform/Developer/SDKs/MacOSX15.5.sdk/System/Library/Frameworks/vecLib.framework/Headers/Sparse/Solve.h:279:
In file included from /Applications/Xcode_16.4.app/Contents/Developer/Platforms/MacOSX.platform/Developer/SDKs/MacOSX15.5.sdk/System/Library/Frameworks/Accelerate.framework/Headers/Accelerate.h:28:
In file included from /Applications/Xcode_16.4.app/Contents/Developer/Platforms/MacOSX.platform/Developer/SDKs/MacOSX15.5.sdk/System/Library/Frameworks/Accelerate.framework/Frameworks/vImage.framework/Headers/vImage.h:291:
In file included from /Applications/Xcode_16.4.app/Contents/Developer/Platforms/MacOSX.platform/Developer/SDKs/MacOSX15.5.sdk/System/Library/Frameworks/Accelerate.framework/Frameworks/vImage.framework/Headers/vImage_Utilities.h:26:
In file included from /Applications/Xcode_16.4.app/Contents/Developer/Platforms/MacOSX.platform/Developer/SDKs/MacOSX15.5.sdk/System/Library/Frameworks/CoreGraphics.framework/Headers/CoreGraphics.h:8:
In file included from /Applications/Xcode_16.4.app/Contents/Developer/Platforms/MacOSX.platform/Developer/SDKs/MacOSX15.5.sdk/System/Library/Frameworks/CoreGraphics.framework/Headers/CGBase.h:12:
In file included from /Applications/Xcode_16.4.app/Contents/Developer/Platforms/MacOSX.platform/Developer/SDKs/MacOSX15.5.sdk/System/Library/Frameworks/CoreFoundation.framework/Headers/CFBase.h:80:
/Applications/Xcode_16.4.app/Contents/Developer/Platforms/MacOSX.platform/Developer/SDKs/MacOSX15.5.sdk/usr/include/MacTypes.h:549:9: error: reference to 'Point' is ambiguous
  549 | typedef Point *                         PointPtr;
      |         ^
In file included from /Users/runner/work/Pitch-Curve/Pitch-Curve/Source/PluginProcessor.cpp:1:
In file included from /Users/runner/work/Pitch-Curve/Pitch-Curve/Source/PluginProcessor.h:3:
In file included from /Users/runner/work/Pitch-Curve/Pitch-Curve/build/Contour_artefacts/JuceLibraryCode/JuceHeader.h:15:
In file included from /Users/runner/work/Pitch-Curve/Pitch-Curve/build/_deps/juce-src/modules/juce_audio_processors/juce_audio_processors.h:66:
In file included from /Users/runner/work/Pitch-Curve/Pitch-Curve/build/_deps/juce-src/modules/juce_gui_basics/juce_gui_basics.h:68:
In file included from /Users/runner/work/Pitch-Curve/Pitch-Curve/build/_deps/juce-src/modules/juce_graphics/juce_graphics.h:115:
/Users/runner/work/Pitch-Curve/Pitch-Curve/build/_deps/juce-src/modules/juce_graphics/geometry/juce_Point.h:50:7: note: candidate found by name lookup is 'juce::Point'
   50 | class Point
      |       ^
In file included from /Users/runner/work/Pitch-Curve/Pitch-Curve/Source/PluginProcessor.cpp:1:
In file included from /Users/runner/work/Pitch-Curve/Pitch-Curve/Source/PluginProcessor.h:5:
In file included from /Users/runner/work/Pitch-Curve/Pitch-Curve/build/_deps/signalsmith_stretch-src/include/signalsmith-stretch/signalsmith-stretch.h:1:
In file included from /Users/runner/work/Pitch-Curve/Pitch-Curve/build/_deps/signalsmith_stretch-src/include/signalsmith-stretch/../../signalsmith-stretch.h:4:
In file included from /Users/runner/work/Pitch-Curve/Pitch-Curve/build/_deps/signalsmith-linear-src/include/signalsmith-linear/stft.h:1:
In file included from /Users/runner/work/Pitch-Curve/Pitch-Curve/build/_deps/signalsmith-linear-src/include/signalsmith-linear/../../stft.h:4:
In file included from /Users/runner/work/Pitch-Curve/Pitch-Curve/build/_deps/signalsmith-linear-src/include/signalsmith-linear/../.././fft.h:1366:
In file included from /Users/runner/work/Pitch-Curve/Pitch-Curve/build/_deps/signalsmith-linear-src/include/signalsmith-linear/../../././platform/fft-accelerate.h:3:
In file included from /Applications/Xcode_16.4.app/Contents/Developer/Platforms/MacOSX.platform/Developer/SDKs/MacOSX15.5.sdk/System/Library/Frameworks/vecLib.framework/Headers/vecLib.h:99:
In file included from /Applications/Xcode_16.4.app/Contents/Developer/Platforms/MacOSX.platform/Developer/SDKs/MacOSX15.5.sdk/System/Library/Frameworks/vecLib.framework/Headers/Sparse/Solve.h:279:
In file included from /Applications/Xcode_16.4.app/Contents/Developer/Platforms/MacOSX.platform/Developer/SDKs/MacOSX15.5.sdk/System/Library/Frameworks/Accelerate.framework/Headers/Accelerate.h:28:
In file included from /Applications/Xcode_16.4.app/Contents/Developer/Platforms/MacOSX.platform/Developer/SDKs/MacOSX15.5.sdk/System/Library/Frameworks/Accelerate.framework/Frameworks/vImage.framework/Headers/vImage.h:291:
In file included from /Applications/Xcode_16.4.app/Contents/Developer/Platforms/MacOSX.platform/Developer/SDKs/MacOSX15.5.sdk/System/Library/Frameworks/Accelerate.framework/Frameworks/vImage.framework/Headers/vImage_Utilities.h:26:
In file included from /Applications/Xcode_16.4.app/Contents/Developer/Platforms/MacOSX.platform/Developer/SDKs/MacOSX15.5.sdk/System/Library/Frameworks/CoreGraphics.framework/Headers/CoreGraphics.h:8:
In file included from /Applications/Xcode_16.4.app/Contents/Developer/Platforms/MacOSX.platform/Developer/SDKs/MacOSX15.5.sdk/System/Library/Frameworks/CoreGraphics.framework/Headers/CGBase.h:12:
In file included from /Applications/Xcode_16.4.app/Contents/Developer/Platforms/MacOSX.platform/Developer/SDKs/MacOSX15.5.sdk/System/Library/Frameworks/CoreFoundation.framework/Headers/CFBase.h:80:
/Applications/Xcode_16.4.app/Contents/Developer/Platforms/MacOSX.platform/Developer/SDKs/MacOSX15.5.sdk/usr/include/MacTypes.h:544:8: note: candidate found by name lookup is 'Point'
  544 | struct Point {
      |        ^
/Applications/Xcode_16.4.app/Contents/Developer/Platforms/MacOSX.platform/Developer/SDKs/MacOSX15.5.sdk/usr/include/MacTypes.h:549:9: error: use of class template 'Point' requires template arguments; argument deduction not allowed in typedef
  549 | typedef Point *                         PointPtr;
      |         ^~~~~
In file included from /Users/runner/work/Pitch-Curve/Pitch-Curve/Source/PluginProcessor.cpp:1:
In file included from /Users/runner/work/Pitch-Curve/Pitch-Curve/Source/PluginProcessor.h:3:
In file included from /Users/runner/work/Pitch-Curve/Pitch-Curve/build/Contour_artefacts/JuceLibraryCode/JuceHeader.h:15:
In file included from /Users/runner/work/Pitch-Curve/Pitch-Curve/build/_deps/juce-src/modules/juce_audio_processors/juce_audio_processors.h:66:
In file included from /Users/runner/work/Pitch-Curve/Pitch-Curve/build/_deps/juce-src/modules/juce_gui_basics/juce_gui_basics.h:68:
In file included from /Users/runner/work/Pitch-Curve/Pitch-Curve/build/_deps/juce-src/modules/juce_graphics/juce_graphics.h:115:
/Users/runner/work/Pitch-Curve/Pitch-Curve/build/_deps/juce-src/modules/juce_graphics/geometry/juce_Point.h:50:7: note: template is declared here
   50 | class Point
      |       ^
In file included from /Users/runner/work/Pitch-Curve/Pitch-Curve/Source/PluginProcessor.cpp:1:
In file included from /Users/runner/work/Pitch-Curve/Pitch-Curve/Source/PluginProcessor.h:5:
In file included from /Users/runner/work/Pitch-Curve/Pitch-Curve/build/_deps/signalsmith_stretch-src/include/signalsmith-stretch/signalsmith-stretch.h:1:
In file included from /Users/runner/work/Pitch-Curve/Pitch-Curve/build/_deps/signalsmith_stretch-src/include/signalsmith-stretch/../../signalsmith-stretch.h:4:
In file included from /Users/runner/work/Pitch-Curve/Pitch-Curve/build/_deps/signalsmith-linear-src/include/signalsmith-linear/stft.h:1:
In file included from /Users/runner/work/Pitch-Curve/Pitch-Curve/build/_deps/signalsmith-linear-src/include/signalsmith-linear/../../stft.h:4:
In file included from /Users/runner/work/Pitch-Curve/Pitch-Curve/build/_deps/signalsmith-linear-src/include/signalsmith-linear/../.././fft.h:1366:
In file included from /Users/runner/work/Pitch-Curve/Pitch-Curve/build/_deps/signalsmith-linear-src/include/signalsmith-linear/../../././platform/fft-accelerate.h:3:
In file included from /Applications/Xcode_16.4.app/Contents/Developer/Platforms/MacOSX.platform/Developer/SDKs/MacOSX15.5.sdk/System/Library/Frameworks/vecLib.framework/Headers/vecLib.h:99:
In file included from /Applications/Xcode_16.4.app/Contents/Developer/Platforms/MacOSX.platform/Developer/SDKs/MacOSX15.5.sdk/System/Library/Frameworks/vecLib.framework/Headers/Sparse/Solve.h:279:
In file included from /Applications/Xcode_16.4.app/Contents/Developer/Platforms/MacOSX.platform/Developer/SDKs/MacOSX15.5.sdk/System/Library/Frameworks/Accelerate.framework/Headers/Accelerate.h:28:
In file included from /Applications/Xcode_16.4.app/Contents/Developer/Platforms/MacOSX.platform/Developer/SDKs/MacOSX15.5.sdk/System/Library/Frameworks/Accelerate.framework/Frameworks/vImage.framework/Headers/vImage.h:296:
In file included from /Applications/Xcode_16.4.app/Contents/Developer/Platforms/MacOSX.platform/Developer/SDKs/MacOSX15.5.sdk/System/Library/Frameworks/Accelerate.framework/Frameworks/vImage.framework/Headers/vImage_CVUtilities.h:48:
In file included from /Applications/Xcode_16.4.app/Contents/Developer/Platforms/MacOSX.platform/Developer/SDKs/MacOSX15.5.sdk/System/Library/Frameworks/CoreVideo.framework/Headers/CVPixelBuffer.h:23:
In file included from /Applications/Xcode_16.4.app/Contents/Developer/Platforms/MacOSX.platform/Developer/SDKs/MacOSX15.5.sdk/System/Library/Frameworks/CoreVideo.framework/Headers/CVImageBuffer.h:29:
In file included from /Applications/Xcode_16.4.app/Contents/Developer/Platforms/MacOSX.platform/Developer/SDKs/MacOSX15.5.sdk/System/Library/Frameworks/ApplicationServices.framework/Headers/ApplicationServices.h:23:
In file included from /Applications/Xcode_16.4.app/Contents/Developer/Platforms/MacOSX.platform/Developer/SDKs/MacOSX15.5.sdk/System/Library/Frameworks/CoreServices.framework/Headers/CoreServices.h:23:
In file included from /Applications/Xcode_16.4.app/Contents/Developer/Platforms/MacOSX.platform/Developer/SDKs/MacOSX15.5.sdk/System/Library/Frameworks/CoreServices.framework/Frameworks/AE.framework/Headers/AE.h:20:
In file included from /Applications/Xcode_16.4.app/Contents/Developer/Platforms/MacOSX.platform/Developer/SDKs/MacOSX15.5.sdk/System/Library/Frameworks/CoreServices.framework/Frameworks/CarbonCore.framework/Headers/CarbonCore.h:31:
/Applications/Xcode_16.4.app/Contents/Developer/Platforms/MacOSX.platform/Developer/SDKs/MacOSX15.5.sdk/System/Library/Frameworks/CoreServices.framework/Frameworks/CarbonCore.framework/Headers/Finder.h:240:3: error: reference to 'Point' is ambiguous
  240 |   Point               location;               /* File's location in the folder */
      |   ^
In file included from /Users/runner/work/Pitch-Curve/Pitch-Curve/Source/PluginProcessor.cpp:1:
In file included from /Users/runner/work/Pitch-Curve/Pitch-Curve/Source/PluginProcessor.h:3:
In file included from /Users/runner/work/Pitch-Curve/Pitch-Curve/build/Contour_artefacts/JuceLibraryCode/JuceHeader.h:15:
In file included from /Users/runner/work/Pitch-Curve/Pitch-Curve/build/_deps/juce-src/modules/juce_audio_processors/juce_audio_processors.h:66:
In file included from /Users/runner/work/Pitch-Curve/Pitch-Curve/build/_deps/juce-src/modules/juce_gui_basics/juce_gui_basics.h:68:
In file included from /Users/runner/work/Pitch-Curve/Pitch-Curve/build/_deps/juce-src/modules/juce_graphics/juce_graphics.h:115:
/Users/runner/work/Pitch-Curve/Pitch-Curve/build/_deps/juce-src/modules/juce_graphics/geometry/juce_Point.h:50:7: note: candidate found by name lookup is 'juce::Point'
   50 | class Point
      |       ^
In file included from /Users/runner/work/Pitch-Curve/Pitch-Curve/Source/PluginProcessor.cpp:1:
In file included from /Users/runner/work/Pitch-Curve/Pitch-Curve/Source/PluginProcessor.h:5:
In file included from /Users/runner/work/Pitch-Curve/Pitch-Curve/build/_deps/signalsmith_stretch-src/include/signalsmith-stretch/signalsmith-stretch.h:1:
In file included from /Users/runner/work/Pitch-Curve/Pitch-Curve/build/_deps/signalsmith_stretch-src/include/signalsmith-stretch/../../signalsmith-stretch.h:4:
In file included from /Users/runner/work/Pitch-Curve/Pitch-Curve/build/_deps/signalsmith-linear-src/include/signalsmith-linear/stft.h:1:
In file included from /Users/runner/work/Pitch-Curve/Pitch-Curve/build/_deps/signalsmith-linear-src/include/signalsmith-linear/../../stft.h:4:
In file included from /Users/runner/work/Pitch-Curve/Pitch-Curve/build/_deps/signalsmith-linear-src/include/signalsmith-linear/../.././fft.h:1366:
In file included from /Users/runner/work/Pitch-Curve/Pitch-Curve/build/_deps/signalsmith-linear-src/include/signalsmith-linear/../../././platform/fft-accelerate.h:3:
In file included from /Applications/Xcode_16.4.app/Contents/Developer/Platforms/MacOSX.platform/Developer/SDKs/MacOSX15.5.sdk/System/Library/Frameworks/vecLib.framework/Headers/vecLib.h:99:
In file included from /Applications/Xcode_16.4.app/Contents/Developer/Platforms/MacOSX.platform/Developer/SDKs/MacOSX15.5.sdk/System/Library/Frameworks/vecLib.framework/Headers/Sparse/Solve.h:279:
In file included from /Applications/Xcode_16.4.app/Contents/Developer/Platforms/MacOSX.platform/Developer/SDKs/MacOSX15.5.sdk/System/Library/Frameworks/Accelerate.framework/Headers/Accelerate.h:28:
In file included from /Applications/Xcode_16.4.app/Contents/Developer/Platforms/MacOSX.platform/Developer/SDKs/MacOSX15.5.sdk/System/Library/Frameworks/Accelerate.framework/Frameworks/vImage.framework/Headers/vImage.h:291:
In file included from /Applications/Xcode_16.4.app/Contents/Developer/Platforms/MacOSX.platform/Developer/SDKs/MacOSX15.5.sdk/System/Library/Frameworks/Accelerate.framework/Frameworks/vImage.framework/Headers/vImage_Utilities.h:26:
In file included from /Applications/Xcode_16.4.app/Contents/Developer/Platforms/MacOSX.platform/Developer/SDKs/MacOSX15.5.sdk/System/Library/Frameworks/CoreGraphics.framework/Headers/CoreGraphics.h:8:
In file included from /Applications/Xcode_16.4.app/Contents/Developer/Platforms/MacOSX.platform/Developer/SDKs/MacOSX15.5.sdk/System/Library/Frameworks/CoreGraphics.framework/Headers/CGBase.h:12:
In file included from /Applications/Xcode_16.4.app/Contents/Developer/Platforms/MacOSX.platform/Developer/SDKs/MacOSX15.5.sdk/System/Library/Frameworks/CoreFoundation.framework/Headers/CFBase.h:80:
/Applications/Xcode_16.4.app/Contents/Developer/Platforms/MacOSX.platform/Developer/SDKs/MacOSX15.5.sdk/usr/include/MacTypes.h:544:8: note: candidate found by name lookup is 'Point'
  544 | struct Point {
      |        ^
In file included from /Users/runner/work/Pitch-Curve/Pitch-Curve/Source/PluginProcessor.cpp:1:
In file included from /Users/runner/work/Pitch-Curve/Pitch-Curve/Source/PluginProcessor.h:5:
In file included from /Users/runner/work/Pitch-Curve/Pitch-Curve/build/_deps/signalsmith_stretch-src/include/signalsmith-stretch/signalsmith-stretch.h:1:
In file included from /Users/runner/work/Pitch-Curve/Pitch-Curve/build/_deps/signalsmith_stretch-src/include/signalsmith-stretch/../../signalsmith-stretch.h:4:
In file included from /Users/runner/work/Pitch-Curve/Pitch-Curve/build/_deps/signalsmith-linear-src/include/signalsmith-linear/stft.h:1:
In file included from /Users/runner/work/Pitch-Curve/Pitch-Curve/build/_deps/signalsmith-linear-src/include/signalsmith-linear/../../stft.h:4:
In file included from /Users/runner/work/Pitch-Curve/Pitch-Curve/build/_deps/signalsmith-linear-src/include/signalsmith-linear/../.././fft.h:1366:
In file included from /Users/runner/work/Pitch-Curve/Pitch-Curve/build/_deps/signalsmith-linear-src/include/signalsmith-linear/../../././platform/fft-accelerate.h:3:
In file included from /Applications/Xcode_16.4.app/Contents/Developer/Platforms/MacOSX.platform/Developer/SDKs/MacOSX15.5.sdk/System/Library/Frameworks/vecLib.framework/Headers/vecLib.h:99:
In file included from /Applications/Xcode_16.4.app/Contents/Developer/Platforms/MacOSX.platform/Developer/SDKs/MacOSX15.5.sdk/System/Library/Frameworks/vecLib.framework/Headers/Sparse/Solve.h:279:
In file included from /Applications/Xcode_16.4.app/Contents/Developer/Platforms/MacOSX.platform/Developer/SDKs/MacOSX15.5.sdk/System/Library/Frameworks/Accelerate.framework/Headers/Accelerate.h:28:
In file included from /Applications/Xcode_16.4.app/Contents/Developer/Platforms/MacOSX.platform/Developer/SDKs/MacOSX15.5.sdk/System/Library/Frameworks/Accelerate.framework/Frameworks/vImage.framework/Headers/vImage.h:296:
In file included from /Applications/Xcode_16.4.app/Contents/Developer/Platforms/MacOSX.platform/Developer/SDKs/MacOSX15.5.sdk/System/Library/Frameworks/Accelerate.framework/Frameworks/vImage.framework/Headers/vImage_CVUtilities.h:48:
In file included from /Applications/Xcode_16.4.app/Contents/Developer/Platforms/MacOSX.platform/Developer/SDKs/MacOSX15.5.sdk/System/Library/Frameworks/CoreVideo.framework/Headers/CVPixelBuffer.h:23:
In file included from /Applications/Xcode_16.4.app/Contents/Developer/Platforms/MacOSX.platform/Developer/SDKs/MacOSX15.5.sdk/System/Library/Frameworks/CoreVideo.framework/Headers/CVImageBuffer.h:29:
In file included from /Applications/Xcode_16.4.app/Contents/Developer/Platforms/MacOSX.platform/Developer/SDKs/MacOSX15.5.sdk/System/Library/Frameworks/ApplicationServices.framework/Headers/ApplicationServices.h:23:
In file included from /Applications/Xcode_16.4.app/Contents/Developer/Platforms/MacOSX.platform/Developer/SDKs/MacOSX15.5.sdk/System/Library/Frameworks/CoreServices.framework/Headers/CoreServices.h:23:
In file included from /Applications/Xcode_16.4.app/Contents/Developer/Platforms/MacOSX.platform/Developer/SDKs/MacOSX15.5.sdk/System/Library/Frameworks/CoreServices.framework/Frameworks/AE.framework/Headers/AE.h:20:
In file included from /Applications/Xcode_16.4.app/Contents/Developer/Platforms/MacOSX.platform/Developer/SDKs/MacOSX15.5.sdk/System/Library/Frameworks/CoreServices.framework/Frameworks/CarbonCore.framework/Headers/CarbonCore.h:31:
/Applications/Xcode_16.4.app/Contents/Developer/Platforms/MacOSX.platform/Developer/SDKs/MacOSX15.5.sdk/System/Library/Frameworks/CoreServices.framework/Frameworks/CarbonCore.framework/Headers/Finder.h:240:3: error: use of class template 'Point' requires template arguments; argument deduction not allowed in non-static struct member
  240 |   Point               location;               /* File's location in the folder */
      |   ^~~~~
In file included from /Users/runner/work/Pitch-Curve/Pitch-Curve/Source/PluginProcessor.cpp:1:
In file included from /Users/runner/work/Pitch-Curve/Pitch-Curve/Source/PluginProcessor.h:3:
In file included from /Users/runner/work/Pitch-Curve/Pitch-Curve/build/Contour_artefacts/JuceLibraryCode/JuceHeader.h:15:
In file included from /Users/runner/work/Pitch-Curve/Pitch-Curve/build/_deps/juce-src/modules/juce_audio_processors/juce_audio_processors.h:66:
In file included from /Users/runner/work/Pitch-Curve/Pitch-Curve/build/_deps/juce-src/modules/juce_gui_basics/juce_gui_basics.h:68:
In file included from /Users/runner/work/Pitch-Curve/Pitch-Curve/build/_deps/juce-src/modules/juce_graphics/juce_graphics.h:115:
/Users/runner/work/Pitch-Curve/Pitch-Curve/build/_deps/juce-src/modules/juce_graphics/geometry/juce_Point.h:50:7: note: template is declared here
   50 | class Point
      |       ^
In file included from /Users/runner/work/Pitch-Curve/Pitch-Curve/Source/PluginProcessor.cpp:1:
In file included from /Users/runner/work/Pitch-Curve/Pitch-Curve/Source/PluginProcessor.h:5:
In file included from /Users/runner/work/Pitch-Curve/Pitch-Curve/build/_deps/signalsmith_stretch-src/include/signalsmith-stretch/signalsmith-stretch.h:1:
In file included from /Users/runner/work/Pitch-Curve/Pitch-Curve/build/_deps/signalsmith_stretch-src/include/signalsmith-stretch/../../signalsmith-stretch.h:4:
In file included from /Users/runner/work/Pitch-Curve/Pitch-Curve/build/_deps/signalsmith-linear-src/include/signalsmith-linear/stft.h:1:
In file included from /Users/runner/work/Pitch-Curve/Pitch-Curve/build/_deps/signalsmith-linear-src/include/signalsmith-linear/../../stft.h:4:
In file included from /Users/runner/work/Pitch-Curve/Pitch-Curve/build/_deps/signalsmith-linear-src/include/signalsmith-linear/../.././fft.h:1366:
In file included from /Users/runner/work/Pitch-Curve/Pitch-Curve/build/_deps/signalsmith-linear-src/include/signalsmith-linear/../../././platform/fft-accelerate.h:3:
In file included from /Applications/Xcode_16.4.app/Contents/Developer/Platforms/MacOSX.platform/Developer/SDKs/MacOSX15.5.sdk/System/Library/Frameworks/vecLib.framework/Headers/vecLib.h:99:
In file included from /Applications/Xcode_16.4.app/Contents/Developer/Platforms/MacOSX.platform/Developer/SDKs/MacOSX15.5.sdk/System/Library/Frameworks/vecLib.framework/Headers/Sparse/Solve.h:279:
In file included from /Applications/Xcode_16.4.app/Contents/Developer/Platforms/MacOSX.platform/Developer/SDKs/MacOSX15.5.sdk/System/Library/Frameworks/Accelerate.framework/Headers/Accelerate.h:28:
In file included from /Applications/Xcode_16.4.app/Contents/Developer/Platforms/MacOSX.platform/Developer/SDKs/MacOSX15.5.sdk/System/Library/Frameworks/Accelerate.framework/Frameworks/vImage.framework/Headers/vImage.h:296:
In file included from /Applications/Xcode_16.4.app/Contents/Developer/Platforms/MacOSX.platform/Developer/SDKs/MacOSX15.5.sdk/System/Library/Frameworks/Accelerate.framework/Frameworks/vImage.framework/Headers/vImage_CVUtilities.h:48:
In file included from /Applications/Xcode_16.4.app/Contents/Developer/Platforms/MacOSX.platform/Developer/SDKs/MacOSX15.5.sdk/System/Library/Frameworks/CoreVideo.framework/Headers/CVPixelBuffer.h:23:
In file included from /Applications/Xcode_16.4.app/Contents/Developer/Platforms/MacOSX.platform/Developer/SDKs/MacOSX15.5.sdk/System/Library/Frameworks/CoreVideo.framework/Headers/CVImageBuffer.h:29:
In file included from /Applications/Xcode_16.4.app/Contents/Developer/Platforms/MacOSX.platform/Developer/SDKs/MacOSX15.5.sdk/System/Library/Frameworks/ApplicationServices.framework/Headers/ApplicationServices.h:23:
In file included from /Applications/Xcode_16.4.app/Contents/Developer/Platforms/MacOSX.platform/Developer/SDKs/MacOSX15.5.sdk/System/Library/Frameworks/CoreServices.framework/Headers/CoreServices.h:23:
In file included from /Applications/Xcode_16.4.app/Contents/Developer/Platforms/MacOSX.platform/Developer/SDKs/MacOSX15.5.sdk/System/Library/Frameworks/CoreServices.framework/Frameworks/AE.framework/Headers/AE.h:20:
In file included from /Applications/Xcode_16.4.app/Contents/Developer/Platforms/MacOSX.platform/Developer/SDKs/MacOSX15.5.sdk/System/Library/Frameworks/CoreServices.framework/Frameworks/CarbonCore.framework/Headers/CarbonCore.h:31:
/Applications/Xcode_16.4.app/Contents/Developer/Platforms/MacOSX.platform/Developer/SDKs/MacOSX15.5.sdk/System/Library/Frameworks/CoreServices.framework/Frameworks/CarbonCore.framework/Headers/Finder.h:248:3: error: reference to 'Point' is ambiguous
  248 |   Point               location;               /* Folder's location in the parent folder */
      |   ^
In file included from /Users/runner/work/Pitch-Curve/Pitch-Curve/Source/PluginProcessor.cpp:1:
In file included from /Users/runner/work/Pitch-Curve/Pitch-Curve/Source/PluginProcessor.h:3:
In file included from /Users/runner/work/Pitch-Curve/Pitch-Curve/build/Contour_artefacts/JuceLibraryCode/JuceHeader.h:15:
In file included from /Users/runner/work/Pitch-Curve/Pitch-Curve/build/_deps/juce-src/modules/juce_audio_processors/juce_audio_processors.h:66:
In file included from /Users/runner/work/Pitch-Curve/Pitch-Curve/build/_deps/juce-src/modules/juce_gui_basics/juce_gui_basics.h:68:
In file included from /Users/runner/work/Pitch-Curve/Pitch-Curve/build/_deps/juce-src/modules/juce_graphics/juce_graphics.h:115:
/Users/runner/work/Pitch-Curve/Pitch-Curve/build/_deps/juce-src/modules/juce_graphics/geometry/juce_Point.h:50:7: note: candidate found by name lookup is 'juce::Point'
   50 | class Point
      |       ^
In file included from /Users/runner/work/Pitch-Curve/Pitch-Curve/Source/PluginProcessor.cpp:1:
In file included from /Users/runner/work/Pitch-Curve/Pitch-Curve/Source/PluginProcessor.h:5:
In file included from /Users/runner/work/Pitch-Curve/Pitch-Curve/build/_deps/signalsmith_stretch-src/include/signalsmith-stretch/signalsmith-stretch.h:1:
In file included from /Users/runner/work/Pitch-Curve/Pitch-Curve/build/_deps/signalsmith_stretch-src/include/signalsmith-stretch/../../signalsmith-stretch.h:4:
In file included from /Users/runner/work/Pitch-Curve/Pitch-Curve/build/_deps/signalsmith-linear-src/include/signalsmith-linear/stft.h:1:
In file included from /Users/runner/work/Pitch-Curve/Pitch-Curve/build/_deps/signalsmith-linear-src/include/signalsmith-linear/../../stft.h:4:
In file included from /Users/runner/work/Pitch-Curve/Pitch-Curve/build/_deps/signalsmith-linear-src/include/signalsmith-linear/../.././fft.h:1366:
In file included from /Users/runner/work/Pitch-Curve/Pitch-Curve/build/_deps/signalsmith-linear-src/include/signalsmith-linear/../../././platform/fft-accelerate.h:3:
In file included from /Applications/Xcode_16.4.app/Contents/Developer/Platforms/MacOSX.platform/Developer/SDKs/MacOSX15.5.sdk/System/Library/Frameworks/vecLib.framework/Headers/vecLib.h:99:
In file included from /Applications/Xcode_16.4.app/Contents/Developer/Platforms/MacOSX.platform/Developer/SDKs/MacOSX15.5.sdk/System/Library/Frameworks/vecLib.framework/Headers/Sparse/Solve.h:279:
In file included from /Applications/Xcode_16.4.app/Contents/Developer/Platforms/MacOSX.platform/Developer/SDKs/MacOSX15.5.sdk/System/Library/Frameworks/Accelerate.framework/Headers/Accelerate.h:28:
In file included from /Applications/Xcode_16.4.app/Contents/Developer/Platforms/MacOSX.platform/Developer/SDKs/MacOSX15.5.sdk/System/Library/Frameworks/Accelerate.framework/Frameworks/vImage.framework/Headers/vImage.h:291:
In file included from /Applications/Xcode_16.4.app/Contents/Developer/Platforms/MacOSX.platform/Developer/SDKs/MacOSX15.5.sdk/System/Library/Frameworks/Accelerate.framework/Frameworks/vImage.framework/Headers/vImage_Utilities.h:26:
In file included from /Applications/Xcode_16.4.app/Contents/Developer/Platforms/MacOSX.platform/Developer/SDKs/MacOSX15.5.sdk/System/Library/Frameworks/CoreGraphics.framework/Headers/CoreGraphics.h:8:
In file included from /Applications/Xcode_16.4.app/Contents/Developer/Platforms/MacOSX.platform/Developer/SDKs/MacOSX15.5.sdk/System/Library/Frameworks/CoreGraphics.framework/Headers/CGBase.h:12:
In file included from /Applications/Xcode_16.4.app/Contents/Developer/Platforms/MacOSX.platform/Developer/SDKs/MacOSX15.5.sdk/System/Library/Frameworks/CoreFoundation.framework/Headers/CFBase.h:80:
/Applications/Xcode_16.4.app/Contents/Developer/Platforms/MacOSX.platform/Developer/SDKs/MacOSX15.5.sdk/usr/include/MacTypes.h:544:8: note: candidate found by name lookup is 'Point'
  544 | struct Point {
      |        ^
In file included from /Users/runner/work/Pitch-Curve/Pitch-Curve/Source/PluginProcessor.cpp:1:
In file included from /Users/runner/work/Pitch-Curve/Pitch-Curve/Source/PluginProcessor.h:5:
In file included from /Users/runner/work/Pitch-Curve/Pitch-Curve/build/_deps/signalsmith_stretch-src/include/signalsmith-stretch/signalsmith-stretch.h:1:
In file included from /Users/runner/work/Pitch-Curve/Pitch-Curve/build/_deps/signalsmith_stretch-src/include/signalsmith-stretch/../../signalsmith-stretch.h:4:
In file included from /Users/runner/work/Pitch-Curve/Pitch-Curve/build/_deps/signalsmith-linear-src/include/signalsmith-linear/stft.h:1:
In file included from /Users/runner/work/Pitch-Curve/Pitch-Curve/build/_deps/signalsmith-linear-src/include/signalsmith-linear/../../stft.h:4:
In file included from /Users/runner/work/Pitch-Curve/Pitch-Curve/build/_deps/signalsmith-linear-src/include/signalsmith-linear/../.././fft.h:1366:
In file included from /Users/runner/work/Pitch-Curve/Pitch-Curve/build/_deps/signalsmith-linear-src/include/signalsmith-linear/../../././platform/fft-accelerate.h:3:
In file included from /Applications/Xcode_16.4.app/Contents/Developer/Platforms/MacOSX.platform/Developer/SDKs/MacOSX15.5.sdk/System/Library/Frameworks/vecLib.framework/Headers/vecLib.h:99:
In file included from /Applications/Xcode_16.4.app/Contents/Developer/Platforms/MacOSX.platform/Developer/SDKs/MacOSX15.5.sdk/System/Library/Frameworks/vecLib.framework/Headers/Sparse/Solve.h:279:
In file included from /Applications/Xcode_16.4.app/Contents/Developer/Platforms/MacOSX.platform/Developer/SDKs/MacOSX15.5.sdk/System/Library/Frameworks/Accelerate.framework/Headers/Accelerate.h:28:
In file included from /Applications/Xcode_16.4.app/Contents/Developer/Platforms/MacOSX.platform/Developer/SDKs/MacOSX15.5.sdk/System/Library/Frameworks/Accelerate.framework/Frameworks/vImage.framework/Headers/vImage.h:296:
In file included from /Applications/Xcode_16.4.app/Contents/Developer/Platforms/MacOSX.platform/Developer/SDKs/MacOSX15.5.sdk/System/Library/Frameworks/Accelerate.framework/Frameworks/vImage.framework/Headers/vImage_CVUtilities.h:48:
In file included from /Applications/Xcode_16.4.app/Contents/Developer/Platforms/MacOSX.platform/Developer/SDKs/MacOSX15.5.sdk/System/Library/Frameworks/CoreVideo.framework/Headers/CVPixelBuffer.h:23:
In file included from /Applications/Xcode_16.4.app/Contents/Developer/Platforms/MacOSX.platform/Developer/SDKs/MacOSX15.5.sdk/System/Library/Frameworks/CoreVideo.framework/Headers/CVImageBuffer.h:29:
In file included from /Applications/Xcode_16.4.app/Contents/Developer/Platforms/MacOSX.platform/Developer/SDKs/MacOSX15.5.sdk/System/Library/Frameworks/ApplicationServices.framework/Headers/ApplicationServices.h:23:
In file included from /Applications/Xcode_16.4.app/Contents/Developer/Platforms/MacOSX.platform/Developer/SDKs/MacOSX15.5.sdk/System/Library/Frameworks/CoreServices.framework/Headers/CoreServices.h:23:
In file included from /Applications/Xcode_16.4.app/Contents/Developer/Platforms/MacOSX.platform/Developer/SDKs/MacOSX15.5.sdk/System/Library/Frameworks/CoreServices.framework/Frameworks/AE.framework/Headers/AE.h:20:
In file included from /Applications/Xcode_16.4.app/Contents/Developer/Platforms/MacOSX.platform/Developer/SDKs/MacOSX15.5.sdk/System/Library/Frameworks/CoreServices.framework/Frameworks/CarbonCore.framework/Headers/CarbonCore.h:31:
/Applications/Xcode_16.4.app/Contents/Developer/Platforms/MacOSX.platform/Developer/SDKs/MacOSX15.5.sdk/System/Library/Frameworks/CoreServices.framework/Frameworks/CarbonCore.framework/Headers/Finder.h:248:3: error: use of class template 'Point' requires template arguments; argument deduction not allowed in non-static struct member
  248 |   Point               location;               /* Folder's location in the parent folder */
      |   ^~~~~
In file included from /Users/runner/work/Pitch-Curve/Pitch-Curve/Source/PluginProcessor.cpp:1:
In file included from /Users/runner/work/Pitch-Curve/Pitch-Curve/Source/PluginProcessor.h:3:
In file included from /Users/runner/work/Pitch-Curve/Pitch-Curve/build/Contour_artefacts/JuceLibraryCode/JuceHeader.h:15:
In file included from /Users/runner/work/Pitch-Curve/Pitch-Curve/build/_deps/juce-src/modules/juce_audio_processors/juce_audio_processors.h:66:
In file included from /Users/runner/work/Pitch-Curve/Pitch-Curve/build/_deps/juce-src/modules/juce_gui_basics/juce_gui_basics.h:68:
In file included from /Users/runner/work/Pitch-Curve/Pitch-Curve/build/_deps/juce-src/modules/juce_graphics/juce_graphics.h:115:
/Users/runner/work/Pitch-Curve/Pitch-Curve/build/_deps/juce-src/modules/juce_graphics/geometry/juce_Point.h:50:7: note: template is declared here
   50 | class Point
      |       ^
In file included from /Users/runner/work/Pitch-Curve/Pitch-Curve/Source/PluginProcessor.cpp:1:
In file included from /Users/runner/work/Pitch-Curve/Pitch-Curve/Source/PluginProcessor.h:5:
In file included from /Users/runner/work/Pitch-Curve/Pitch-Curve/build/_deps/signalsmith_stretch-src/include/signalsmith-stretch/signalsmith-stretch.h:1:
In file included from /Users/runner/work/Pitch-Curve/Pitch-Curve/build/_deps/signalsmith_stretch-src/include/signalsmith-stretch/../../signalsmith-stretch.h:4:
In file included from /Users/runner/work/Pitch-Curve/Pitch-Curve/build/_deps/signalsmith-linear-src/include/signalsmith-linear/stft.h:1:
In file included from /Users/runner/work/Pitch-Curve/Pitch-Curve/build/_deps/signalsmith-linear-src/include/signalsmith-linear/../../stft.h:4:
In file included from /Users/runner/work/Pitch-Curve/Pitch-Curve/build/_deps/signalsmith-linear-src/include/signalsmith-linear/../.././fft.h:1366:
In file included from /Users/runner/work/Pitch-Curve/Pitch-Curve/build/_deps/signalsmith-linear-src/include/signalsmith-linear/../../././platform/fft-accelerate.h:3:
In file included from /Applications/Xcode_16.4.app/Contents/Developer/Platforms/MacOSX.platform/Developer/SDKs/MacOSX15.5.sdk/System/Library/Frameworks/vecLib.framework/Headers/vecLib.h:99:
In file included from /Applications/Xcode_16.4.app/Contents/Developer/Platforms/MacOSX.platform/Developer/SDKs/MacOSX15.5.sdk/System/Library/Frameworks/vecLib.framework/Headers/Sparse/Solve.h:279:
In file included from /Applications/Xcode_16.4.app/Contents/Developer/Platforms/MacOSX.platform/Developer/SDKs/MacOSX15.5.sdk/System/Library/Frameworks/Accelerate.framework/Headers/Accelerate.h:28:
In file included from /Applications/Xcode_16.4.app/Contents/Developer/Platforms/MacOSX.platform/Developer/SDKs/MacOSX15.5.sdk/System/Library/Frameworks/Accelerate.framework/Frameworks/vImage.framework/Headers/vImage.h:296:
In file included from /Applications/Xcode_16.4.app/Contents/Developer/Platforms/MacOSX.platform/Developer/SDKs/MacOSX15.5.sdk/System/Library/Frameworks/Accelerate.framework/Frameworks/vImage.framework/Headers/vImage_CVUtilities.h:48:
In file included from /Applications/Xcode_16.4.app/Contents/Developer/Platforms/MacOSX.platform/Developer/SDKs/MacOSX15.5.sdk/System/Library/Frameworks/CoreVideo.framework/Headers/CVPixelBuffer.h:23:
In file included from /Applications/Xcode_16.4.app/Contents/Developer/Platforms/MacOSX.platform/Developer/SDKs/MacOSX15.5.sdk/System/Library/Frameworks/CoreVideo.framework/Headers/CVImageBuffer.h:29:
In file included from /Applications/Xcode_16.4.app/Contents/Developer/Platforms/MacOSX.platform/Developer/SDKs/MacOSX15.5.sdk/System/Library/Frameworks/ApplicationServices.framework/Headers/ApplicationServices.h:23:
In file included from /Applications/Xcode_16.4.app/Contents/Developer/Platforms/MacOSX.platform/Developer/SDKs/MacOSX15.5.sdk/System/Library/Frameworks/CoreServices.framework/Headers/CoreServices.h:23:
In file included from /Applications/Xcode_16.4.app/Contents/Developer/Platforms/MacOSX.platform/Developer/SDKs/MacOSX15.5.sdk/System/Library/Frameworks/CoreServices.framework/Frameworks/AE.framework/Headers/AE.h:20:
In file included from /Applications/Xcode_16.4.app/Contents/Developer/Platforms/MacOSX.platform/Developer/SDKs/MacOSX15.5.sdk/System/Library/Frameworks/CoreServices.framework/Frameworks/CarbonCore.framework/Headers/CarbonCore.h:31:
/Applications/Xcode_16.4.app/Contents/Developer/Platforms/MacOSX.platform/Developer/SDKs/MacOSX15.5.sdk/System/Library/Frameworks/CoreServices.framework/Frameworks/CarbonCore.framework/Headers/Finder.h:261:3: error: reference to 'Point' is ambiguous
  261 |   Point               scrollPosition;         /* Scroll position (for icon views) */
      |   ^
In file included from /Users/runner/work/Pitch-Curve/Pitch-Curve/Source/PluginProcessor.cpp:1:
In file included from /Users/runner/work/Pitch-Curve/Pitch-Curve/Source/PluginProcessor.h:3:
In file included from /Users/runner/work/Pitch-Curve/Pitch-Curve/build/Contour_artefacts/JuceLibraryCode/JuceHeader.h:15:
In file included from /Users/runner/work/Pitch-Curve/Pitch-Curve/build/_deps/juce-src/modules/juce_audio_processors/juce_audio_processors.h:66:
In file included from /Users/runner/work/Pitch-Curve/Pitch-Curve/build/_deps/juce-src/modules/juce_gui_basics/juce_gui_basics.h:68:
In file included from /Users/runner/work/Pitch-Curve/Pitch-Curve/build/_deps/juce-src/modules/juce_graphics/juce_graphics.h:115:
/Users/runner/work/Pitch-Curve/Pitch-Curve/build/_deps/juce-src/modules/juce_graphics/geometry/juce_Point.h:50:7: note: candidate found by name lookup is 'juce::Point'
   50 | class Point
      |       ^
In file included from /Users/runner/work/Pitch-Curve/Pitch-Curve/Source/PluginProcessor.cpp:1:
In file included from /Users/runner/work/Pitch-Curve/Pitch-Curve/Source/PluginProcessor.h:5:
In file included from /Users/runner/work/Pitch-Curve/Pitch-Curve/build/_deps/signalsmith_stretch-src/include/signalsmith-stretch/signalsmith-stretch.h:1:
In file included from /Users/runner/work/Pitch-Curve/Pitch-Curve/build/_deps/signalsmith_stretch-src/include/signalsmith-stretch/../../signalsmith-stretch.h:4:
In file included from /Users/runner/work/Pitch-Curve/Pitch-Curve/build/_deps/signalsmith-linear-src/include/signalsmith-linear/stft.h:1:
In file included from /Users/runner/work/Pitch-Curve/Pitch-Curve/build/_deps/signalsmith-linear-src/include/signalsmith-linear/../../stft.h:4:
In file included from /Users/runner/work/Pitch-Curve/Pitch-Curve/build/_deps/signalsmith-linear-src/include/signalsmith-linear/../.././fft.h:1366:
In file included from /Users/runner/work/Pitch-Curve/Pitch-Curve/build/_deps/signalsmith-linear-src/include/signalsmith-linear/../../././platform/fft-accelerate.h:3:
In file included from /Applications/Xcode_16.4.app/Contents/Developer/Platforms/MacOSX.platform/Developer/SDKs/MacOSX15.5.sdk/System/Library/Frameworks/vecLib.framework/Headers/vecLib.h:99:
In file included from /Applications/Xcode_16.4.app/Contents/Developer/Platforms/MacOSX.platform/Developer/SDKs/MacOSX15.5.sdk/System/Library/Frameworks/vecLib.framework/Headers/Sparse/Solve.h:279:
In file included from /Applications/Xcode_16.4.app/Contents/Developer/Platforms/MacOSX.platform/Developer/SDKs/MacOSX15.5.sdk/System/Library/Frameworks/Accelerate.framework/Headers/Accelerate.h:28:
In file included from /Applications/Xcode_16.4.app/Contents/Developer/Platforms/MacOSX.platform/Developer/SDKs/MacOSX15.5.sdk/System/Library/Frameworks/Accelerate.framework/Frameworks/vImage.framework/Headers/vImage.h:291:
In file included from /Applications/Xcode_16.4.app/Contents/Developer/Platforms/MacOSX.platform/Developer/SDKs/MacOSX15.5.sdk/System/Library/Frameworks/Accelerate.framework/Frameworks/vImage.framework/Headers/vImage_Utilities.h:26:
In file included from /Applications/Xcode_16.4.app/Contents/Developer/Platforms/MacOSX.platform/Developer/SDKs/MacOSX15.5.sdk/System/Library/Frameworks/CoreGraphics.framework/Headers/CoreGraphics.h:8:
In file included from /Applications/Xcode_16.4.app/Contents/Developer/Platforms/MacOSX.platform/Developer/SDKs/MacOSX15.5.sdk/System/Library/Frameworks/CoreGraphics.framework/Headers/CGBase.h:12:
In file included from /Applications/Xcode_16.4.app/Contents/Developer/Platforms/MacOSX.platform/Developer/SDKs/MacOSX15.5.sdk/System/Library/Frameworks/CoreFoundation.framework/Headers/CFBase.h:80:
/Applications/Xcode_16.4.app/Contents/Developer/Platforms/MacOSX.platform/Developer/SDKs/MacOSX15.5.sdk/usr/include/MacTypes.h:544:8: note: candidate found by name lookup is 'Point'
  544 | struct Point {
      |        ^
In file included from /Users/runner/work/Pitch-Curve/Pitch-Curve/Source/PluginProcessor.cpp:1:
In file included from /Users/runner/work/Pitch-Curve/Pitch-Curve/Source/PluginProcessor.h:5:
In file included from /Users/runner/work/Pitch-Curve/Pitch-Curve/build/_deps/signalsmith_stretch-src/include/signalsmith-stretch/signalsmith-stretch.h:1:
In file included from /Users/runner/work/Pitch-Curve/Pitch-Curve/build/_deps/signalsmith_stretch-src/include/signalsmith-stretch/../../signalsmith-stretch.h:4:
In file included from /Users/runner/work/Pitch-Curve/Pitch-Curve/build/_deps/signalsmith-linear-src/include/signalsmith-linear/stft.h:1:
In file included from /Users/runner/work/Pitch-Curve/Pitch-Curve/build/_deps/signalsmith-linear-src/include/signalsmith-linear/../../stft.h:4:
In file included from /Users/runner/work/Pitch-Curve/Pitch-Curve/build/_deps/signalsmith-linear-src/include/signalsmith-linear/../.././fft.h:1366:
In file included from /Users/runner/work/Pitch-Curve/Pitch-Curve/build/_deps/signalsmith-linear-src/include/signalsmith-linear/../../././platform/fft-accelerate.h:3:
In file included from /Applications/Xcode_16.4.app/Contents/Developer/Platforms/MacOSX.platform/Developer/SDKs/MacOSX15.5.sdk/System/Library/Frameworks/vecLib.framework/Headers/vecLib.h:99:
In file included from /Applications/Xcode_16.4.app/Contents/Developer/Platforms/MacOSX.platform/Developer/SDKs/MacOSX15.5.sdk/System/Library/Frameworks/vecLib.framework/Headers/Sparse/Solve.h:279:
In file included from /Applications/Xcode_16.4.app/Contents/Developer/Platforms/MacOSX.platform/Developer/SDKs/MacOSX15.5.sdk/System/Library/Frameworks/Accelerate.framework/Headers/Accelerate.h:28:
In file included from /Applications/Xcode_16.4.app/Contents/Developer/Platforms/MacOSX.platform/Developer/SDKs/MacOSX15.5.sdk/System/Library/Frameworks/Accelerate.framework/Frameworks/vImage.framework/Headers/vImage.h:296:
In file included from /Applications/Xcode_16.4.app/Contents/Developer/Platforms/MacOSX.platform/Developer/SDKs/MacOSX15.5.sdk/System/Library/Frameworks/Accelerate.framework/Frameworks/vImage.framework/Headers/vImage_CVUtilities.h:48:
In file included from /Applications/Xcode_16.4.app/Contents/Developer/Platforms/MacOSX.platform/Developer/SDKs/MacOSX15.5.sdk/System/Library/Frameworks/CoreVideo.framework/Headers/CVPixelBuffer.h:23:
In file included from /Applications/Xcode_16.4.app/Contents/Developer/Platforms/MacOSX.platform/Developer/SDKs/MacOSX15.5.sdk/System/Library/Frameworks/CoreVideo.framework/Headers/CVImageBuffer.h:29:
In file included from /Applications/Xcode_16.4.app/Contents/Developer/Platforms/MacOSX.platform/Developer/SDKs/MacOSX15.5.sdk/System/Library/Frameworks/ApplicationServices.framework/Headers/ApplicationServices.h:23:
In file included from /Applications/Xcode_16.4.app/Contents/Developer/Platforms/MacOSX.platform/Developer/SDKs/MacOSX15.5.sdk/System/Library/Frameworks/CoreServices.framework/Headers/CoreServices.h:23:
In file included from /Applications/Xcode_16.4.app/Contents/Developer/Platforms/MacOSX.platform/Developer/SDKs/MacOSX15.5.sdk/System/Library/Frameworks/CoreServices.framework/Frameworks/AE.framework/Headers/AE.h:20:
In file included from /Applications/Xcode_16.4.app/Contents/Developer/Platforms/MacOSX.platform/Developer/SDKs/MacOSX15.5.sdk/System/Library/Frameworks/CoreServices.framework/Frameworks/CarbonCore.framework/Headers/CarbonCore.h:31:
/Applications/Xcode_16.4.app/Contents/Developer/Platforms/MacOSX.platform/Developer/SDKs/MacOSX15.5.sdk/System/Library/Frameworks/CoreServices.framework/Frameworks/CarbonCore.framework/Headers/Finder.h:261:3: error: use of class template 'Point' requires template arguments; argument deduction not allowed in non-static struct member
  261 |   Point               scrollPosition;         /* Scroll position (for icon views) */
      |   ^~~~~
In file included from /Users/runner/work/Pitch-Curve/Pitch-Curve/Source/PluginProcessor.cpp:1:
In file included from /Users/runner/work/Pitch-Curve/Pitch-Curve/Source/PluginProcessor.h:3:
In file included from /Users/runner/work/Pitch-Curve/Pitch-Curve/build/Contour_artefacts/JuceLibraryCode/JuceHeader.h:15:
In file included from /Users/runner/work/Pitch-Curve/Pitch-Curve/build/_deps/juce-src/modules/juce_audio_processors/juce_audio_processors.h:66:
In file included from /Users/runner/work/Pitch-Curve/Pitch-Curve/build/_deps/juce-src/modules/juce_gui_basics/juce_gui_basics.h:68:
In file included from /Users/runner/work/Pitch-Curve/Pitch-Curve/build/_deps/juce-src/modules/juce_graphics/juce_graphics.h:115:
/Users/runner/work/Pitch-Curve/Pitch-Curve/build/_deps/juce-src/modules/juce_graphics/geometry/juce_Point.h:50:7: note: template is declared here
   50 | class Point
      |       ^
In file included from /Users/runner/work/Pitch-Curve/Pitch-Curve/Source/PluginProcessor.cpp:1:
In file included from /Users/runner/work/Pitch-Curve/Pitch-Curve/Source/PluginProcessor.h:5:
In file included from /Users/runner/work/Pitch-Curve/Pitch-Curve/build/_deps/signalsmith_stretch-src/include/signalsmith-stretch/signalsmith-stretch.h:1:
In file included from /Users/runner/work/Pitch-Curve/Pitch-Curve/build/_deps/signalsmith_stretch-src/include/signalsmith-stretch/../../signalsmith-stretch.h:4:
In file included from /Users/runner/work/Pitch-Curve/Pitch-Curve/build/_deps/signalsmith-linear-src/include/signalsmith-linear/stft.h:1:
In file included from /Users/runner/work/Pitch-Curve/Pitch-Curve/build/_deps/signalsmith-linear-src/include/signalsmith-linear/../../stft.h:4:
In file included from /Users/runner/work/Pitch-Curve/Pitch-Curve/build/_deps/signalsmith-linear-src/include/signalsmith-linear/../.././fft.h:1366:
In file included from /Users/runner/work/Pitch-Curve/Pitch-Curve/build/_deps/signalsmith-linear-src/include/signalsmith-linear/../../././platform/fft-accelerate.h:3:
In file included from /Applications/Xcode_16.4.app/Contents/Developer/Platforms/MacOSX.platform/Developer/SDKs/MacOSX15.5.sdk/System/Library/Frameworks/vecLib.framework/Headers/vecLib.h:99:
In file included from /Applications/Xcode_16.4.app/Contents/Developer/Platforms/MacOSX.platform/Developer/SDKs/MacOSX15.5.sdk/System/Library/Frameworks/vecLib.framework/Headers/Sparse/Solve.h:279:
In file included from /Applications/Xcode_16.4.app/Contents/Developer/Platforms/MacOSX.platform/Developer/SDKs/MacOSX15.5.sdk/System/Library/Frameworks/Accelerate.framework/Headers/Accelerate.h:28:
In file included from /Applications/Xcode_16.4.app/Contents/Developer/Platforms/MacOSX.platform/Developer/SDKs/MacOSX15.5.sdk/System/Library/Frameworks/Accelerate.framework/Frameworks/vImage.framework/Headers/vImage.h:296:
In file included from /Applications/Xcode_16.4.app/Contents/Developer/Platforms/MacOSX.platform/Developer/SDKs/MacOSX15.5.sdk/System/Library/Frameworks/Accelerate.framework/Frameworks/vImage.framework/Headers/vImage_CVUtilities.h:48:
In file included from /Applications/Xcode_16.4.app/Contents/Developer/Platforms/MacOSX.platform/Developer/SDKs/MacOSX15.5.sdk/System/Library/Frameworks/CoreVideo.framework/Headers/CVPixelBuffer.h:23:
In file included from /Applications/Xcode_16.4.app/Contents/Developer/Platforms/MacOSX.platform/Developer/SDKs/MacOSX15.5.sdk/System/Library/Frameworks/CoreVideo.framework/Headers/CVImageBuffer.h:29:
In file included from /Applications/Xcode_16.4.app/Contents/Developer/Platforms/MacOSX.platform/Developer/SDKs/MacOSX15.5.sdk/System/Library/Frameworks/ApplicationServices.framework/Headers/ApplicationServices.h:23:
In file included from /Applications/Xcode_16.4.app/Contents/Developer/Platforms/MacOSX.platform/Developer/SDKs/MacOSX15.5.sdk/System/Library/Frameworks/CoreServices.framework/Headers/CoreServices.h:23:
In file included from /Applications/Xcode_16.4.app/Contents/Developer/Platforms/MacOSX.platform/Developer/SDKs/MacOSX15.5.sdk/System/Library/Frameworks/CoreServices.framework/Frameworks/AE.framework/Headers/AE.h:20:
In file included from /Applications/Xcode_16.4.app/Contents/Developer/Platforms/MacOSX.platform/Developer/SDKs/MacOSX15.5.sdk/System/Library/Frameworks/CoreServices.framework/Frameworks/CarbonCore.framework/Headers/CarbonCore.h:31:
/Applications/Xcode_16.4.app/Contents/Developer/Platforms/MacOSX.platform/Developer/SDKs/MacOSX15.5.sdk/System/Library/Frameworks/CoreServices.framework/Frameworks/CarbonCore.framework/Headers/Finder.h:284:3: error: reference to 'Point' is ambiguous
  284 |   Point               fdLocation;             /* File's location in folder. */
      |   ^
In file included from /Users/runner/work/Pitch-Curve/Pitch-Curve/Source/PluginProcessor.cpp:1:
In file included from /Users/runner/work/Pitch-Curve/Pitch-Curve/Source/PluginProcessor.h:3:
In file included from /Users/runner/work/Pitch-Curve/Pitch-Curve/build/Contour_artefacts/JuceLibraryCode/JuceHeader.h:15:
In file included from /Users/runner/work/Pitch-Curve/Pitch-Curve/build/_deps/juce-src/modules/juce_audio_processors/juce_audio_processors.h:66:
In file included from /Users/runner/work/Pitch-Curve/Pitch-Curve/build/_deps/juce-src/modules/juce_gui_basics/juce_gui_basics.h:68:
In file included from /Users/runner/work/Pitch-Curve/Pitch-Curve/build/_deps/juce-src/modules/juce_graphics/juce_graphics.h:115:
/Users/runner/work/Pitch-Curve/Pitch-Curve/build/_deps/juce-src/modules/juce_graphics/geometry/juce_Point.h:50:7: note: candidate found by name lookup is 'juce::Point'
   50 | class Point
      |       ^
In file included from /Users/runner/work/Pitch-Curve/Pitch-Curve/Source/PluginProcessor.cpp:1:
In file included from /Users/runner/work/Pitch-Curve/Pitch-Curve/Source/PluginProcessor.h:5:
In file included from /Users/runner/work/Pitch-Curve/Pitch-Curve/build/_deps/signalsmith_stretch-src/include/signalsmith-stretch/signalsmith-stretch.h:1:
In file included from /Users/runner/work/Pitch-Curve/Pitch-Curve/build/_deps/signalsmith_stretch-src/include/signalsmith-stretch/../../signalsmith-stretch.h:4:
In file included from /Users/runner/work/Pitch-Curve/Pitch-Curve/build/_deps/signalsmith-linear-src/include/signalsmith-linear/stft.h:1:
In file included from /Users/runner/work/Pitch-Curve/Pitch-Curve/build/_deps/signalsmith-linear-src/include/signalsmith-linear/../../stft.h:4:
In file included from /Users/runner/work/Pitch-Curve/Pitch-Curve/build/_deps/signalsmith-linear-src/include/signalsmith-linear/../.././fft.h:1366:
In file included from /Users/runner/work/Pitch-Curve/Pitch-Curve/build/_deps/signalsmith-linear-src/include/signalsmith-linear/../../././platform/fft-accelerate.h:3:
In file included from /Applications/Xcode_16.4.app/Contents/Developer/Platforms/MacOSX.platform/Developer/SDKs/MacOSX15.5.sdk/System/Library/Frameworks/vecLib.framework/Headers/vecLib.h:99:
In file included from /Applications/Xcode_16.4.app/Contents/Developer/Platforms/MacOSX.platform/Developer/SDKs/MacOSX15.5.sdk/System/Library/Frameworks/vecLib.framework/Headers/Sparse/Solve.h:279:
In file included from /Applications/Xcode_16.4.app/Contents/Developer/Platforms/MacOSX.platform/Developer/SDKs/MacOSX15.5.sdk/System/Library/Frameworks/Accelerate.framework/Headers/Accelerate.h:28:
In file included from /Applications/Xcode_16.4.app/Contents/Developer/Platforms/MacOSX.platform/Developer/SDKs/MacOSX15.5.sdk/System/Library/Frameworks/Accelerate.framework/Frameworks/vImage.framework/Headers/vImage.h:291:
In file included from /Applications/Xcode_16.4.app/Contents/Developer/Platforms/MacOSX.platform/Developer/SDKs/MacOSX15.5.sdk/System/Library/Frameworks/Accelerate.framework/Frameworks/vImage.framework/Headers/vImage_Utilities.h:26:
In file included from /Applications/Xcode_16.4.app/Contents/Developer/Platforms/MacOSX.platform/Developer/SDKs/MacOSX15.5.sdk/System/Library/Frameworks/CoreGraphics.framework/Headers/CoreGraphics.h:8:
In file included from /Applications/Xcode_16.4.app/Contents/Developer/Platforms/MacOSX.platform/Developer/SDKs/MacOSX15.5.sdk/System/Library/Frameworks/CoreGraphics.framework/Headers/CGBase.h:12:
In file included from /Applications/Xcode_16.4.app/Contents/Developer/Platforms/MacOSX.platform/Developer/SDKs/MacOSX15.5.sdk/System/Library/Frameworks/CoreFoundation.framework/Headers/CFBase.h:80:
/Applications/Xcode_16.4.app/Contents/Developer/Platforms/MacOSX.platform/Developer/SDKs/MacOSX15.5.sdk/usr/include/MacTypes.h:544:8: note: candidate found by name lookup is 'Point'
  544 | struct Point {
      |        ^
In file included from /Users/runner/work/Pitch-Curve/Pitch-Curve/Source/PluginProcessor.cpp:1:
In file included from /Users/runner/work/Pitch-Curve/Pitch-Curve/Source/PluginProcessor.h:5:
In file included from /Users/runner/work/Pitch-Curve/Pitch-Curve/build/_deps/signalsmith_stretch-src/include/signalsmith-stretch/signalsmith-stretch.h:1:
In file included from /Users/runner/work/Pitch-Curve/Pitch-Curve/build/_deps/signalsmith_stretch-src/include/signalsmith-stretch/../../signalsmith-stretch.h:4:
In file included from /Users/runner/work/Pitch-Curve/Pitch-Curve/build/_deps/signalsmith-linear-src/include/signalsmith-linear/stft.h:1:
In file included from /Users/runner/work/Pitch-Curve/Pitch-Curve/build/_deps/signalsmith-linear-src/include/signalsmith-linear/../../stft.h:4:
In file included from /Users/runner/work/Pitch-Curve/Pitch-Curve/build/_deps/signalsmith-linear-src/include/signalsmith-linear/../.././fft.h:1366:
In file included from /Users/runner/work/Pitch-Curve/Pitch-Curve/build/_deps/signalsmith-linear-src/include/signalsmith-linear/../../././platform/fft-accelerate.h:3:
In file included from /Applications/Xcode_16.4.app/Contents/Developer/Platforms/MacOSX.platform/Developer/SDKs/MacOSX15.5.sdk/System/Library/Frameworks/vecLib.framework/Headers/vecLib.h:99:
In file included from /Applications/Xcode_16.4.app/Contents/Developer/Platforms/MacOSX.platform/Developer/SDKs/MacOSX15.5.sdk/System/Library/Frameworks/vecLib.framework/Headers/Sparse/Solve.h:279:
In file included from /Applications/Xcode_16.4.app/Contents/Developer/Platforms/MacOSX.platform/Developer/SDKs/MacOSX15.5.sdk/System/Library/Frameworks/Accelerate.framework/Headers/Accelerate.h:28:
In file included from /Applications/Xcode_16.4.app/Contents/Developer/Platforms/MacOSX.platform/Developer/SDKs/MacOSX15.5.sdk/System/Library/Frameworks/Accelerate.framework/Frameworks/vImage.framework/Headers/vImage.h:296:
In file included from /Applications/Xcode_16.4.app/Contents/Developer/Platforms/MacOSX.platform/Developer/SDKs/MacOSX15.5.sdk/System/Library/Frameworks/Accelerate.framework/Frameworks/vImage.framework/Headers/vImage_CVUtilities.h:48:
In file included from /Applications/Xcode_16.4.app/Contents/Developer/Platforms/MacOSX.platform/Developer/SDKs/MacOSX15.5.sdk/System/Library/Frameworks/CoreVideo.framework/Headers/CVPixelBuffer.h:23:
In file included from /Applications/Xcode_16.4.app/Contents/Developer/Platforms/MacOSX.platform/Developer/SDKs/MacOSX15.5.sdk/System/Library/Frameworks/CoreVideo.framework/Headers/CVImageBuffer.h:29:
In file included from /Applications/Xcode_16.4.app/Contents/Developer/Platforms/MacOSX.platform/Developer/SDKs/MacOSX15.5.sdk/System/Library/Frameworks/ApplicationServices.framework/Headers/ApplicationServices.h:23:
In file included from /Applications/Xcode_16.4.app/Contents/Developer/Platforms/MacOSX.platform/Developer/SDKs/MacOSX15.5.sdk/System/Library/Frameworks/CoreServices.framework/Headers/CoreServices.h:23:
In file included from /Applications/Xcode_16.4.app/Contents/Developer/Platforms/MacOSX.platform/Developer/SDKs/MacOSX15.5.sdk/System/Library/Frameworks/CoreServices.framework/Frameworks/AE.framework/Headers/AE.h:20:
In file included from /Applications/Xcode_16.4.app/Contents/Developer/Platforms/MacOSX.platform/Developer/SDKs/MacOSX15.5.sdk/System/Library/Frameworks/CoreServices.framework/Frameworks/CarbonCore.framework/Headers/CarbonCore.h:31:
/Applications/Xcode_16.4.app/Contents/Developer/Platforms/MacOSX.platform/Developer/SDKs/MacOSX15.5.sdk/System/Library/Frameworks/CoreServices.framework/Frameworks/CarbonCore.framework/Headers/Finder.h:284:3: error: use of class template 'Point' requires template arguments; argument deduction not allowed in non-static struct member
  284 |   Point               fdLocation;             /* File's location in folder. */
      |   ^~~~~
In file included from /Users/runner/work/Pitch-Curve/Pitch-Curve/Source/PluginProcessor.cpp:1:
In file included from /Users/runner/work/Pitch-Curve/Pitch-Curve/Source/PluginProcessor.h:3:
In file included from /Users/runner/work/Pitch-Curve/Pitch-Curve/build/Contour_artefacts/JuceLibraryCode/JuceHeader.h:15:
In file included from /Users/runner/work/Pitch-Curve/Pitch-Curve/build/_deps/juce-src/modules/juce_audio_processors/juce_audio_processors.h:66:
In file included from /Users/runner/work/Pitch-Curve/Pitch-Curve/build/_deps/juce-src/modules/juce_gui_basics/juce_gui_basics.h:68:
In file included from /Users/runner/work/Pitch-Curve/Pitch-Curve/build/_deps/juce-src/modules/juce_graphics/juce_graphics.h:115:
/Users/runner/work/Pitch-Curve/Pitch-Curve/build/_deps/juce-src/modules/juce_graphics/geometry/juce_Point.h:50:7: note: template is declared here
   50 | class Point
      |       ^
In file included from /Users/runner/work/Pitch-Curve/Pitch-Curve/Source/PluginProcessor.cpp:1:
In file included from /Users/runner/work/Pitch-Curve/Pitch-Curve/Source/PluginProcessor.h:5:
In file included from /Users/runner/work/Pitch-Curve/Pitch-Curve/build/_deps/signalsmith_stretch-src/include/signalsmith-stretch/signalsmith-stretch.h:1:
In file included from /Users/runner/work/Pitch-Curve/Pitch-Curve/build/_deps/signalsmith_stretch-src/include/signalsmith-stretch/../../signalsmith-stretch.h:4:
In file included from /Users/runner/work/Pitch-Curve/Pitch-Curve/build/_deps/signalsmith-linear-src/include/signalsmith-linear/stft.h:1:
In file included from /Users/runner/work/Pitch-Curve/Pitch-Curve/build/_deps/signalsmith-linear-src/include/signalsmith-linear/../../stft.h:4:
In file included from /Users/runner/work/Pitch-Curve/Pitch-Curve/build/_deps/signalsmith-linear-src/include/signalsmith-linear/../.././fft.h:1366:
In file included from /Users/runner/work/Pitch-Curve/Pitch-Curve/build/_deps/signalsmith-linear-src/include/signalsmith-linear/../../././platform/fft-accelerate.h:3:
In file included from /Applications/Xcode_16.4.app/Contents/Developer/Platforms/MacOSX.platform/Developer/SDKs/MacOSX15.5.sdk/System/Library/Frameworks/vecLib.framework/Headers/vecLib.h:99:
In file included from /Applications/Xcode_16.4.app/Contents/Developer/Platforms/MacOSX.platform/Developer/SDKs/MacOSX15.5.sdk/System/Library/Frameworks/vecLib.framework/Headers/Sparse/Solve.h:279:
In file included from /Applications/Xcode_16.4.app/Contents/Developer/Platforms/MacOSX.platform/Developer/SDKs/MacOSX15.5.sdk/System/Library/Frameworks/Accelerate.framework/Headers/Accelerate.h:28:
In file included from /Applications/Xcode_16.4.app/Contents/Developer/Platforms/MacOSX.platform/Developer/SDKs/MacOSX15.5.sdk/System/Library/Frameworks/Accelerate.framework/Frameworks/vImage.framework/Headers/vImage.h:296:
In file included from /Applications/Xcode_16.4.app/Contents/Developer/Platforms/MacOSX.platform/Developer/SDKs/MacOSX15.5.sdk/System/Library/Frameworks/Accelerate.framework/Frameworks/vImage.framework/Headers/vImage_CVUtilities.h:48:
In file included from /Applications/Xcode_16.4.app/Contents/Developer/Platforms/MacOSX.platform/Developer/SDKs/MacOSX15.5.sdk/System/Library/Frameworks/CoreVideo.framework/Headers/CVPixelBuffer.h:23:
In file included from /Applications/Xcode_16.4.app/Contents/Developer/Platforms/MacOSX.platform/Developer/SDKs/MacOSX15.5.sdk/System/Library/Frameworks/CoreVideo.framework/Headers/CVImageBuffer.h:29:
In file included from /Applications/Xcode_16.4.app/Contents/Developer/Platforms/MacOSX.platform/Developer/SDKs/MacOSX15.5.sdk/System/Library/Frameworks/ApplicationServices.framework/Headers/ApplicationServices.h:23:
In file included from /Applications/Xcode_16.4.app/Contents/Developer/Platforms/MacOSX.platform/Developer/SDKs/MacOSX15.5.sdk/System/Library/Frameworks/CoreServices.framework/Headers/CoreServices.h:23:
In file included from /Applications/Xcode_16.4.app/Contents/Developer/Platforms/MacOSX.platform/Developer/SDKs/MacOSX15.5.sdk/System/Library/Frameworks/CoreServices.framework/Frameworks/AE.framework/Headers/AE.h:20:
In file included from /Applications/Xcode_16.4.app/Contents/Developer/Platforms/MacOSX.platform/Developer/SDKs/MacOSX15.5.sdk/System/Library/Frameworks/CoreServices.framework/Frameworks/CarbonCore.framework/Headers/CarbonCore.h:31:
/Applications/Xcode_16.4.app/Contents/Developer/Platforms/MacOSX.platform/Developer/SDKs/MacOSX15.5.sdk/System/Library/Frameworks/CoreServices.framework/Frameworks/CarbonCore.framework/Headers/Finder.h:314:3: error: reference to 'Point' is ambiguous
  314 |   Point               frLocation;             /* Folder's location in parent folder */
      |   ^
In file included from /Users/runner/work/Pitch-Curve/Pitch-Curve/Source/PluginProcessor.cpp:1:
In file included from /Users/runner/work/Pitch-Curve/Pitch-Curve/Source/PluginProcessor.h:3:
In file included from /Users/runner/work/Pitch-Curve/Pitch-Curve/build/Contour_artefacts/JuceLibraryCode/JuceHeader.h:15:
In file included from /Users/runner/work/Pitch-Curve/Pitch-Curve/build/_deps/juce-src/modules/juce_audio_processors/juce_audio_processors.h:66:
In file included from /Users/runner/work/Pitch-Curve/Pitch-Curve/build/_deps/juce-src/modules/juce_gui_basics/juce_gui_basics.h:68:
In file included from /Users/runner/work/Pitch-Curve/Pitch-Curve/build/_deps/juce-src/modules/juce_graphics/juce_graphics.h:115:
/Users/runner/work/Pitch-Curve/Pitch-Curve/build/_deps/juce-src/modules/juce_graphics/geometry/juce_Point.h:50:7: note: candidate found by name lookup is 'juce::Point'
   50 | class Point
      |       ^
In file included from /Users/runner/work/Pitch-Curve/Pitch-Curve/Source/PluginProcessor.cpp:1:
In file included from /Users/runner/work/Pitch-Curve/Pitch-Curve/Source/PluginProcessor.h:5:
In file included from /Users/runner/work/Pitch-Curve/Pitch-Curve/build/_deps/signalsmith_stretch-src/include/signalsmith-stretch/signalsmith-stretch.h:1:
In file included from /Users/runner/work/Pitch-Curve/Pitch-Curve/build/_deps/signalsmith_stretch-src/include/signalsmith-stretch/../../signalsmith-stretch.h:4:
In file included from /Users/runner/work/Pitch-Curve/Pitch-Curve/build/_deps/signalsmith-linear-src/include/signalsmith-linear/stft.h:1:
In file included from /Users/runner/work/Pitch-Curve/Pitch-Curve/build/_deps/signalsmith-linear-src/include/signalsmith-linear/../../stft.h:4:
In file included from /Users/runner/work/Pitch-Curve/Pitch-Curve/build/_deps/signalsmith-linear-src/include/signalsmith-linear/../.././fft.h:1366:
In file included from /Users/runner/work/Pitch-Curve/Pitch-Curve/build/_deps/signalsmith-linear-src/include/signalsmith-linear/../../././platform/fft-accelerate.h:3:
In file included from /Applications/Xcode_16.4.app/Contents/Developer/Platforms/MacOSX.platform/Developer/SDKs/MacOSX15.5.sdk/System/Library/Frameworks/vecLib.framework/Headers/vecLib.h:99:
In file included from /Applications/Xcode_16.4.app/Contents/Developer/Platforms/MacOSX.platform/Developer/SDKs/MacOSX15.5.sdk/System/Library/Frameworks/vecLib.framework/Headers/Sparse/Solve.h:279:
In file included from /Applications/Xcode_16.4.app/Contents/Developer/Platforms/MacOSX.platform/Developer/SDKs/MacOSX15.5.sdk/System/Library/Frameworks/Accelerate.framework/Headers/Accelerate.h:28:
In file included from /Applications/Xcode_16.4.app/Contents/Developer/Platforms/MacOSX.platform/Developer/SDKs/MacOSX15.5.sdk/System/Library/Frameworks/Accelerate.framework/Frameworks/vImage.framework/Headers/vImage.h:291:
In file included from /Applications/Xcode_16.4.app/Contents/Developer/Platforms/MacOSX.platform/Developer/SDKs/MacOSX15.5.sdk/System/Library/Frameworks/Accelerate.framework/Frameworks/vImage.framework/Headers/vImage_Utilities.h:26:
In file included from /Applications/Xcode_16.4.app/Contents/Developer/Platforms/MacOSX.platform/Developer/SDKs/MacOSX15.5.sdk/System/Library/Frameworks/CoreGraphics.framework/Headers/CoreGraphics.h:8:
In file included from /Applications/Xcode_16.4.app/Contents/Developer/Platforms/MacOSX.platform/Developer/SDKs/MacOSX15.5.sdk/System/Library/Frameworks/CoreGraphics.framework/Headers/CGBase.h:12:
In file included from /Applications/Xcode_16.4.app/Contents/Developer/Platforms/MacOSX.platform/Developer/SDKs/MacOSX15.5.sdk/System/Library/Frameworks/CoreFoundation.framework/Headers/CFBase.h:80:
/Applications/Xcode_16.4.app/Contents/Developer/Platforms/MacOSX.platform/Developer/SDKs/MacOSX15.5.sdk/usr/include/MacTypes.h:544:8: note: candidate found by name lookup is 'Point'
  544 | struct Point {
      |        ^
In file included from /Users/runner/work/Pitch-Curve/Pitch-Curve/Source/PluginProcessor.cpp:1:
In file included from /Users/runner/work/Pitch-Curve/Pitch-Curve/Source/PluginProcessor.h:5:
In file included from /Users/runner/work/Pitch-Curve/Pitch-Curve/build/_deps/signalsmith_stretch-src/include/signalsmith-stretch/signalsmith-stretch.h:1:
In file included from /Users/runner/work/Pitch-Curve/Pitch-Curve/build/_deps/signalsmith_stretch-src/include/signalsmith-stretch/../../signalsmith-stretch.h:4:
In file included from /Users/runner/work/Pitch-Curve/Pitch-Curve/build/_deps/signalsmith-linear-src/include/signalsmith-linear/stft.h:1:
In file included from /Users/runner/work/Pitch-Curve/Pitch-Curve/build/_deps/signalsmith-linear-src/include/signalsmith-linear/../../stft.h:4:
In file included from /Users/runner/work/Pitch-Curve/Pitch-Curve/build/_deps/signalsmith-linear-src/include/signalsmith-linear/../.././fft.h:1366:
In file included from /Users/runner/work/Pitch-Curve/Pitch-Curve/build/_deps/signalsmith-linear-src/include/signalsmith-linear/../../././platform/fft-accelerate.h:3:
In file included from /Applications/Xcode_16.4.app/Contents/Developer/Platforms/MacOSX.platform/Developer/SDKs/MacOSX15.5.sdk/System/Library/Frameworks/vecLib.framework/Headers/vecLib.h:99:
In file included from /Applications/Xcode_16.4.app/Contents/Developer/Platforms/MacOSX.platform/Developer/SDKs/MacOSX15.5.sdk/System/Library/Frameworks/vecLib.framework/Headers/Sparse/Solve.h:279:
In file included from /Applications/Xcode_16.4.app/Contents/Developer/Platforms/MacOSX.platform/Developer/SDKs/MacOSX15.5.sdk/System/Library/Frameworks/Accelerate.framework/Headers/Accelerate.h:28:
In file included from /Applications/Xcode_16.4.app/Contents/Developer/Platforms/MacOSX.platform/Developer/SDKs/MacOSX15.5.sdk/System/Library/Frameworks/Accelerate.framework/Frameworks/vImage.framework/Headers/vImage.h:296:
In file included from /Applications/Xcode_16.4.app/Contents/Developer/Platforms/MacOSX.platform/Developer/SDKs/MacOSX15.5.sdk/System/Library/Frameworks/Accelerate.framework/Frameworks/vImage.framework/Headers/vImage_CVUtilities.h:48:
In file included from /Applications/Xcode_16.4.app/Contents/Developer/Platforms/MacOSX.platform/Developer/SDKs/MacOSX15.5.sdk/System/Library/Frameworks/CoreVideo.framework/Headers/CVPixelBuffer.h:23:
In file included from /Applications/Xcode_16.4.app/Contents/Developer/Platforms/MacOSX.platform/Developer/SDKs/MacOSX15.5.sdk/System/Library/Frameworks/CoreVideo.framework/Headers/CVImageBuffer.h:29:
In file included from /Applications/Xcode_16.4.app/Contents/Developer/Platforms/MacOSX.platform/Developer/SDKs/MacOSX15.5.sdk/System/Library/Frameworks/ApplicationServices.framework/Headers/ApplicationServices.h:23:
In file included from /Applications/Xcode_16.4.app/Contents/Developer/Platforms/MacOSX.platform/Developer/SDKs/MacOSX15.5.sdk/System/Library/Frameworks/CoreServices.framework/Headers/CoreServices.h:23:
In file included from /Applications/Xcode_16.4.app/Contents/Developer/Platforms/MacOSX.platform/Developer/SDKs/MacOSX15.5.sdk/System/Library/Frameworks/CoreServices.framework/Frameworks/AE.framework/Headers/AE.h:20:
In file included from /Applications/Xcode_16.4.app/Contents/Developer/Platforms/MacOSX.platform/Developer/SDKs/MacOSX15.5.sdk/System/Library/Frameworks/CoreServices.framework/Frameworks/CarbonCore.framework/Headers/CarbonCore.h:31:
/Applications/Xcode_16.4.app/Contents/Developer/Platforms/MacOSX.platform/Developer/SDKs/MacOSX15.5.sdk/System/Library/Frameworks/CoreServices.framework/Frameworks/CarbonCore.framework/Headers/Finder.h:314:3: error: use of class template 'Point' requires template arguments; argument deduction not allowed in non-static struct member
  314 |   Point               frLocation;             /* Folder's location in parent folder */
      |   ^~~~~
In file included from /Users/runner/work/Pitch-Curve/Pitch-Curve/Source/PluginProcessor.cpp:1:
In file included from /Users/runner/work/Pitch-Curve/Pitch-Curve/Source/PluginProcessor.h:3:
In file included from /Users/runner/work/Pitch-Curve/Pitch-Curve/build/Contour_artefacts/JuceLibraryCode/JuceHeader.h:15:
In file included from /Users/runner/work/Pitch-Curve/Pitch-Curve/build/_deps/juce-src/modules/juce_audio_processors/juce_audio_processors.h:66:
In file included from /Users/runner/work/Pitch-Curve/Pitch-Curve/build/_deps/juce-src/modules/juce_gui_basics/juce_gui_basics.h:68:
In file included from /Users/runner/work/Pitch-Curve/Pitch-Curve/build/_deps/juce-src/modules/juce_graphics/juce_graphics.h:115:
/Users/runner/work/Pitch-Curve/Pitch-Curve/build/_deps/juce-src/modules/juce_graphics/geometry/juce_Point.h:50:7: note: template is declared here
   50 | class Point
      |       ^
In file included from /Users/runner/work/Pitch-Curve/Pitch-Curve/Source/PluginProcessor.cpp:1:
In file included from /Users/runner/work/Pitch-Curve/Pitch-Curve/Source/PluginProcessor.h:5:
In file included from /Users/runner/work/Pitch-Curve/Pitch-Curve/build/_deps/signalsmith_stretch-src/include/signalsmith-stretch/signalsmith-stretch.h:1:
In file included from /Users/runner/work/Pitch-Curve/Pitch-Curve/build/_deps/signalsmith_stretch-src/include/signalsmith-stretch/../../signalsmith-stretch.h:4:
In file included from /Users/runner/work/Pitch-Curve/Pitch-Curve/build/_deps/signalsmith-linear-src/include/signalsmith-linear/stft.h:1:
In file included from /Users/runner/work/Pitch-Curve/Pitch-Curve/build/_deps/signalsmith-linear-src/include/signalsmith-linear/../../stft.h:4:
In file included from /Users/runner/work/Pitch-Curve/Pitch-Curve/build/_deps/signalsmith-linear-src/include/signalsmith-linear/../.././fft.h:1366:
In file included from /Users/runner/work/Pitch-Curve/Pitch-Curve/build/_deps/signalsmith-linear-src/include/signalsmith-linear/../../././platform/fft-accelerate.h:3:
In file included from /Applications/Xcode_16.4.app/Contents/Developer/Platforms/MacOSX.platform/Developer/SDKs/MacOSX15.5.sdk/System/Library/Frameworks/vecLib.framework/Headers/vecLib.h:99:
In file included from /Applications/Xcode_16.4.app/Contents/Developer/Platforms/MacOSX.platform/Developer/SDKs/MacOSX15.5.sdk/System/Library/Frameworks/vecLib.framework/Headers/Sparse/Solve.h:279:
In file included from /Applications/Xcode_16.4.app/Contents/Developer/Platforms/MacOSX.platform/Developer/SDKs/MacOSX15.5.sdk/System/Library/Frameworks/Accelerate.framework/Headers/Accelerate.h:28:
In file included from /Applications/Xcode_16.4.app/Contents/Developer/Platforms/MacOSX.platform/Developer/SDKs/MacOSX15.5.sdk/System/Library/Frameworks/Accelerate.framework/Frameworks/vImage.framework/Headers/vImage.h:296:
In file included from /Applications/Xcode_16.4.app/Contents/Developer/Platforms/MacOSX.platform/Developer/SDKs/MacOSX15.5.sdk/System/Library/Frameworks/Accelerate.framework/Frameworks/vImage.framework/Headers/vImage_CVUtilities.h:48:
In file included from /Applications/Xcode_16.4.app/Contents/Developer/Platforms/MacOSX.platform/Developer/SDKs/MacOSX15.5.sdk/System/Library/Frameworks/CoreVideo.framework/Headers/CVPixelBuffer.h:23:
In file included from /Applications/Xcode_16.4.app/Contents/Developer/Platforms/MacOSX.platform/Developer/SDKs/MacOSX15.5.sdk/System/Library/Frameworks/CoreVideo.framework/Headers/CVImageBuffer.h:29:
In file included from /Applications/Xcode_16.4.app/Contents/Developer/Platforms/MacOSX.platform/Developer/SDKs/MacOSX15.5.sdk/System/Library/Frameworks/ApplicationServices.framework/Headers/ApplicationServices.h:23:
In file included from /Applications/Xcode_16.4.app/Contents/Developer/Platforms/MacOSX.platform/Developer/SDKs/MacOSX15.5.sdk/System/Library/Frameworks/CoreServices.framework/Headers/CoreServices.h:23:
In file included from /Applications/Xcode_16.4.app/Contents/Developer/Platforms/MacOSX.platform/Developer/SDKs/MacOSX15.5.sdk/System/Library/Frameworks/CoreServices.framework/Frameworks/AE.framework/Headers/AE.h:20:
In file included from /Applications/Xcode_16.4.app/Contents/Developer/Platforms/MacOSX.platform/Developer/SDKs/MacOSX15.5.sdk/System/Library/Frameworks/CoreServices.framework/Frameworks/CarbonCore.framework/Headers/CarbonCore.h:31:
/Applications/Xcode_16.4.app/Contents/Developer/Platforms/MacOSX.platform/Developer/SDKs/MacOSX15.5.sdk/System/Library/Frameworks/CoreServices.framework/Frameworks/CarbonCore.framework/Headers/Finder.h:327:3: error: reference to 'Point' is ambiguous
  327 |   Point               frScroll;               /* Scroll position */
      |   ^
In file included from /Users/runner/work/Pitch-Curve/Pitch-Curve/Source/PluginProcessor.cpp:1:
In file included from /Users/runner/work/Pitch-Curve/Pitch-Curve/Source/PluginProcessor.h:3:
In file included from /Users/runner/work/Pitch-Curve/Pitch-Curve/build/Contour_artefacts/JuceLibraryCode/JuceHeader.h:15:
In file included from /Users/runner/work/Pitch-Curve/Pitch-Curve/build/_deps/juce-src/modules/juce_audio_processors/juce_audio_processors.h:66:
In file included from /Users/runner/work/Pitch-Curve/Pitch-Curve/build/_deps/juce-src/modules/juce_gui_basics/juce_gui_basics.h:68:
In file included from /Users/runner/work/Pitch-Curve/Pitch-Curve/build/_deps/juce-src/modules/juce_graphics/juce_graphics.h:115:
/Users/runner/work/Pitch-Curve/Pitch-Curve/build/_deps/juce-src/modules/juce_graphics/geometry/juce_Point.h:50:7: note: candidate found by name lookup is 'juce::Point'
   50 | class Point
      |       ^
In file included from /Users/runner/work/Pitch-Curve/Pitch-Curve/Source/PluginProcessor.cpp:1:
In file included from /Users/runner/work/Pitch-Curve/Pitch-Curve/Source/PluginProcessor.h:5:
In file included from /Users/runner/work/Pitch-Curve/Pitch-Curve/build/_deps/signalsmith_stretch-src/include/signalsmith-stretch/signalsmith-stretch.h:1:
In file included from /Users/runner/work/Pitch-Curve/Pitch-Curve/build/_deps/signalsmith_stretch-src/include/signalsmith-stretch/../../signalsmith-stretch.h:4:
In file included from /Users/runner/work/Pitch-Curve/Pitch-Curve/build/_deps/signalsmith-linear-src/include/signalsmith-linear/stft.h:1:
In file included from /Users/runner/work/Pitch-Curve/Pitch-Curve/build/_deps/signalsmith-linear-src/include/signalsmith-linear/../../stft.h:4:
In file included from /Users/runner/work/Pitch-Curve/Pitch-Curve/build/_deps/signalsmith-linear-src/include/signalsmith-linear/../.././fft.h:1366:
In file included from /Users/runner/work/Pitch-Curve/Pitch-Curve/build/_deps/signalsmith-linear-src/include/signalsmith-linear/../../././platform/fft-accelerate.h:3:
In file included from /Applications/Xcode_16.4.app/Contents/Developer/Platforms/MacOSX.platform/Developer/SDKs/MacOSX15.5.sdk/System/Library/Frameworks/vecLib.framework/Headers/vecLib.h:99:
In file included from /Applications/Xcode_16.4.app/Contents/Developer/Platforms/MacOSX.platform/Developer/SDKs/MacOSX15.5.sdk/System/Library/Frameworks/vecLib.framework/Headers/Sparse/Solve.h:279:
In file included from /Applications/Xcode_16.4.app/Contents/Developer/Platforms/MacOSX.platform/Developer/SDKs/MacOSX15.5.sdk/System/Library/Frameworks/Accelerate.framework/Headers/Accelerate.h:28:
In file included from /Applications/Xcode_16.4.app/Contents/Developer/Platforms/MacOSX.platform/Developer/SDKs/MacOSX15.5.sdk/System/Library/Frameworks/Accelerate.framework/Frameworks/vImage.framework/Headers/vImage.h:291:
In file included from /Applications/Xcode_16.4.app/Contents/Developer/Platforms/MacOSX.platform/Developer/SDKs/MacOSX15.5.sdk/System/Library/Frameworks/Accelerate.framework/Frameworks/vImage.framework/Headers/vImage_Utilities.h:26:
In file included from /Applications/Xcode_16.4.app/Contents/Developer/Platforms/MacOSX.platform/Developer/SDKs/MacOSX15.5.sdk/System/Library/Frameworks/CoreGraphics.framework/Headers/CoreGraphics.h:8:
In file included from /Applications/Xcode_16.4.app/Contents/Developer/Platforms/MacOSX.platform/Developer/SDKs/MacOSX15.5.sdk/System/Library/Frameworks/CoreGraphics.framework/Headers/CGBase.h:12:
In file included from /Applications/Xcode_16.4.app/Contents/Developer/Platforms/MacOSX.platform/Developer/SDKs/MacOSX15.5.sdk/System/Library/Frameworks/CoreFoundation.framework/Headers/CFBase.h:80:
/Applications/Xcode_16.4.app/Contents/Developer/Platforms/MacOSX.platform/Developer/SDKs/MacOSX15.5.sdk/usr/include/MacTypes.h:544:8: note: candidate found by name lookup is 'Point'
  544 | struct Point {
      |        ^
In file included from /Users/runner/work/Pitch-Curve/Pitch-Curve/Source/PluginProcessor.cpp:1:
In file included from /Users/runner/work/Pitch-Curve/Pitch-Curve/Source/PluginProcessor.h:5:
In file included from /Users/runner/work/Pitch-Curve/Pitch-Curve/build/_deps/signalsmith_stretch-src/include/signalsmith-stretch/signalsmith-stretch.h:1:
In file included from /Users/runner/work/Pitch-Curve/Pitch-Curve/build/_deps/signalsmith_stretch-src/include/signalsmith-stretch/../../signalsmith-stretch.h:4:
In file included from /Users/runner/work/Pitch-Curve/Pitch-Curve/build/_deps/signalsmith-linear-src/include/signalsmith-linear/stft.h:1:
In file included from /Users/runner/work/Pitch-Curve/Pitch-Curve/build/_deps/signalsmith-linear-src/include/signalsmith-linear/../../stft.h:4:
In file included from /Users/runner/work/Pitch-Curve/Pitch-Curve/build/_deps/signalsmith-linear-src/include/signalsmith-linear/../.././fft.h:1366:
In file included from /Users/runner/work/Pitch-Curve/Pitch-Curve/build/_deps/signalsmith-linear-src/include/signalsmith-linear/../../././platform/fft-accelerate.h:3:
In file included from /Applications/Xcode_16.4.app/Contents/Developer/Platforms/MacOSX.platform/Developer/SDKs/MacOSX15.5.sdk/System/Library/Frameworks/vecLib.framework/Headers/vecLib.h:99:
In file included from /Applications/Xcode_16.4.app/Contents/Developer/Platforms/MacOSX.platform/Developer/SDKs/MacOSX15.5.sdk/System/Library/Frameworks/vecLib.framework/Headers/Sparse/Solve.h:279:
In file included from /Applications/Xcode_16.4.app/Contents/Developer/Platforms/MacOSX.platform/Developer/SDKs/MacOSX15.5.sdk/System/Library/Frameworks/Accelerate.framework/Headers/Accelerate.h:28:
In file included from /Applications/Xcode_16.4.app/Contents/Developer/Platforms/MacOSX.platform/Developer/SDKs/MacOSX15.5.sdk/System/Library/Frameworks/Accelerate.framework/Frameworks/vImage.framework/Headers/vImage.h:296:
In file included from /Applications/Xcode_16.4.app/Contents/Developer/Platforms/MacOSX.platform/Developer/SDKs/MacOSX15.5.sdk/System/Library/Frameworks/Accelerate.framework/Frameworks/vImage.framework/Headers/vImage_CVUtilities.h:48:
In file included from /Applications/Xcode_16.4.app/Contents/Developer/Platforms/MacOSX.platform/Developer/SDKs/MacOSX15.5.sdk/System/Library/Frameworks/CoreVideo.framework/Headers/CVPixelBuffer.h:23:
In file included from /Applications/Xcode_16.4.app/Contents/Developer/Platforms/MacOSX.platform/Developer/SDKs/MacOSX15.5.sdk/System/Library/Frameworks/CoreVideo.framework/Headers/CVImageBuffer.h:29:
In file included from /Applications/Xcode_16.4.app/Contents/Developer/Platforms/MacOSX.platform/Developer/SDKs/MacOSX15.5.sdk/System/Library/Frameworks/ApplicationServices.framework/Headers/ApplicationServices.h:23:
In file included from /Applications/Xcode_16.4.app/Contents/Developer/Platforms/MacOSX.platform/Developer/SDKs/MacOSX15.5.sdk/System/Library/Frameworks/CoreServices.framework/Headers/CoreServices.h:23:
In file included from /Applications/Xcode_16.4.app/Contents/Developer/Platforms/MacOSX.platform/Developer/SDKs/MacOSX15.5.sdk/System/Library/Frameworks/CoreServices.framework/Frameworks/AE.framework/Headers/AE.h:20:
In file included from /Applications/Xcode_16.4.app/Contents/Developer/Platforms/MacOSX.platform/Developer/SDKs/MacOSX15.5.sdk/System/Library/Frameworks/CoreServices.framework/Frameworks/CarbonCore.framework/Headers/CarbonCore.h:31:
/Applications/Xcode_16.4.app/Contents/Developer/Platforms/MacOSX.platform/Developer/SDKs/MacOSX15.5.sdk/System/Library/Frameworks/CoreServices.framework/Frameworks/CarbonCore.framework/Headers/Finder.h:327:3: error: use of class template 'Point' requires template arguments; argument deduction not allowed in non-static struct member
  327 |   Point               frScroll;               /* Scroll position */
      |   ^~~~~
In file included from /Users/runner/work/Pitch-Curve/Pitch-Curve/Source/PluginProcessor.cpp:1:
In file included from /Users/runner/work/Pitch-Curve/Pitch-Curve/Source/PluginProcessor.h:3:
In file included from /Users/runner/work/Pitch-Curve/Pitch-Curve/build/Contour_artefacts/JuceLibraryCode/JuceHeader.h:15:
In file included from /Users/runner/work/Pitch-Curve/Pitch-Curve/build/_deps/juce-src/modules/juce_audio_processors/juce_audio_processors.h:66:
In file included from /Users/runner/work/Pitch-Curve/Pitch-Curve/build/_deps/juce-src/modules/juce_gui_basics/juce_gui_basics.h:68:
In file included from /Users/runner/work/Pitch-Curve/Pitch-Curve/build/_deps/juce-src/modules/juce_graphics/juce_graphics.h:115:
/Users/runner/work/Pitch-Curve/Pitch-Curve/build/_deps/juce-src/modules/juce_graphics/geometry/juce_Point.h:50:7: note: template is declared here
   50 | class Point
      |       ^
In file included from /Users/runner/work/Pitch-Curve/Pitch-Curve/Source/PluginProcessor.cpp:1:
In file included from /Users/runner/work/Pitch-Curve/Pitch-Curve/Source/PluginProcessor.h:5:
In file included from /Users/runner/work/Pitch-Curve/Pitch-Curve/build/_deps/signalsmith_stretch-src/include/signalsmith-stretch/signalsmith-stretch.h:1:
In file included from /Users/runner/work/Pitch-Curve/Pitch-Curve/build/_deps/signalsmith_stretch-src/include/signalsmith-stretch/../../signalsmith-stretch.h:4:
In file included from /Users/runner/work/Pitch-Curve/Pitch-Curve/build/_deps/signalsmith-linear-src/include/signalsmith-linear/stft.h:1:
In file included from /Users/runner/work/Pitch-Curve/Pitch-Curve/build/_deps/signalsmith-linear-src/include/signalsmith-linear/../../stft.h:4:
In file included from /Users/runner/work/Pitch-Curve/Pitch-Curve/build/_deps/signalsmith-linear-src/include/signalsmith-linear/../.././fft.h:1366:
In file included from /Users/runner/work/Pitch-Curve/Pitch-Curve/build/_deps/signalsmith-linear-src/include/signalsmith-linear/../../././platform/fft-accelerate.h:3:
In file included from /Applications/Xcode_16.4.app/Contents/Developer/Platforms/MacOSX.platform/Developer/SDKs/MacOSX15.5.sdk/System/Library/Frameworks/vecLib.framework/Headers/vecLib.h:99:
In file included from /Applications/Xcode_16.4.app/Contents/Developer/Platforms/MacOSX.platform/Developer/SDKs/MacOSX15.5.sdk/System/Library/Frameworks/vecLib.framework/Headers/Sparse/Solve.h:279:
In file included from /Applications/Xcode_16.4.app/Contents/Developer/Platforms/MacOSX.platform/Developer/SDKs/MacOSX15.5.sdk/System/Library/Frameworks/Accelerate.framework/Headers/Accelerate.h:28:
In file included from /Applications/Xcode_16.4.app/Contents/Developer/Platforms/MacOSX.platform/Developer/SDKs/MacOSX15.5.sdk/System/Library/Frameworks/Accelerate.framework/Frameworks/vImage.framework/Headers/vImage.h:296:
In file included from /Applications/Xcode_16.4.app/Contents/Developer/Platforms/MacOSX.platform/Developer/SDKs/MacOSX15.5.sdk/System/Library/Frameworks/Accelerate.framework/Frameworks/vImage.framework/Headers/vImage_CVUtilities.h:48:
In file included from /Applications/Xcode_16.4.app/Contents/Developer/Platforms/MacOSX.platform/Developer/SDKs/MacOSX15.5.sdk/System/Library/Frameworks/CoreVideo.framework/Headers/CVPixelBuffer.h:23:
In file included from /Applications/Xcode_16.4.app/Contents/Developer/Platforms/MacOSX.platform/Developer/SDKs/MacOSX15.5.sdk/System/Library/Frameworks/CoreVideo.framework/Headers/CVImageBuffer.h:29:
In file included from /Applications/Xcode_16.4.app/Contents/Developer/Platforms/MacOSX.platform/Developer/SDKs/MacOSX15.5.sdk/System/Library/Frameworks/ApplicationServices.framework/Headers/ApplicationServices.h:23:
In file included from /Applications/Xcode_16.4.app/Contents/Developer/Platforms/MacOSX.platform/Developer/SDKs/MacOSX15.5.sdk/System/Library/Frameworks/CoreServices.framework/Headers/CoreServices.h:23:
In file included from /Applications/Xcode_16.4.app/Contents/Developer/Platforms/MacOSX.platform/Developer/SDKs/MacOSX15.5.sdk/System/Library/Frameworks/CoreServices.framework/Frameworks/AE.framework/Headers/AE.h:20:
In file included from /Applications/Xcode_16.4.app/Contents/Developer/Platforms/MacOSX.platform/Developer/SDKs/MacOSX15.5.sdk/System/Library/Frameworks/CoreServices.framework/Frameworks/CarbonCore.framework/Headers/CarbonCore.h:87:
/Applications/Xcode_16.4.app/Contents/Developer/Platforms/MacOSX.platform/Developer/SDKs/MacOSX15.5.sdk/System/Library/Frameworks/CoreServices.framework/Frameworks/CarbonCore.framework/Headers/Components.h:321:68: error: reference to 'Component' is ambiguous
  321 | typedef CALLBACK_API( OSErr , GetMissingComponentResourceProcPtr )(Component c, OSType resType, SInt16 resID, void *refCon, Handle *resource);
      |                                                                    ^
/Applications/Xcode_16.4.app/Contents/Developer/Platforms/MacOSX.platform/Developer/SDKs/MacOSX15.5.sdk/System/Library/Frameworks/CoreServices.framework/Frameworks/CarbonCore.framework/Headers/Components.h:187:41: note: candidate found by name lookup is 'Component'
  187 | typedef ComponentRecord *               Component;
      |                                         ^
In file included from /Users/runner/work/Pitch-Curve/Pitch-Curve/Source/PluginProcessor.cpp:1:
In file included from /Users/runner/work/Pitch-Curve/Pitch-Curve/Source/PluginProcessor.h:3:
In file included from /Users/runner/work/Pitch-Curve/Pitch-Curve/build/Contour_artefacts/JuceLibraryCode/JuceHeader.h:15:
In file included from /Users/runner/work/Pitch-Curve/Pitch-Curve/build/_deps/juce-src/modules/juce_audio_processors/juce_audio_processors.h:66:
In file included from /Users/runner/work/Pitch-Curve/Pitch-Curve/build/_deps/juce-src/modules/juce_gui_basics/juce_gui_basics.h:205:
/Users/runner/work/Pitch-Curve/Pitch-Curve/build/_deps/juce-src/modules/juce_gui_basics/components/juce_Component.h:44:17: note: candidate found by name lookup is 'juce::Component'
   44 | class JUCE_API  Component  : public MouseListener
      |                 ^
In file included from /Users/runner/work/Pitch-Curve/Pitch-Curve/Source/PluginProcessor.cpp:1:
In file included from /Users/runner/work/Pitch-Curve/Pitch-Curve/Source/PluginProcessor.h:5:
In file included from /Users/runner/work/Pitch-Curve/Pitch-Curve/build/_deps/signalsmith_stretch-src/include/signalsmith-stretch/signalsmith-stretch.h:1:
In file included from /Users/runner/work/Pitch-Curve/Pitch-Curve/build/_deps/signalsmith_stretch-src/include/signalsmith-stretch/../../signalsmith-stretch.h:4:
In file included from /Users/runner/work/Pitch-Curve/Pitch-Curve/build/_deps/signalsmith-linear-src/include/signalsmith-linear/stft.h:1:
In file included from /Users/runner/work/Pitch-Curve/Pitch-Curve/build/_deps/signalsmith-linear-src/include/signalsmith-linear/../../stft.h:4:
In file included from /Users/runner/work/Pitch-Curve/Pitch-Curve/build/_deps/signalsmith-linear-src/include/signalsmith-linear/../.././fft.h:1366:
In file included from /Users/runner/work/Pitch-Curve/Pitch-Curve/build/_deps/signalsmith-linear-src/include/signalsmith-linear/../../././platform/fft-accelerate.h:3:
In file included from /Applications/Xcode_16.4.app/Contents/Developer/Platforms/MacOSX.platform/Developer/SDKs/MacOSX15.5.sdk/System/Library/Frameworks/vecLib.framework/Headers/vecLib.h:99:
In file included from /Applications/Xcode_16.4.app/Contents/Developer/Platforms/MacOSX.platform/Developer/SDKs/MacOSX15.5.sdk/System/Library/Frameworks/vecLib.framework/Headers/Sparse/Solve.h:279:
In file included from /Applications/Xcode_16.4.app/Contents/Developer/Platforms/MacOSX.platform/Developer/SDKs/MacOSX15.5.sdk/System/Library/Frameworks/Accelerate.framework/Headers/Accelerate.h:28:
In file included from /Applications/Xcode_16.4.app/Contents/Developer/Platforms/MacOSX.platform/Developer/SDKs/MacOSX15.5.sdk/System/Library/Frameworks/Accelerate.framework/Frameworks/vImage.framework/Headers/vImage.h:296:
In file included from /Applications/Xcode_16.4.app/Contents/Developer/Platforms/MacOSX.platform/Developer/SDKs/MacOSX15.5.sdk/System/Library/Frameworks/Accelerate.framework/Frameworks/vImage.framework/Headers/vImage_CVUtilities.h:48:
In file included from /Applications/Xcode_16.4.app/Contents/Developer/Platforms/MacOSX.platform/Developer/SDKs/MacOSX15.5.sdk/System/Library/Frameworks/CoreVideo.framework/Headers/CVPixelBuffer.h:23:
In file included from /Applications/Xcode_16.4.app/Contents/Developer/Platforms/MacOSX.platform/Developer/SDKs/MacOSX15.5.sdk/System/Library/Frameworks/CoreVideo.framework/Headers/CVImageBuffer.h:29:
In file included from /Applications/Xcode_16.4.app/Contents/Developer/Platforms/MacOSX.platform/Developer/SDKs/MacOSX15.5.sdk/System/Library/Frameworks/ApplicationServices.framework/Headers/ApplicationServices.h:23:
In file included from /Applications/Xcode_16.4.app/Contents/Developer/Platforms/MacOSX.platform/Developer/SDKs/MacOSX15.5.sdk/System/Library/Frameworks/CoreServices.framework/Headers/CoreServices.h:23:
In file included from /Applications/Xcode_16.4.app/Contents/Developer/Platforms/MacOSX.platform/Developer/SDKs/MacOSX15.5.sdk/System/Library/Frameworks/CoreServices.framework/Frameworks/AE.framework/Headers/AE.h:20:
In file included from /Applications/Xcode_16.4.app/Contents/Developer/Platforms/MacOSX.platform/Developer/SDKs/MacOSX15.5.sdk/System/Library/Frameworks/CoreServices.framework/Frameworks/CarbonCore.framework/Headers/CarbonCore.h:87:
/Applications/Xcode_16.4.app/Contents/Developer/Platforms/MacOSX.platform/Developer/SDKs/MacOSX15.5.sdk/System/Library/Frameworks/CoreServices.framework/Frameworks/CarbonCore.framework/Headers/Components.h:413:8: error: reference to 'Component' is ambiguous
  413 | extern Component 
      |        ^
/Applications/Xcode_16.4.app/Contents/Developer/Platforms/MacOSX.platform/Developer/SDKs/MacOSX15.5.sdk/System/Library/Frameworks/CoreServices.framework/Frameworks/CarbonCore.framework/Headers/Components.h:187:41: note: candidate found by name lookup is 'Component'
  187 | typedef ComponentRecord *               Component;
      |                                         ^
In file included from /Users/runner/work/Pitch-Curve/Pitch-Curve/Source/PluginProcessor.cpp:1:
In file included from /Users/runner/work/Pitch-Curve/Pitch-Curve/Source/PluginProcessor.h:3:
In file included from /Users/runner/work/Pitch-Curve/Pitch-Curve/build/Contour_artefacts/JuceLibraryCode/JuceHeader.h:15:
In file included from /Users/runner/work/Pitch-Curve/Pitch-Curve/build/_deps/juce-src/modules/juce_audio_processors/juce_audio_processors.h:66:
In file included from /Users/runner/work/Pitch-Curve/Pitch-Curve/build/_deps/juce-src/modules/juce_gui_basics/juce_gui_basics.h:205:
/Users/runner/work/Pitch-Curve/Pitch-Curve/build/_deps/juce-src/modules/juce_gui_basics/components/juce_Component.h:44:17: note: candidate found by name lookup is 'juce::Component'
   44 | class JUCE_API  Component  : public MouseListener
      |                 ^
In file included from /Users/runner/work/Pitch-Curve/Pitch-Curve/Source/PluginProcessor.cpp:1:
In file included from /Users/runner/work/Pitch-Curve/Pitch-Curve/Source/PluginProcessor.h:5:
In file included from /Users/runner/work/Pitch-Curve/Pitch-Curve/build/_deps/signalsmith_stretch-src/include/signalsmith-stretch/signalsmith-stretch.h:1:
In file included from /Users/runner/work/Pitch-Curve/Pitch-Curve/build/_deps/signalsmith_stretch-src/include/signalsmith-stretch/../../signalsmith-stretch.h:4:
In file included from /Users/runner/work/Pitch-Curve/Pitch-Curve/build/_deps/signalsmith-linear-src/include/signalsmith-linear/stft.h:1:
In file included from /Users/runner/work/Pitch-Curve/Pitch-Curve/build/_deps/signalsmith-linear-src/include/signalsmith-linear/../../stft.h:4:
In file included from /Users/runner/work/Pitch-Curve/Pitch-Curve/build/_deps/signalsmith-linear-src/include/signalsmith-linear/../.././fft.h:1366:
In file included from /Users/runner/work/Pitch-Curve/Pitch-Curve/build/_deps/signalsmith-linear-src/include/signalsmith-linear/../../././platform/fft-accelerate.h:3:
In file included from /Applications/Xcode_16.4.app/Contents/Developer/Platforms/MacOSX.platform/Developer/SDKs/MacOSX15.5.sdk/System/Library/Frameworks/vecLib.framework/Headers/vecLib.h:99:
In file included from /Applications/Xcode_16.4.app/Contents/Developer/Platforms/MacOSX.platform/Developer/SDKs/MacOSX15.5.sdk/System/Library/Frameworks/vecLib.framework/Headers/Sparse/Solve.h:279:
In file included from /Applications/Xcode_16.4.app/Contents/Developer/Platforms/MacOSX.platform/Developer/SDKs/MacOSX15.5.sdk/System/Library/Frameworks/Accelerate.framework/Headers/Accelerate.h:28:
In file included from /Applications/Xcode_16.4.app/Contents/Developer/Platforms/MacOSX.platform/Developer/SDKs/MacOSX15.5.sdk/System/Library/Frameworks/Accelerate.framework/Frameworks/vImage.framework/Headers/vImage.h:296:
In file included from /Applications/Xcode_16.4.app/Contents/Developer/Platforms/MacOSX.platform/Developer/SDKs/MacOSX15.5.sdk/System/Library/Frameworks/Accelerate.framework/Frameworks/vImage.framework/Headers/vImage_CVUtilities.h:48:
In file included from /Applications/Xcode_16.4.app/Contents/Developer/Platforms/MacOSX.platform/Developer/SDKs/MacOSX15.5.sdk/System/Library/Frameworks/CoreVideo.framework/Headers/CVPixelBuffer.h:23:
In file included from /Applications/Xcode_16.4.app/Contents/Developer/Platforms/MacOSX.platform/Developer/SDKs/MacOSX15.5.sdk/System/Library/Frameworks/CoreVideo.framework/Headers/CVImageBuffer.h:29:
In file included from /Applications/Xcode_16.4.app/Contents/Developer/Platforms/MacOSX.platform/Developer/SDKs/MacOSX15.5.sdk/System/Library/Frameworks/ApplicationServices.framework/Headers/ApplicationServices.h:23:
In file included from /Applications/Xcode_16.4.app/Contents/Developer/Platforms/MacOSX.platform/Developer/SDKs/MacOSX15.5.sdk/System/Library/Frameworks/CoreServices.framework/Headers/CoreServices.h:23:
In file included from /Applications/Xcode_16.4.app/Contents/Developer/Platforms/MacOSX.platform/Developer/SDKs/MacOSX15.5.sdk/System/Library/Frameworks/CoreServices.framework/Frameworks/AE.framework/Headers/AE.h:20:
In file included from /Applications/Xcode_16.4.app/Contents/Developer/Platforms/MacOSX.platform/Developer/SDKs/MacOSX15.5.sdk/System/Library/Frameworks/CoreServices.framework/Frameworks/CarbonCore.framework/Headers/CarbonCore.h:87:
/Applications/Xcode_16.4.app/Contents/Developer/Platforms/MacOSX.platform/Developer/SDKs/MacOSX15.5.sdk/System/Library/Frameworks/CoreServices.framework/Frameworks/CarbonCore.framework/Headers/Components.h:435:8: error: reference to 'Component' is ambiguous
  435 | extern Component 
      |        ^
/Applications/Xcode_16.4.app/Contents/Developer/Platforms/MacOSX.platform/Developer/SDKs/MacOSX15.5.sdk/System/Library/Frameworks/CoreServices.framework/Frameworks/CarbonCore.framework/Headers/Components.h:187:41: note: candidate found by name lookup is 'Component'
  187 | typedef ComponentRecord *               Component;
      |                                         ^
In file included from /Users/runner/work/Pitch-Curve/Pitch-Curve/Source/PluginProcessor.cpp:1:
In file included from /Users/runner/work/Pitch-Curve/Pitch-Curve/Source/PluginProcessor.h:3:
In file included from /Users/runner/work/Pitch-Curve/Pitch-Curve/build/Contour_artefacts/JuceLibraryCode/JuceHeader.h:15:
In file included from /Users/runner/work/Pitch-Curve/Pitch-Curve/build/_deps/juce-src/modules/juce_audio_processors/juce_audio_processors.h:66:
In file included from /Users/runner/work/Pitch-Curve/Pitch-Curve/build/_deps/juce-src/modules/juce_gui_basics/juce_gui_basics.h:205:
/Users/runner/work/Pitch-Curve/Pitch-Curve/build/_deps/juce-src/modules/juce_gui_basics/components/juce_Component.h:44:17: note: candidate found by name lookup is 'juce::Component'
   44 | class JUCE_API  Component  : public MouseListener
      |                 ^
In file included from /Users/runner/work/Pitch-Curve/Pitch-Curve/Source/PluginProcessor.cpp:1:
In file included from /Users/runner/work/Pitch-Curve/Pitch-Curve/Source/PluginProcessor.h:5:
In file included from /Users/runner/work/Pitch-Curve/Pitch-Curve/build/_deps/signalsmith_stretch-src/include/signalsmith-stretch/signalsmith-stretch.h:1:
In file included from /Users/runner/work/Pitch-Curve/Pitch-Curve/build/_deps/signalsmith_stretch-src/include/signalsmith-stretch/../../signalsmith-stretch.h:4:
In file included from /Users/runner/work/Pitch-Curve/Pitch-Curve/build/_deps/signalsmith-linear-src/include/signalsmith-linear/stft.h:1:
In file included from /Users/runner/work/Pitch-Curve/Pitch-Curve/build/_deps/signalsmith-linear-src/include/signalsmith-linear/../../stft.h:4:
In file included from /Users/runner/work/Pitch-Curve/Pitch-Curve/build/_deps/signalsmith-linear-src/include/signalsmith-linear/../.././fft.h:1366:
In file included from /Users/runner/work/Pitch-Curve/Pitch-Curve/build/_deps/signalsmith-linear-src/include/signalsmith-linear/../../././platform/fft-accelerate.h:3:
In file included from /Applications/Xcode_16.4.app/Contents/Developer/Platforms/MacOSX.platform/Developer/SDKs/MacOSX15.5.sdk/System/Library/Frameworks/vecLib.framework/Headers/vecLib.h:99:
In file included from /Applications/Xcode_16.4.app/Contents/Developer/Platforms/MacOSX.platform/Developer/SDKs/MacOSX15.5.sdk/System/Library/Frameworks/vecLib.framework/Headers/Sparse/Solve.h:279:
In file included from /Applications/Xcode_16.4.app/Contents/Developer/Platforms/MacOSX.platform/Developer/SDKs/MacOSX15.5.sdk/System/Library/Frameworks/Accelerate.framework/Headers/Accelerate.h:28:
In file included from /Applications/Xcode_16.4.app/Contents/Developer/Platforms/MacOSX.platform/Developer/SDKs/MacOSX15.5.sdk/System/Library/Frameworks/Accelerate.framework/Frameworks/vImage.framework/Headers/vImage.h:296:
In file included from /Applications/Xcode_16.4.app/Contents/Developer/Platforms/MacOSX.platform/Developer/SDKs/MacOSX15.5.sdk/System/Library/Frameworks/Accelerate.framework/Frameworks/vImage.framework/Headers/vImage_CVUtilities.h:48:
In file included from /Applications/Xcode_16.4.app/Contents/Developer/Platforms/MacOSX.platform/Developer/SDKs/MacOSX15.5.sdk/System/Library/Frameworks/CoreVideo.framework/Headers/CVPixelBuffer.h:23:
In file included from /Applications/Xcode_16.4.app/Contents/Developer/Platforms/MacOSX.platform/Developer/SDKs/MacOSX15.5.sdk/System/Library/Frameworks/CoreVideo.framework/Headers/CVImageBuffer.h:29:
In file included from /Applications/Xcode_16.4.app/Contents/Developer/Platforms/MacOSX.platform/Developer/SDKs/MacOSX15.5.sdk/System/Library/Frameworks/ApplicationServices.framework/Headers/ApplicationServices.h:23:
In file included from /Applications/Xcode_16.4.app/Contents/Developer/Platforms/MacOSX.platform/Developer/SDKs/MacOSX15.5.sdk/System/Library/Frameworks/CoreServices.framework/Headers/CoreServices.h:23:
In file included from /Applications/Xcode_16.4.app/Contents/Developer/Platforms/MacOSX.platform/Developer/SDKs/MacOSX15.5.sdk/System/Library/Frameworks/CoreServices.framework/Frameworks/AE.framework/Headers/AE.h:20:
In file included from /Applications/Xcode_16.4.app/Contents/Developer/Platforms/MacOSX.platform/Developer/SDKs/MacOSX15.5.sdk/System/Library/Frameworks/CoreServices.framework/Frameworks/CarbonCore.framework/Headers/CarbonCore.h:87:
/Applications/Xcode_16.4.app/Contents/Developer/Platforms/MacOSX.platform/Developer/SDKs/MacOSX15.5.sdk/System/Library/Frameworks/CoreServices.framework/Frameworks/CarbonCore.framework/Headers/Components.h:454:21: error: reference to 'Component' is ambiguous
  454 | UnregisterComponent(Component aComponent)                     __OSX_AVAILABLE_BUT_DEPRECATED(__MAC_10_0, __MAC_10_8, __IPHONE_NA, __IPHONE_NA);
      |                     ^
/Applications/Xcode_16.4.app/Contents/Developer/Platforms/MacOSX.platform/Developer/SDKs/MacOSX15.5.sdk/System/Library/Frameworks/CoreServices.framework/Frameworks/CarbonCore.framework/Headers/Components.h:187:41: note: candidate found by name lookup is 'Component'
  187 | typedef ComponentRecord *               Component;
      |                                         ^
In file included from /Users/runner/work/Pitch-Curve/Pitch-Curve/Source/PluginProcessor.cpp:1:
In file included from /Users/runner/work/Pitch-Curve/Pitch-Curve/Source/PluginProcessor.h:3:
In file included from /Users/runner/work/Pitch-Curve/Pitch-Curve/build/Contour_artefacts/JuceLibraryCode/JuceHeader.h:15:
In file included from /Users/runner/work/Pitch-Curve/Pitch-Curve/build/_deps/juce-src/modules/juce_audio_processors/juce_audio_processors.h:66:
In file included from /Users/runner/work/Pitch-Curve/Pitch-Curve/build/_deps/juce-src/modules/juce_gui_basics/juce_gui_basics.h:205:
/Users/runner/work/Pitch-Curve/Pitch-Curve/build/_deps/juce-src/modules/juce_gui_basics/components/juce_Component.h:44:17: note: candidate found by name lookup is 'juce::Component'
   44 | class JUCE_API  Component  : public MouseListener
      |                 ^
fatal error: too many errors emitted, stopping now [-ferror-limit=]
7 warnings and 20 errors generated.

CompileC /Users/runner/work/Pitch-Curve/Pitch-Curve/build/build/Contour.build/Release/Objects-normal/x86_64/PluginEditor.o /Users/runner/work/Pitch-Curve/Pitch-Curve/Source/PluginEditor.cpp normal x86_64 c++ com.apple.compilers.llvm.clang.1_0.compiler (in target 'Contour' from project 'Contour')
    cd /Users/runner/work/Pitch-Curve/Pitch-Curve
    
    Using response file: /Users/runner/work/Pitch-Curve/Pitch-Curve/build/build/Contour.build/Release/Objects-normal/x86_64/82b82416624d2658e5098eb0a28c15c5-common-args.resp
    
    /Applications/Xcode_16.4.app/Contents/Developer/Toolchains/XcodeDefault.xctoolchain/usr/bin/clang -x c++ -ivfsstatcache /var/folders/nj/vtw8zd2j31d1gdrtntc5y4600000gn/C/com.apple.DeveloperTools/16.4-16F6/Xcode/SDKStatCaches.noindex/macosx15.5-24F74-a403186ba963133a54a0e0cacd566b0b.sdkstatcache -fmessage-length\=0 -fdiagnostics-show-note-include-stack -fmacro-backtrace-limit\=0 -fno-color-diagnostics -Wno-trigraphs -Wno-missing-field-initializers -Wno-missing-prototypes -Wno-return-type -Wno-non-virtual-dtor -Wno-overloaded-virtual -Wno-exit-time-destructors -Wno-missing-braces -Wparentheses -Wswitch -Wno-unused-function -Wno-unused-label -Wno-unused-parameter -Wno-unused-variable -Wunused-value -Wno-empty-body -Wno-uninitialized -Wno-unknown-pragmas -Wno-shadow -Wno-four-char-constants -Wno-conversion -Wno-constant-conversion -Wno-int-conversion -Wno-bool-conversion -Wno-enum-conversion -Wno-float-conversion -Wno-non-literal-null-conversion -Wno-objc-literal-conversion -Wshorten-64-to-32 -Wno-newline-eof -Wno-c++11-extensions -Wno-implicit-fallthrough -fstrict-aliasing -Wdeprecated-declarations -Winvalid-offsetof -Wno-sign-conversion -Wno-infinite-recursion -Wno-move -Wno-comma -Wno-block-capture-autoreleasing -Wno-strict-prototypes -Wno-range-loop-analysis -Wno-semicolon-before-method-body -flto -Wall -Wshadow-all -Wshorten-64-to-32 -Wstrict-aliasing -Wuninitialized -Wunused-parameter -Wconversion -Wsign-compare -Wint-conversion -Wconditional-uninitialized -Wconstant-conversion -Wsign-conversion -Wbool-conversion -Wextra-semi -Wunreachable-code -Wcast-align -Wshift-sign-overflow -Wmissing-prototypes -Wnullable-to-nonnull-conversion -Wno-ignored-qualifiers -Wswitch-enum -Wpedantic -Wdeprecated -Wfloat-equal -Wmissing-field-initializers -Wzero-as-null-pointer-constant -Wunused-private-field -Woverloaded-virtual -Wreorder -Winconsistent-missing-destructor-override @/Users/runner/work/Pitch-Curve/Pitch-Curve/build/build/Contour.build/Release/Objects-normal/x86_64/82b82416624d2658e5098eb0a28c15c5-common-args.resp -MMD -MT dependencies -MF /Users/runner/work/Pitch-Curve/Pitch-Curve/build/build/Contour.build/Release/Objects-normal/x86_64/PluginEditor.d --serialize-diagnostics /Users/runner/work/Pitch-Curve/Pitch-Curve/build/build/Contour.build/Release/Objects-normal/x86_64/PluginEditor.dia -c /Users/runner/work/Pitch-Curve/Pitch-Curve/Source/PluginEditor.cpp -o /Users/runner/work/Pitch-Curve/Pitch-Curve/build/build/Contour.build/Release/Objects-normal/x86_64/PluginEditor.o

CompileC /Users/runner/work/Pitch-Curve/Pitch-Curve/build/build/Contour.build/Release/Objects-normal/x86_64/PitchDetector.o /Users/runner/work/Pitch-Curve/Pitch-Curve/Source/PitchDetector.cpp normal x86_64 c++ com.apple.compilers.llvm.clang.1_0.compiler (in target 'Contour' from project 'Contour')
    cd /Users/runner/work/Pitch-Curve/Pitch-Curve
    
    Using response file: /Users/runner/work/Pitch-Curve/Pitch-Curve/build/build/Contour.build/Release/Objects-normal/x86_64/82b82416624d2658e5098eb0a28c15c5-common-args.resp
    
    /Applications/Xcode_16.4.app/Contents/Developer/Toolchains/XcodeDefault.xctoolchain/usr/bin/clang -x c++ -ivfsstatcache /var/folders/nj/vtw8zd2j31d1gdrtntc5y4600000gn/C/com.apple.DeveloperTools/16.4-16F6/Xcode/SDKStatCaches.noindex/macosx15.5-24F74-a403186ba963133a54a0e0cacd566b0b.sdkstatcache -fmessage-length\=0 -fdiagnostics-show-note-include-stack -fmacro-backtrace-limit\=0 -fno-color-diagnostics -Wno-trigraphs -Wno-missing-field-initializers -Wno-missing-prototypes -Wno-return-type -Wno-non-virtual-dtor -Wno-overloaded-virtual -Wno-exit-time-destructors -Wno-missing-braces -Wparentheses -Wswitch -Wno-unused-function -Wno-unused-label -Wno-unused-parameter -Wno-unused-variable -Wunused-value -Wno-empty-body -Wno-uninitialized -Wno-unknown-pragmas -Wno-shadow -Wno-four-char-constants -Wno-conversion -Wno-constant-conversion -Wno-int-conversion -Wno-bool-conversion -Wno-enum-conversion -Wno-float-conversion -Wno-non-literal-null-conversion -Wno-objc-literal-conversion -Wshorten-64-to-32 -Wno-newline-eof -Wno-c++11-extensions -Wno-implicit-fallthrough -fstrict-aliasing -Wdeprecated-declarations -Winvalid-offsetof -Wno-sign-conversion -Wno-infinite-recursion -Wno-move -Wno-comma -Wno-block-capture-autoreleasing -Wno-strict-prototypes -Wno-range-loop-analysis -Wno-semicolon-before-method-body -flto -Wall -Wshadow-all -Wshorten-64-to-32 -Wstrict-aliasing -Wuninitialized -Wunused-parameter -Wconversion -Wsign-compare -Wint-conversion -Wconditional-uninitialized -Wconstant-conversion -Wsign-conversion -Wbool-conversion -Wextra-semi -Wunreachable-code -Wcast-align -Wshift-sign-overflow -Wmissing-prototypes -Wnullable-to-nonnull-conversion -Wno-ignored-qualifiers -Wswitch-enum -Wpedantic -Wdeprecated -Wfloat-equal -Wmissing-field-initializers -Wzero-as-null-pointer-constant -Wunused-private-field -Woverloaded-virtual -Wreorder -Winconsistent-missing-destructor-override @/Users/runner/work/Pitch-Curve/Pitch-Curve/build/build/Contour.build/Release/Objects-normal/x86_64/82b82416624d2658e5098eb0a28c15c5-common-args.resp -MMD -MT dependencies -MF /Users/runner/work/Pitch-Curve/Pitch-Curve/build/build/Contour.build/Release/Objects-normal/x86_64/PitchDetector.d --serialize-diagnostics /Users/runner/work/Pitch-Curve/Pitch-Curve/build/build/Contour.build/Release/Objects-normal/x86_64/PitchDetector.dia -c /Users/runner/work/Pitch-Curve/Pitch-Curve/Source/PitchDetector.cpp -o /Users/runner/work/Pitch-Curve/Pitch-Curve/build/build/Contour.build/Release/Objects-normal/x86_64/PitchDetector.o

note: Run script build phase 'Generate CMakeFiles/ZERO_CHECK' will be run during every build because the option to run the script phase "Based on dependency analysis" is unchecked. (in target 'ZERO_CHECK' from project 'Contour')
note: Run script build phase 'CMake PostBuild Rules' will be run during every build because the option to run the script phase "Based on dependency analysis" is unchecked. (in target 'Contour_VST3' from project 'Contour')
note: Run script build phase 'CMake PostBuild Rules' will be run during every build because the option to run the script phase "Based on dependency analysis" is unchecked. (in target 'Contour_Standalone' from project 'Contour')
note: Run script build phase 'CMake PostBuild Rules' will be run during every build because the option to run the script phase "Based on dependency analysis" is unchecked. (in target 'Contour_AU' from project 'Contour')
note: Run script build phase 'Generate CMakeFiles/ALL_BUILD' will be run during every build because the option to run the script phase "Based on dependency analysis" is unchecked. (in target 'ALL_BUILD' from project 'Contour')
** BUILD FAILED **


The following build commands failed:
	CompileC /Users/runner/work/Pitch-Curve/Pitch-Curve/build/build/Contour.build/Release/Objects-normal/x86_64/PluginProcessor.o /Users/runner/work/Pitch-Curve/Pitch-Curve/Source/PluginProcessor.cpp normal x86_64 c++ com.apple.compilers.llvm.clang.1_0.compiler (in target 'Contour' from project 'Contour')
(1 failure)
